-- phpMyAdmin SQL Dump
-- version 4.7.9-dev
-- https://www.phpmyadmin.net/
--
-- Host: localhost
-- Czas generowania: 30 Sty 2019, 16:21
-- Wersja serwera: 10.0.36-MariaDB-0ubuntu0.16.04.1
-- Wersja PHP: 7.2.13-1+ubuntu16.04.1+deb.sury.org+1

SET SQL_MODE = "NO_AUTO_VALUE_ON_ZERO";
SET AUTOCOMMIT = 0;
START TRANSACTION;
SET time_zone = "+00:00";


/*!40101 SET @OLD_CHARACTER_SET_CLIENT=@@CHARACTER_SET_CLIENT */;
/*!40101 SET @OLD_CHARACTER_SET_RESULTS=@@CHARACTER_SET_RESULTS */;
/*!40101 SET @OLD_COLLATION_CONNECTION=@@COLLATION_CONNECTION */;
/*!40101 SET NAMES utf8mb4 */;

--
-- Baza danych: `gielda`
--

DELIMITER $$
--
-- Funkcje
--
CREATE DEFINER=`root`@`%` FUNCTION `dostepne_akcje_spolki` (`id_spolkix` INT) RETURNS FLOAT BEGIN

SET @dostepne_akcje_spolki=0;
SELECT ilosc_akcji_spolki(id_spolkix)-ilosc_kupionych_akcji_spolki(id_spolkix) INTO @dostepne_akcje_spolki;
RETURN @dostepne_akcje_spolki;

END$$

CREATE DEFINER=`root`@`%` FUNCTION `ilosc_akcji_spolki` (`id_spolkix` INT) RETURNS FLOAT READS SQL DATA
BEGIN

SET @ilosc_akcji=0;
SELECT notowania_gieldowe.ilosc_akcji FROM notowania_gieldowe WHERE notowania_gieldowe.id_spolki=id_spolkix INTO @ilosc_akcji;
SELECT IFNULL(@ilosc_akcji, 0) INTO @ilosc_akcji;
RETURN @ilosc_akcji;

END$$

CREATE DEFINER=`root`@`%` FUNCTION `ilosc_kupionych_akcji_spolki` (`id_spolkix` INT) RETURNS FLOAT BEGIN
SET @ilosc_kupionych_akcji=0;
SELECT SUM(uzytkownicy_akcje.ilosc) FROM uzytkownicy_akcje WHERE uzytkownicy_akcje.id_spolki=id_spolkix INTO @ilosc_kupionych_akcji;
SELECT IFNULL(@ilosc_kupionych_akcji, 0) INTO @ilosc_kupionych_akcji;
RETURN @ilosc_kupionych_akcji;
END$$

CREATE DEFINER=`root`@`%` FUNCTION `ilosc_kupionych_akcji_spolki_u` (`id_spolkix` INT, `user_id` INT) RETURNS FLOAT NO SQL
BEGIN
SET @ilosc_kupionych_akcji=0;
SELECT SUM(uzytkownicy_akcje.ilosc) FROM uzytkownicy_akcje WHERE uzytkownicy_akcje.id_spolki=id_spolkix && uzytkownicy_akcje.id_uzytkownika=user_id INTO @ilosc_kupionych_akcji;
SELECT IFNULL(@ilosc_kupionych_akcji, 0) INTO @ilosc_kupionych_akcji;
RETURN @ilosc_kupionych_akcji;
END$$

CREATE DEFINER=`root`@`%` FUNCTION `kalkulator_ceny_akcji` (`id_spolkix` INT, `iloscx` FLOAT) RETURNS FLOAT BEGIN

SET @cena=0;
IF iloscx<1 OR iloscx>dostepne_akcje_spolki(id_spolkix) THEN RETURN FALSE; END IF;

SET @procent=0.003;
SET @podstawowa_cena_akcji_spolki=(SELECT podstawowa_cena_akcji_spolki(id_spolkix));
SET @ilosc_wykupionych_akcji=((SELECT ilosc_kupionych_akcji_spolki(id_spolkix)));
SET @ilosc_po_kupnie=(iloscx+@ilosc_wykupionych_akcji);
SET @cena1=@podstawowa_cena_akcji_spolki*@ilosc_wykupionych_akcji*POW(1+@procent, @ilosc_wykupionych_akcji);
SET @cena2=@podstawowa_cena_akcji_spolki*@ilosc_po_kupnie*POW(1+@procent, @ilosc_po_kupnie);
SET @cena=@cena2-@cena1;
RETURN @cena;
END$$

CREATE DEFINER=`root`@`%` FUNCTION `kalkulator_ceny_spolki` (`id_spolkix` INT) RETURNS FLOAT NO SQL
BEGIN

SET @cena=0;

SET @procent=0.003;
SET @podstawowa_cena_akcji_spolki=(SELECT podstawowa_cena_akcji_spolki(id_spolkix));
SET @ilosc_akcji_spolki=ilosc_akcji_spolki(id_spolkix);
SET @cena=@podstawowa_cena_akcji_spolki*@ilosc_akcji_spolki*POW(1+@procent, @ilosc_akcji_spolki);

RETURN @cena;
END$$

CREATE DEFINER=`root`@`%` FUNCTION `kalkulator_ceny_sprzedazy_akcji` (`id_spolkix` INT, `iloscx` INT, `userid` INT) RETURNS FLOAT BEGIN

SET @cena=0;
IF iloscx<1 OR iloscx>ilosc_kupionych_akcji_spolki_u(id_spolkix, userid) THEN RETURN FALSE; END IF;

SET @procent=0.003;
SET @podstawowa_cena_akcji_spolki=(SELECT podstawowa_cena_akcji_spolki(id_spolkix));
SET @ilosc_wykupionych_akcji=((SELECT ilosc_kupionych_akcji_spolki(id_spolkix)));
SET @ilosc_po_sprzedazy=(@ilosc_wykupionych_akcji-iloscx);
SET @cena1=@podstawowa_cena_akcji_spolki*@ilosc_wykupionych_akcji*POW(1+@procent, @ilosc_wykupionych_akcji);
SET @cena2=@podstawowa_cena_akcji_spolki*@ilosc_po_sprzedazy*POW(1+@procent, @ilosc_po_sprzedazy);
SET @cena=@cena1-@cena2;
RETURN @cena;
END$$

CREATE DEFINER=`root`@`%` FUNCTION `podstawowa_cena_akcji_spolki` (`id_spolkix` INT) RETURNS FLOAT BEGIN

SET @cena_akcji=0;
SELECT notowania_gieldowe.cena FROM notowania_gieldowe WHERE notowania_gieldowe.id_spolki=id_spolkix INTO @cena_akcji;
SELECT IFNULL(@cena_akcji, 0) INTO @cena_akcji;
RETURN @cena_akcji;

END$$

DELIMITER ;

-- --------------------------------------------------------

--
-- Struktura tabeli dla tabeli `historia_logowan`
--

CREATE TABLE `historia_logowan` (
  `id` int(11) NOT NULL,
  `id_uzytkownika` int(11) NOT NULL,
  `czas` timestamp NOT NULL DEFAULT CURRENT_TIMESTAMP,
  `adres_ip` varchar(255) DEFAULT NULL,
  `przegladarka` text
) ENGINE=InnoDB DEFAULT CHARSET=utf8mb4;

--
-- Zrzut danych tabeli `historia_logowan`
--

INSERT INTO `historia_logowan` (`id`, `id_uzytkownika`, `czas`, `adres_ip`, `przegladarka`) VALUES
(1, 2, '2018-06-11 18:22:16', '37.248.153.60', 'Mozilla/5.0 (Windows NT 10.0; Win64; x64) AppleWebKit/537.36 (KHTML, like Gecko) Chrome/66.0.3359.181 Safari/537.36'),
(2, 1, '2018-06-12 11:25:26', '37.47.88.145', 'Mozilla/5.0 (Windows NT 10.0; Win64; x64) AppleWebKit/537.36 (KHTML, like Gecko) Chrome/67.0.3396.79 Safari/537.36'),
(3, 2, '2018-06-12 15:12:41', '37.47.87.108', 'Mozilla/5.0 (Windows NT 10.0; Win64; x64) AppleWebKit/537.36 (KHTML, like Gecko) Chrome/67.0.3396.79 Safari/537.36'),
(4, 1, '2018-06-12 17:28:54', '37.47.87.108', 'Mozilla/5.0 (Windows NT 10.0; Win64; x64) AppleWebKit/537.36 (KHTML, like Gecko) Chrome/67.0.3396.79 Safari/537.36'),
(5, 1, '2018-06-23 07:28:51', '83.22.248.54', 'Mozilla/5.0 (Windows NT 10.0; Win64; x64) AppleWebKit/537.36 (KHTML, like Gecko) Chrome/67.0.3396.87 Safari/537.36'),
(6, 1, '2018-06-30 11:31:58', '31.0.127.38', 'Mozilla/5.0 (Windows NT 10.0; Win64; x64) AppleWebKit/537.36 (KHTML, like Gecko) Chrome/67.0.3396.99 Safari/537.36'),
(7, 1, '2018-07-07 15:46:16', '31.0.122.187', 'Mozilla/5.0 (Windows NT 10.0; Win64; x64) AppleWebKit/537.36 (KHTML, like Gecko) Chrome/67.0.3396.99 Safari/537.36'),
(8, 1, '2018-07-28 08:46:59', '5.172.237.36', 'Mozilla/5.0 (Windows NT 10.0; Win64; x64) AppleWebKit/537.36 (KHTML, like Gecko) Chrome/67.0.3396.99 Safari/537.36'),
(9, 1, '2018-08-17 14:35:17', '5.172.235.197', 'Mozilla/5.0 (Windows NT 10.0; Win64; x64) AppleWebKit/537.36 (KHTML, like Gecko) Chrome/68.0.3440.106 Safari/537.36'),
(10, 1, '2018-10-11 16:45:43', '37.47.116.193', 'Mozilla/5.0 (Windows NT 10.0; Win64; x64) AppleWebKit/537.36 (KHTML, like Gecko) Chrome/69.0.3497.100 Safari/537.36'),
(11, 4, '2018-10-11 16:45:52', '37.47.116.193', 'Mozilla/5.0 (Windows NT 10.0; Win64; x64) AppleWebKit/537.36 (KHTML, like Gecko) Chrome/69.0.3497.100 Safari/537.36'),
(12, 1, '2018-10-11 16:46:06', '37.47.116.193', 'Mozilla/5.0 (Windows NT 10.0; Win64; x64) AppleWebKit/537.36 (KHTML, like Gecko) Chrome/69.0.3497.100 Safari/537.36'),
(13, 1, '2018-10-12 09:12:48', '37.47.80.52', 'Mozilla/5.0 (Linux; Android 8.0.0; F5121 Build/34.4.A.2.118; wv) AppleWebKit/537.36 (KHTML, like Gecko) Version/4.0 Chrome/69.0.3497.100 Mobile Safari/537.36'),
(14, 4, '2018-10-18 15:52:54', '37.47.118.0', 'Mozilla/5.0 (Windows NT 10.0; Win64; x64) AppleWebKit/537.36 (KHTML, like Gecko) Chrome/69.0.3497.100 Safari/537.36'),
(15, 1, '2018-11-17 11:54:40', '37.47.82.155', 'Mozilla/5.0 (Windows NT 10.0; Win64; x64) AppleWebKit/537.36 (KHTML, like Gecko) Chrome/70.0.3538.102 Safari/537.36'),
(16, 1, '2018-11-21 13:40:52', '37.47.121.88', 'Mozilla/5.0 (Linux; Android 8.0.0; F5121) AppleWebKit/537.36 (KHTML, like Gecko) Chrome/70.0.3538.80 Mobile Safari/537.36'),
(17, 1, '2018-11-21 13:43:06', '37.47.121.88', 'Mozilla/5.0 (Linux; Android 8.0.0; F5121) AppleWebKit/537.36 (KHTML, like Gecko) Chrome/70.0.3538.80 Mobile Safari/537.36'),
(18, 1, '2018-11-21 13:43:12', '80.55.11.233', 'Mozilla/5.0 (Windows NT 6.1; Win64; x64) AppleWebKit/537.36 (KHTML, like Gecko) Chrome/70.0.3538.102 Safari/537.36'),
(19, 1, '2018-11-30 08:56:51', '37.47.73.161', 'Mozilla/5.0 (iPhone; CPU iPhone OS 10_3_3 like Mac OS X) AppleWebKit/603.1.30 (KHTML, like Gecko) CriOS/70.0.3538.75 Mobile/14G60 Safari/602.1'),
(20, 1, '2019-01-23 11:25:47', '37.248.159.202', 'Mozilla/5.0 (Windows NT 10.0; Win64; x64) AppleWebKit/537.36 (KHTML, like Gecko) Chrome/71.0.3578.98 Safari/537.36');

-- --------------------------------------------------------

--
-- Struktura tabeli dla tabeli `historia_transakcji`
--

CREATE TABLE `historia_transakcji` (
  `id` int(11) NOT NULL,
  `id_uzytkownika` int(11) NOT NULL,
  `typ_transakcji` int(11) NOT NULL,
  `id_transakcji` varchar(255) NOT NULL,
  `czy_zaakceptowano` int(11) NOT NULL
) ENGINE=InnoDB DEFAULT CHARSET=utf8mb4;

--
-- Zrzut danych tabeli `historia_transakcji`
--

INSERT INTO `historia_transakcji` (`id`, `id_uzytkownika`, `typ_transakcji`, `id_transakcji`, `czy_zaakceptowano`) VALUES
(8, 1, 2, '15482427995c484f6f1fe300.25171670', 1),
(9, 1, 2, '15482428075c484f773fbc45.86379487', 1),
(10, 1, 2, '15482429415c484ffd9d7da9.84016572', 1);

-- --------------------------------------------------------

--
-- Struktura tabeli dla tabeli `historia_transakcji_akcje`
--

CREATE TABLE `historia_transakcji_akcje` (
  `id` int(11) NOT NULL,
  `id_uzytkownika` int(11) NOT NULL,
  `id_spolki` int(11) NOT NULL,
  `cena_kupna` double DEFAULT NULL,
  `czas` datetime NOT NULL DEFAULT CURRENT_TIMESTAMP,
  `ilosc` double NOT NULL
) ENGINE=InnoDB DEFAULT CHARSET=utf8mb4;

--
-- Zrzut danych tabeli `historia_transakcji_akcje`
--

INSERT INTO `historia_transakcji_akcje` (`id`, `id_uzytkownika`, `id_spolki`, `cena_kupna`, `czas`, `ilosc`) VALUES
(1, 11566, 10, 5299, '2018-06-11 20:27:36', 236.9249267578125),
(2, 11545, 7, 1157, '2018-06-11 20:27:36', 865.625),
(3, 11577, 2, 2734, '2018-06-11 20:27:36', 166.1999969482422),
(4, 29, 4, 1863, '2018-06-11 20:27:36', 464),
(5, 11609, 9, 4693, '2018-06-11 20:27:36', 34.41922378540039),
(6, 11608, 6, 2386, '2018-06-11 20:27:36', 39.28499984741211),
(7, 11559, 1, 2814, '2018-06-11 20:27:36', 26.024999618530273),
(8, 11607, 5, 5930, '2018-06-11 20:27:36', 169.8083953857422),
(9, 11640, 8, 4991, '2018-06-11 20:27:36', 64.3131103515625),
(10, 11571, 3, 2883, '2018-06-11 20:27:36', 22.46299934387207),
(11, 35, 10, 5546, '2018-06-11 20:27:36', 110.89229583740234),
(12, 11545, 7, 972, '2018-06-11 20:27:36', -402.6499938964844),
(13, 11577, 2, 287, '2018-06-11 20:27:36', -12.135406494140625),
(14, 11577, 4, 2540, '2018-06-11 20:27:36', 178.5019989013672),
(15, 11564, 9, 4691, '2018-06-11 20:27:36', 28.72972297668457),
(16, 44, 6, 746, '2018-06-11 20:27:36', 10.65365982055664),
(17, 11637, 1, 4639, '2018-06-11 20:27:36', 35.88157272338867),
(18, 11607, 5, 4631, '2018-06-11 20:27:36', -116.80905532836914),
(19, 11576, 8, 9397, '2018-06-11 20:27:36', 81.10626983642578),
(20, 11571, 3, 2585, '2018-06-11 20:27:36', -20.205864906311035),
(21, 11615, 10, 3375, '2018-06-11 20:27:36', 47.6156005859375),
(22, 11594, 7, 3230, '2018-06-11 20:27:36', 673.119140625),
(23, 11638, 2, 2305, '2018-06-11 20:27:36', 80.87142944335938),
(24, 29, 4, 3865, '2018-06-11 20:27:36', -389.8320007324219),
(25, 11579, 9, 4803, '2018-06-11 20:27:36', 25.34031105041504),
(26, 11612, 6, 178, '2018-06-11 20:27:36', 2.458329200744629),
(27, 11632, 1, 1962, '2018-06-11 20:27:36', 13.252704620361328),
(28, 11607, 5, 358, '2018-06-11 20:27:36', -13.1368408203125),
(29, 11564, 8, 552, '2018-06-11 20:27:36', 3.8479490280151367),
(30, 11611, 3, 3008, '2018-06-11 20:27:36', 23.080446243286133),
(31, 11596, 10, 8021, '2018-06-11 20:27:36', 84.59786987304688),
(32, 46, 7, 7996, '2018-06-11 20:27:36', 319.91741943359375),
(33, 16, 2, 3181, '2018-06-11 20:27:36', 76.774169921875),
(34, 36, 4, 6333, '2018-06-11 20:27:36', 490.0470275878906),
(35, 25, 9, 5375, '2018-06-11 20:27:36', 24.791458129882812),
(36, 11612, 6, 145, '2018-06-11 20:27:36', -2.4700813395902514),
(37, 11575, 1, 160, '2018-06-11 20:27:36', 1.0408262014389038),
(38, 39, 5, 3390, '2018-06-11 20:27:36', 97.06137084960938),
(39, 11564, 8, 431, '2018-06-11 20:27:36', -3.2356589436531067),
(40, 11571, 3, 277, '2018-06-11 20:27:36', -2.458105981349945),
(41, 11613, 10, 7976, '2018-06-11 20:27:36', 61.85364532470703),
(42, 11594, 7, 1535, '2018-06-11 20:27:36', 34.3460693359375),
(43, 16, 2, 1633, '2018-06-11 20:27:36', -36.08580780029297),
(44, 11638, 4, 3916, '2018-06-11 20:27:36', 106.02481842041016),
(45, 25, 9, 2472, '2018-06-11 20:27:36', -10.619101524353027),
(46, 11552, 6, 269, '2018-06-11 20:27:36', 3.6906299591064453),
(47, 11607, 5, 685, '2018-06-11 20:27:36', -15.509950637817383),
(48, 11640, 8, 7035, '2018-06-11 20:27:36', -57.20964956283569),
(49, 11581, 3, 1447, '2018-06-11 20:27:36', 10.228511810302734),
(50, 11613, 10, 5760, '2018-06-11 20:27:36', -43.24600791931152),
(51, 11628, 7, 5041, '2018-06-11 20:27:36', 90.16902923583984),
(52, 11565, 2, 6258, '2018-06-11 20:27:36', 114.48756408691406),
(53, 11638, 4, 179, '2018-06-11 20:27:36', -3.9686965942382812),
(54, 25, 9, 2130, '2018-06-11 20:27:36', -10.4671630859375),
(55, 11603, 1, 404, '2018-06-11 20:27:36', 2.5965685844421387),
(56, 11636, 5, 5029, '2018-06-11 20:27:36', 95.10404205322266),
(57, 7, 8, 4951, '2018-06-11 20:27:36', 41.8415641784668),
(58, 37, 3, 221, '2018-06-11 20:27:36', 1.5109620094299316),
(59, 11615, 10, 1838, '2018-06-11 20:27:36', 14.590553283691406),
(60, 11628, 7, 3263, '2018-06-11 20:27:36', -55.01123046875),
(61, 11556, 2, 7268, '2018-06-11 20:27:36', 85.99421691894531),
(62, 11594, 4, 817, '2018-06-11 20:27:37', 17.809776306152344),
(63, 25, 9, 412, '2018-06-11 20:27:37', -1.7447432279586792),
(64, 11603, 1, 311, '2018-06-11 20:27:37', -2.396954655647278),
(65, 35, 5, 620, '2018-06-11 20:27:37', 9.162843704223633),
(66, 7, 8, 3432, '2018-06-11 20:27:37', -27.82046604156494),
(67, 25, 10, 4925, '2018-06-11 20:27:37', 35.21428298950195),
(68, 11573, 7, 2679, '2018-06-11 20:27:37', 45.909881591796875),
(69, 11556, 2, 3022, '2018-06-11 20:27:37', -31.613933563232422),
(70, 11594, 4, 142, '2018-06-11 20:27:37', -3.172795295715332),
(71, 11570, 9, 2794, '2018-06-11 20:27:37', 13.158658027648926),
(72, 11567, 1, 3193, '2018-06-11 20:27:37', 19.597673416137695),
(73, 11582, 5, 684, '2018-06-11 20:27:37', 9.654945373535156),
(74, 11572, 8, 5879, '2018-06-11 20:27:37', 45.70417022705078),
(75, 11594, 10, 458, '2018-06-11 20:27:37', 3.0294406414031982),
(76, 11573, 7, 1043, '2018-06-11 20:27:37', -17.29801368713379),
(77, 11556, 2, 1447, '2018-06-11 20:27:37', -17.314090728759766),
(78, 11576, 4, 283, '2018-06-11 20:27:37', 5.969947814941406),
(79, 11570, 9, 2556, '2018-06-11 20:27:37', -11.763816595077515),
(80, 11582, 5, 358, '2018-06-11 20:27:37', -4.977839469909668),
(81, 11572, 8, 2217, '2018-06-11 20:27:37', -16.493722915649414),
(82, 48, 10, 5630, '2018-06-11 20:27:37', 34.43452453613281),
(83, 11573, 7, 584, '2018-06-11 20:27:37', -9.955524444580078),
(84, 11556, 2, 2449, '2018-06-11 20:27:37', -32.09854173660278),
(85, 18, 4, 2912, '2018-06-11 20:27:37', 54.57935333251953),
(86, 11614, 1, 632, '2018-06-11 20:27:37', 3.6451761722564697),
(87, 11639, 5, 3404, '2018-06-11 20:27:37', 43.346923828125),
(88, 11583, 8, 6698, '2018-06-11 20:27:37', 44.95110321044922),
(89, 11592, 10, 4567, '2018-06-11 20:27:37', 24.75998306274414),
(90, 43, 7, 6928, '2018-06-11 20:27:37', 100.57109069824219),
(91, 11633, 2, 9211, '2018-06-11 20:27:37', 102.71548461914062),
(92, 11594, 4, 466, '2018-06-11 20:27:37', -7.630560874938965),
(93, 11571, 9, 7048, '2018-06-11 20:27:37', 31.377111434936523),
(94, 11567, 1, 2844, '2018-06-11 20:27:37', -16.678159952163696),
(95, 11582, 5, 87, '2018-06-11 20:27:37', -1.3694915771484375),
(96, 11633, 8, 675, '2018-06-11 20:27:37', 4.0160722732543945),
(97, 11613, 10, 3185, '2018-06-11 20:27:37', -17.17000436782837),
(98, 11573, 7, 244, '2018-06-11 20:27:37', -2.7350358963012695),
(99, 11614, 2, 3313, '2018-06-11 20:27:37', 28.2050838470459),
(100, 11563, 4, 4723, '2018-06-11 20:27:37', 71.63640594482422),
(101, 37, 9, 5788, '2018-06-11 20:27:37', 22.418174743652344),
(102, 11552, 1, 817, '2018-06-11 20:27:37', 5.032313823699951),
(103, 11583, 8, 672, '2018-06-11 20:27:37', -3.562213897705078),
(104, 11613, 10, 180, '2018-06-12 13:27:16', -1.2817754745483398),
(105, 11573, 7, 401, '2018-06-12 13:27:16', -5.378357887268066),
(106, 11629, 2, 3218, '2018-06-12 13:27:16', 24.550228118896484),
(107, 11594, 4, 446, '2018-06-12 13:27:16', -6.072648108005524),
(108, 11558, 9, 477, '2018-06-12 13:27:16', 1.7360656261444092),
(109, 46, 1, 1296, '2018-06-12 13:27:16', 7.7193098068237305),
(110, 11575, 5, 1305, '2018-06-12 13:27:16', 14.626259803771973),
(111, 11583, 8, 4790, '2018-06-12 13:27:16', -30.675841331481934),
(112, 25, 10, 536, '2018-06-12 13:27:16', -3.1480712890625),
(113, 11611, 7, 3266, '2018-06-12 13:27:16', 38.40398025512695),
(114, 11599, 2, 4744, '2018-06-12 13:27:16', 32.19182586669922),
(115, 11576, 4, 73, '2018-06-12 13:27:16', -1.0477595329284668),
(116, 11602, 9, 6765, '2018-06-12 13:27:16', 23.135412216186523),
(117, 34, 5, 2160, '2018-06-12 13:27:16', 22.237850189208984),
(118, 11617, 8, 8563, '2018-06-12 13:27:16', 52.37106704711914),
(119, 11564, 10, 710, '2018-06-12 13:27:16', 3.9644505977630615),
(120, 11573, 7, 893, '2018-06-12 13:27:16', -9.866578876972198),
(121, 11624, 2, 4030, '2018-06-12 13:27:16', 24.36785316467285),
(122, 11597, 4, 5459, '2018-06-12 13:27:16', 65.7280502319336),
(123, 49, 9, 5056, '2018-06-12 13:27:16', 15.69785213470459),
(124, 11582, 5, 304, '2018-06-12 13:27:16', -3.4211705178022385),
(125, 2, 8, 3079, '2018-06-12 13:27:16', 15.95993709564209),
(126, 37, 3, 146, '2018-06-12 13:27:16', -1.0090657472610474),
(127, 11569, 10, 5984, '2018-06-12 13:27:16', 31.1091365814209),
(128, 43, 7, 4609, '2018-06-12 13:27:16', -58.02375793457031),
(129, 11556, 2, 518, '2018-06-12 13:27:17', -3.309957265853882),
(130, 11604, 4, 6414, '2018-06-12 13:27:17', 61.02246856689453),
(131, 11581, 9, 4906, '2018-06-12 13:27:17', 14.156407356262207),
(132, 34, 1, 178, '2018-06-12 13:27:17', 1.0358630418777466),
(133, 11639, 5, 3422, '2018-06-12 13:27:17', -36.71784543991089),
(134, 11558, 8, 3592, '2018-06-12 13:27:17', 17.191688537597656),
(135, 11611, 3, 1281, '2018-06-12 13:27:17', -8.82425594329834),
(136, 25, 10, 2006, '2018-06-12 13:27:17', -10.299198150634766),
(137, 43, 7, 1583, '2018-06-12 13:27:17', -22.95440673828125),
(138, 11556, 2, 171, '2018-06-12 13:27:17', -1.0298384428024292),
(139, 11613, 4, 9856, '2018-06-12 13:27:17', 73.14512634277344),
(140, 11581, 9, 2469, '2018-06-12 13:27:17', -7.384536266326904),
(141, 11567, 1, 343, '2018-06-12 13:27:17', -2.418881833553314),
(142, 11611, 5, 726, '2018-06-12 13:27:17', 8.383779525756836),
(143, 25, 10, 779, '2018-06-12 13:27:17', -4.308584213256836),
(144, 11604, 7, 2578, '2018-06-12 13:27:17', 36.540714263916016),
(145, 11633, 2, 11766, '2018-06-12 13:27:17', -80.91226959228516),
(146, 11602, 4, 1727, '2018-06-12 13:27:17', 11.015288352966309),
(147, 11581, 9, 689, '2018-06-12 13:27:17', -2.3611459732055664),
(148, 11552, 6, 219, '2018-06-12 13:27:17', -2.904365062713623),
(149, 11577, 5, 424, '2018-06-12 13:27:17', 4.753345966339111),
(150, 11638, 8, 1975, '2018-06-12 13:27:17', 8.882707595825195),
(151, 11637, 10, 1403, '2018-06-12 13:27:17', 7.162863731384277),
(152, 43, 7, 1240, '2018-06-12 13:27:17', -16.615541219711304),
(153, 31, 2, 5720, '2018-06-12 13:27:17', 42.72198486328125),
(154, 11602, 4, 949, '2018-06-12 13:27:17', -6.2102370262146),
(155, 11624, 6, 205, '2018-06-12 13:27:17', 2.805635690689087),
(156, 50, 5, 402, '2018-06-12 13:27:17', 4.41015625),
(157, 48, 8, 429, '2018-06-12 13:27:17', 1.8826428651809692),
(158, 11568, 3, 1334, '2018-06-12 13:27:17', 9.35432243347168),
(159, 11568, 10, 6176, '2018-06-12 13:27:17', 29.28652572631836),
(160, 43, 7, 141, '2018-06-12 13:27:17', -1.583566427230835),
(161, 11633, 2, 435, '2018-06-12 13:27:17', -3.0058937072753906),
(162, 50, 4, 3979, '2018-06-12 13:27:17', 24.33342170715332),
(163, 11581, 9, 341, '2018-06-12 13:27:17', -1.4190194606781006),
(164, 11614, 1, 338, '2018-06-12 13:27:17', -1.8894239664077759),
(165, 11567, 5, 1038, '2018-06-12 13:27:17', 10.985849380493164),
(166, 11556, 8, 9456, '2018-06-12 13:27:17', 37.73429489135742),
(167, 11568, 3, 864, '2018-06-12 13:27:17', -6.25712776184082),
(168, 25, 10, 3287, '2018-06-12 13:27:17', 14.286674499511719),
(169, 43, 7, 70, '2018-06-12 13:27:17', -1.4515976794064045),
(170, 11621, 2, 4888, '2018-06-12 13:27:17', 31.731075286865234),
(171, 11602, 4, 341, '2018-06-12 13:27:17', -1.53816556930542),
(172, 11585, 1, 367, '2018-06-12 13:27:17', 2.1671788692474365),
(173, 11564, 5, 145, '2018-06-12 13:27:17', 1.4906431436538696),
(174, 31, 8, 3224, '2018-06-12 13:27:17', 11.487481117248535),
(175, 11591, 3, 357, '2018-06-12 13:27:17', 2.5109403133392334),
(176, 50, 10, 1712, '2018-06-12 13:27:17', 7.13111686706543),
(177, 11642, 7, 4138, '2018-06-12 13:27:17', 53.61972427368164),
(178, 11633, 2, 6713, '2018-06-12 13:27:17', 37.817535400390625),
(179, 11546, 4, 4177, '2018-06-12 13:27:17', 23.54556655883789),
(180, 11554, 9, 3708, '2018-06-12 13:27:17', 10.636190414428711),
(181, 11567, 5, 387, '2018-06-12 13:27:17', -3.724478244781494),
(182, 11591, 3, 143, '2018-06-12 13:27:17', -1.2360283136367798),
(183, 11571, 10, 2386, '2018-06-12 13:27:17', 9.60745906829834),
(184, 11611, 7, 2258, '2018-06-12 13:27:17', -28.30524444580078),
(185, 11621, 2, 3324, '2018-06-12 13:27:17', -17.595365524291992),
(186, 11602, 4, 369, '2018-06-12 13:27:17', -2.097675085067749),
(187, 11602, 1, 574, '2018-06-12 13:27:17', 3.3386318683624268),
(188, 11602, 5, 1622, '2018-06-12 13:27:17', 16.29344367980957),
(189, 41, 8, 3985, '2018-06-12 13:27:17', 13.410415649414062),
(190, 11569, 10, 305, '2018-06-12 13:27:17', 1.2033100128173828),
(191, 11611, 7, 229, '2018-06-12 13:27:17', -3.292405128479004),
(192, 11562, 2, 5135, '2018-06-12 13:27:17', 27.246322631835938),
(193, 11602, 4, 183, '2018-06-12 13:27:17', -1.3881777226924896),
(194, 11575, 1, 228, '2018-06-12 13:27:17', 1.3076664209365845),
(195, 11567, 5, 611, '2018-06-12 13:27:17', -5.560140371322632),
(196, 32, 8, 3858, '2018-06-12 13:27:17', 12.245630264282227),
(197, 11593, 10, 4279, '2018-06-12 13:27:17', 16.287616729736328),
(198, 11611, 7, 376, '2018-06-12 13:27:17', -5.437727212905884),
(199, 11593, 2, 1861, '2018-06-12 13:27:17', 9.180477142333984),
(200, 50, 4, 1441, '2018-06-12 13:27:17', -7.545684814453125),
(201, 11573, 5, 1018, '2018-06-12 13:27:17', 9.888218879699707),
(202, 11558, 8, 1211, '2018-06-12 13:27:17', 3.706949234008789),
(203, 11591, 3, 142, '2018-06-12 13:27:17', -1.2843049298971891),
(204, 11637, 10, 809, '2018-06-12 13:27:17', -3.0199265480041504),
(205, 48, 7, 169, '2018-06-12 13:27:17', 2.2592990398406982),
(206, 11621, 2, 1224, '2018-06-12 13:27:17', -6.371565818786621),
(207, 11589, 4, 4171, '2018-06-12 13:27:17', 22.506811141967773),
(208, 11597, 5, 820, '2018-06-12 13:27:17', 7.646668434143066),
(209, 11637, 10, 1064, '2018-06-12 13:27:36', -3.5934804677963257),
(210, 11578, 7, 4552, '2018-06-12 13:27:36', 55.069786071777344),
(211, 11621, 2, 1193, '2018-06-12 13:27:36', -6.489246964454651),
(212, 47, 4, 6565, '2018-06-12 13:27:36', 32.07215118408203),
(213, 11568, 3, 420, '2018-06-12 13:27:36', -2.5331090688705444),
(214, 11546, 10, 1264, '2018-06-12 13:27:36', 4.737991809844971),
(215, 11565, 7, 118, '2018-06-12 13:27:36', 1.3004778623580933),
(216, 11630, 2, 3445, '2018-06-12 13:27:36', 16.974960327148438),
(217, 11587, 9, 5303, '2018-06-12 13:27:37', 14.313885688781738),
(218, 11624, 6, 73, '2018-06-12 13:27:37', -1.3198429346084595),
(219, 11611, 3, 1873, '2018-06-12 13:27:37', -14.315290801227093),
(220, 38, 10, 9020, '2018-06-12 13:27:37', 31.449783325195312),
(221, 11554, 2, 1577, '2018-06-12 13:27:37', 7.400776386260986),
(222, 50, 4, 2546, '2018-06-12 13:27:37', -12.382060527801514),
(223, 45, 9, 4019, '2018-06-12 13:27:37', 10.224119186401367),
(224, 11543, 8, 4616, '2018-06-12 13:27:37', 13.589451789855957),
(225, 11581, 3, 1001, '2018-06-12 13:27:37', -8.098578929901123),
(226, 2, 10, 2935, '2018-06-12 13:27:37', 9.445843696594238),
(227, 11579, 7, 855, '2018-06-12 13:27:37', 9.21304702758789),
(228, 11559, 2, 2082, '2018-06-12 13:27:37', 9.448186874389648),
(229, 50, 4, 413, '2018-06-12 13:27:37', -2.035334825515747),
(230, 11588, 9, 3799, '2018-06-12 13:27:37', 9.225266456604004),
(231, 11625, 8, 3291, '2018-06-12 13:27:37', 9.205496788024902),
(232, 11581, 3, 243, '2018-06-12 13:27:37', -2.35037562251091),
(233, 11568, 10, 3408, '2018-06-12 13:27:37', -11.455280303955078),
(234, 7, 7, 2662, '2018-06-12 13:27:37', 26.92607307434082),
(235, 11621, 2, 224, '2018-06-12 13:27:37', -1.186135396361351),
(236, 50, 4, 205, '2018-06-12 13:27:37', -1.0379254817962646),
(237, 11553, 9, 5435, '2018-06-12 13:27:37', 12.533113479614258),
(238, 11624, 6, 73, '2018-06-12 13:27:37', -1.304586946964264),
(239, 4, 8, 7387, '2018-06-12 13:27:37', 19.38289451599121),
(240, 11544, 3, 915, '2018-06-12 13:27:37', 7.428683280944824),
(241, 11568, 10, 4121, '2018-06-12 13:27:37', -13.927619934082031),
(242, 11579, 7, 817, '2018-06-12 13:27:37', -8.425718307495117),
(243, 50, 4, 205, '2018-06-12 13:27:37', -1.1572255641222),
(244, 1, 9, 4949, '2018-06-12 13:27:37', 10.79949951171875),
(245, 11642, 6, 165, '2018-06-12 13:27:37', 2.2584078311920166),
(246, 11598, 8, 4852, '2018-06-12 13:27:37', 11.879728317260742),
(247, 11615, 3, 154, '2018-06-12 13:27:37', 1.2174854278564453),
(248, 11560, 10, 5607, '2018-06-12 13:27:37', 18.858165740966797),
(249, 41, 7, 1553, '2018-06-12 13:27:37', 15.03957462310791),
(250, 11562, 2, 1325, '2018-06-12 13:27:37', -6.122304916381836),
(251, 42, 4, 5782, '2018-06-12 13:27:37', 26.96316146850586),
(252, 44, 8, 3117, '2018-06-12 13:27:37', 7.315808296203613),
(253, 11544, 3, 869, '2018-06-12 13:27:37', -6.972658723592758),
(254, 11568, 10, 308, '2018-06-12 13:27:37', -1.0741689205169678),
(255, 11621, 7, 5931, '2018-06-12 13:27:37', 51.136810302734375),
(256, 11562, 2, 1080, '2018-06-12 13:27:37', -5.140303611755371),
(257, 40, 4, 6413, '2018-06-12 13:27:37', 27.121824264526367),
(258, 11587, 9, 524, '2018-06-12 13:27:37', 1.1127643585205078),
(259, 11642, 6, 146, '2018-06-12 13:27:37', -1.6955902576446533),
(260, 26, 8, 4359, '2018-06-12 13:27:37', 9.853103637695312),
(261, 11558, 3, 226, '2018-06-12 13:27:37', 1.8442578315734863),
(262, 11578, 10, 1313, '2018-06-12 13:27:37', 4.236968517303467),
(263, 11622, 7, 3307, '2018-06-12 13:27:37', 25.00831413269043),
(264, 11599, 2, 3671, '2018-06-12 13:27:37', 16.615509033203125),
(265, 11591, 4, 6577, '2018-06-12 13:27:37', 25.306020736694336),
(266, 11581, 9, 940, '2018-06-12 13:27:37', -1.9124715328216553),
(267, 11621, 8, 798, '2018-06-12 13:27:37', 1.7597945928573608),
(268, 1, 10, 451, '2018-06-12 13:27:37', 1.439401626586914),
(269, 7, 7, 1089, '2018-06-12 13:27:37', -8.296972274780273),
(270, 11562, 2, 2893, '2018-06-12 13:27:37', -13.115644693374634),
(271, 11596, 4, 1058, '2018-06-12 13:27:37', 3.8657538890838623),
(272, 11631, 8, 3973, '2018-06-12 13:27:37', 8.560914993286133),
(273, 11615, 3, 123, '2018-06-12 13:27:37', -1.4261215031147003),
(274, 11548, 10, 5576, '2018-06-12 13:27:37', 17.158159255981445),
(275, 11543, 7, 957, '2018-06-12 13:27:37', 7.049476146697998),
(276, 11581, 2, 3913, '2018-06-12 13:27:37', 17.43820571899414),
(277, 11599, 4, 955, '2018-06-12 13:27:37', 3.441929817199707),
(278, 11624, 9, 1347, '2018-06-12 13:27:37', 2.8573808670043945),
(279, 11624, 6, 100, '2018-06-12 13:27:37', 1.3761659264564514),
(280, 11610, 8, 6251, '2018-06-12 13:27:37', 12.856422424316406),
(281, 11587, 7, 303, '2018-06-12 13:27:37', 2.196209669113159),
(282, 11562, 2, 463, '2018-06-12 13:27:37', -2.092734694480896),
(283, 11546, 4, 2472, '2018-06-12 13:27:37', -9.02904987335205),
(284, 4, 9, 2397, '2018-06-12 13:27:37', 4.992529392242432),
(285, 11581, 8, 1294, '2018-06-12 13:27:37', 2.574892282485962),
(286, 11558, 3, 122, '2018-06-12 13:27:37', -1.1881145238876343),
(287, 11615, 7, 438, '2018-06-12 13:27:37', 3.1461918354034424),
(288, 18, 2, 2502, '2018-06-12 13:27:37', 10.632509231567383),
(289, 43, 4, 6836, '2018-06-12 13:27:37', 24.214853286743164),
(290, 11557, 3, 2913, '2018-06-12 13:27:37', 22.49888801574707),
(291, 7, 7, 556, '2018-06-12 13:27:37', -4.315979957580566),
(292, 11593, 2, 717, '2018-06-12 13:27:37', -3.1482324600219727),
(293, 11604, 4, 591, '2018-06-12 13:27:37', 1.9987602233886719),
(294, 11581, 9, 485, '2018-06-12 13:27:37', -1.0259015187621117),
(295, 11624, 6, 73, '2018-06-12 13:27:37', -1.4485225602984428),
(296, 11546, 8, 3245, '2018-06-12 13:27:37', 6.332302093505859),
(297, 11557, 3, 411, '2018-06-12 13:27:37', -2.8224105834960938),
(298, 11568, 10, 669, '2018-06-12 13:27:37', -1.6224812269210815),
(299, 7, 7, 548, '2018-06-12 13:27:37', -3.919872283935547),
(300, 11593, 2, 1407, '2018-06-12 13:27:37', -6.229952082037926),
(301, 11543, 6, 139, '2018-06-12 13:27:37', 1.8980845212936401),
(302, 11567, 5, 109, '2018-06-12 13:27:37', -1.4321124255657196),
(303, 11625, 8, 1964, '2018-06-12 13:27:37', 3.749444007873535),
(304, 11580, 3, 1283, '2018-06-12 13:27:37', 9.188206672668457),
(305, 11563, 7, 1620, '2018-06-12 13:27:37', 11.667108535766602),
(306, 11630, 2, 1146, '2018-06-12 13:27:37', -5.294674873352051),
(307, 11607, 4, 3071, '2018-06-12 13:27:37', 10.156898498535156),
(308, 11554, 9, 2860, '2018-06-12 13:27:37', -5.679927825927734),
(309, 11631, 8, 2094, '2018-06-12 13:27:37', -4.407242298126221);

-- --------------------------------------------------------

--
-- Struktura tabeli dla tabeli `historia_transakcji_waluty`
--

CREATE TABLE `historia_transakcji_waluty` (
  `id` int(11) NOT NULL,
  `id_uzytkownika` int(11) NOT NULL,
  `id_waluty` int(11) NOT NULL,
  `czas` datetime NOT NULL DEFAULT CURRENT_TIMESTAMP,
  `ilosc` double NOT NULL
) ENGINE=InnoDB DEFAULT CHARSET=utf8mb4;

--
-- Zrzut danych tabeli `historia_transakcji_waluty`
--

INSERT INTO `historia_transakcji_waluty` (`id`, `id_uzytkownika`, `id_waluty`, `czas`, `ilosc`) VALUES
(1, 11546, 6, '2018-06-11 20:23:40', 0),
(2, 11546, 6, '2018-06-11 20:23:40', 10000),
(3, 11602, 6, '2018-06-11 20:23:40', 0),
(4, 11602, 6, '2018-06-11 20:23:40', 10000),
(5, 37, 6, '2018-06-11 20:23:40', 0),
(6, 37, 6, '2018-06-11 20:23:40', 10000),
(7, 11575, 6, '2018-06-11 20:23:40', 0),
(8, 11575, 6, '2018-06-11 20:23:40', 10000),
(9, 11600, 6, '2018-06-11 20:23:40', 0),
(10, 11600, 6, '2018-06-11 20:23:40', 10000),
(11, 11604, 6, '2018-06-11 20:23:40', 0),
(12, 11604, 6, '2018-06-11 20:23:40', 10000),
(13, 11563, 6, '2018-06-11 20:23:40', 0),
(14, 11563, 6, '2018-06-11 20:23:40', 10000),
(15, 11591, 6, '2018-06-11 20:23:40', 0),
(16, 11591, 6, '2018-06-11 20:23:40', 10000),
(17, 11582, 6, '2018-06-11 20:23:40', 0),
(18, 11582, 6, '2018-06-11 20:23:40', 10000),
(19, 11544, 6, '2018-06-11 20:23:40', 0),
(20, 11544, 6, '2018-06-11 20:23:40', 10000),
(21, 11579, 6, '2018-06-11 20:23:40', 0),
(22, 11579, 6, '2018-06-11 20:23:40', 10000),
(23, 11608, 6, '2018-06-11 20:23:40', 0),
(24, 11608, 6, '2018-06-11 20:23:40', 10000),
(25, 41, 6, '2018-06-11 20:23:40', 0),
(26, 41, 6, '2018-06-11 20:23:40', 10000),
(27, 11619, 6, '2018-06-11 20:23:40', 0),
(28, 11619, 6, '2018-06-11 20:23:40', 10000),
(29, 11621, 6, '2018-06-11 20:23:40', 0),
(30, 11621, 6, '2018-06-11 20:23:40', 10000),
(31, 11640, 6, '2018-06-11 20:23:40', 0),
(32, 11640, 6, '2018-06-11 20:23:40', 10000),
(33, 11612, 6, '2018-06-11 20:23:40', 0),
(34, 11612, 6, '2018-06-11 20:23:40', 10000),
(35, 11557, 6, '2018-06-11 20:23:40', 0),
(36, 11557, 6, '2018-06-11 20:23:40', 10000),
(37, 11603, 6, '2018-06-11 20:23:40', 0),
(38, 11603, 6, '2018-06-11 20:23:40', 10000),
(39, 11586, 6, '2018-06-11 20:23:40', 0),
(40, 11586, 6, '2018-06-11 20:23:40', 10000),
(41, 11590, 6, '2018-06-11 20:23:40', 0),
(42, 11590, 6, '2018-06-11 20:23:40', 10000),
(43, 11634, 6, '2018-06-11 20:23:40', 0),
(44, 11634, 6, '2018-06-11 20:23:40', 10000),
(45, 1, 6, '2018-06-11 20:23:40', 0),
(46, 1, 6, '2018-06-11 20:23:40', 10000),
(47, 11630, 6, '2018-06-11 20:23:40', 0),
(48, 11630, 6, '2018-06-11 20:23:40', 10000),
(49, 2, 6, '2018-06-11 20:23:40', 0),
(50, 2, 6, '2018-06-11 20:23:40', 10000),
(51, 11629, 6, '2018-06-11 20:23:40', 0),
(52, 11629, 6, '2018-06-11 20:23:40', 10000),
(53, 11599, 6, '2018-06-11 20:23:40', 0),
(54, 11599, 6, '2018-06-11 20:23:40', 10000),
(55, 11616, 6, '2018-06-11 20:23:40', 0),
(56, 11616, 6, '2018-06-11 20:23:40', 10000),
(57, 11596, 6, '2018-06-11 20:23:40', 0),
(58, 11596, 6, '2018-06-11 20:23:40', 10000),
(59, 11545, 6, '2018-06-11 20:23:40', 0),
(60, 11545, 6, '2018-06-11 20:23:40', 10000),
(61, 11638, 6, '2018-06-11 20:23:40', 0),
(62, 11638, 6, '2018-06-11 20:23:40', 10000),
(63, 11597, 6, '2018-06-11 20:23:40', 0),
(64, 11597, 6, '2018-06-11 20:23:40', 10000),
(65, 24, 6, '2018-06-11 20:23:40', 0),
(66, 24, 6, '2018-06-11 20:23:40', 10000),
(67, 49, 6, '2018-06-11 20:23:40', 0),
(68, 49, 6, '2018-06-11 20:23:40', 10000),
(69, 11555, 6, '2018-06-11 20:23:40', 0),
(70, 11555, 6, '2018-06-11 20:23:40', 10000),
(71, 30, 6, '2018-06-11 20:23:40', 0),
(72, 30, 6, '2018-06-11 20:23:40', 10000),
(73, 11594, 6, '2018-06-11 20:23:40', 0),
(74, 11594, 6, '2018-06-11 20:23:40', 10000),
(75, 11577, 6, '2018-06-11 20:23:40', 0),
(76, 11577, 6, '2018-06-11 20:23:40', 10000),
(77, 11606, 6, '2018-06-11 20:23:40', 0),
(78, 11606, 6, '2018-06-11 20:23:40', 10000),
(79, 26, 6, '2018-06-11 20:23:40', 0),
(80, 26, 6, '2018-06-11 20:23:40', 10000),
(81, 11632, 6, '2018-06-11 20:23:40', 0),
(82, 11632, 6, '2018-06-11 20:23:40', 10000),
(83, 11624, 6, '2018-06-11 20:23:40', 0),
(84, 11624, 6, '2018-06-11 20:23:40', 10000),
(85, 11556, 6, '2018-06-11 20:23:40', 0),
(86, 11556, 6, '2018-06-11 20:23:40', 10000),
(87, 45, 6, '2018-06-11 20:23:40', 0),
(88, 45, 6, '2018-06-11 20:23:40', 10000),
(89, 39, 6, '2018-06-11 20:23:40', 0),
(90, 39, 6, '2018-06-11 20:23:40', 10000),
(91, 36, 6, '2018-06-11 20:23:40', 0),
(92, 36, 6, '2018-06-11 20:23:40', 10000),
(93, 11573, 6, '2018-06-11 20:23:40', 0),
(94, 11573, 6, '2018-06-11 20:23:40', 10000),
(95, 11565, 6, '2018-06-11 20:23:40', 0),
(96, 11565, 6, '2018-06-11 20:23:40', 10000),
(97, 11631, 6, '2018-06-11 20:23:40', 0),
(98, 11631, 6, '2018-06-11 20:23:40', 10000),
(99, 11601, 6, '2018-06-11 20:23:40', 0),
(100, 11601, 6, '2018-06-11 20:23:40', 10000),
(101, 38, 6, '2018-06-11 20:23:40', 0),
(102, 38, 6, '2018-06-11 20:23:40', 10000),
(103, 11564, 6, '2018-06-11 20:23:40', 0),
(104, 11564, 6, '2018-06-11 20:23:40', 10000),
(105, 11637, 6, '2018-06-11 20:23:40', 0),
(106, 11637, 6, '2018-06-11 20:23:40', 10000),
(107, 11611, 6, '2018-06-11 20:23:40', 0),
(108, 11611, 6, '2018-06-11 20:23:40', 10000),
(109, 11617, 6, '2018-06-11 20:23:40', 0),
(110, 11617, 6, '2018-06-11 20:23:40', 10000),
(111, 11547, 6, '2018-06-11 20:23:40', 0),
(112, 11547, 6, '2018-06-11 20:23:40', 10000),
(113, 32, 6, '2018-06-11 20:23:40', 0),
(114, 32, 6, '2018-06-11 20:23:40', 10000),
(115, 11583, 6, '2018-06-11 20:23:40', 0),
(116, 11583, 6, '2018-06-11 20:23:40', 10000),
(117, 11609, 6, '2018-06-11 20:23:40', 0),
(118, 11609, 6, '2018-06-11 20:23:40', 10000),
(119, 4, 6, '2018-06-11 20:23:40', 0),
(120, 4, 6, '2018-06-11 20:23:40', 10000),
(121, 11566, 6, '2018-06-11 20:23:40', 0),
(122, 11566, 6, '2018-06-11 20:23:40', 10000),
(123, 16, 6, '2018-06-11 20:23:40', 0),
(124, 16, 6, '2018-06-11 20:23:40', 10000),
(125, 11584, 6, '2018-06-11 20:23:40', 0),
(126, 11584, 6, '2018-06-11 20:23:40', 10000),
(127, 11549, 6, '2018-06-11 20:23:40', 0),
(128, 11549, 6, '2018-06-11 20:23:40', 10000),
(129, 43, 6, '2018-06-11 20:23:40', 0),
(130, 43, 6, '2018-06-11 20:23:40', 10000),
(131, 11560, 6, '2018-06-11 20:23:40', 0),
(132, 11560, 6, '2018-06-11 20:23:40', 10000),
(133, 11569, 6, '2018-06-11 20:23:40', 0),
(134, 11569, 6, '2018-06-11 20:23:40', 10000),
(135, 11572, 6, '2018-06-11 20:23:40', 0),
(136, 11572, 6, '2018-06-11 20:23:40', 10000),
(137, 11554, 6, '2018-06-11 20:23:40', 0),
(138, 11554, 6, '2018-06-11 20:23:40', 10000),
(139, 11567, 6, '2018-06-11 20:23:40', 0),
(140, 11567, 6, '2018-06-11 20:23:40', 10000),
(141, 11628, 6, '2018-06-11 20:23:40', 0),
(142, 11628, 6, '2018-06-11 20:23:40', 10000),
(143, 11571, 6, '2018-06-11 20:23:40', 0),
(144, 11571, 6, '2018-06-11 20:23:40', 10000),
(145, 11613, 6, '2018-06-11 20:23:40', 0),
(146, 11613, 6, '2018-06-11 20:23:40', 10000),
(147, 11550, 6, '2018-06-11 20:23:40', 0),
(148, 11550, 6, '2018-06-11 20:23:40', 10000),
(149, 11592, 6, '2018-06-11 20:23:40', 0),
(150, 11592, 6, '2018-06-11 20:23:40', 10000),
(151, 44, 6, '2018-06-11 20:23:40', 0),
(152, 44, 6, '2018-06-11 20:23:40', 10000),
(153, 48, 6, '2018-06-11 20:23:40', 0),
(154, 48, 6, '2018-06-11 20:23:40', 10000),
(155, 28, 6, '2018-06-11 20:23:40', 0),
(156, 28, 6, '2018-06-11 20:23:40', 10000),
(157, 23, 6, '2018-06-11 20:23:40', 0),
(158, 23, 6, '2018-06-11 20:23:40', 10000),
(159, 11625, 6, '2018-06-11 20:23:40', 0),
(160, 11625, 6, '2018-06-11 20:23:40', 10000),
(161, 35, 6, '2018-06-11 20:23:40', 0),
(162, 35, 6, '2018-06-11 20:23:40', 10000),
(163, 50, 6, '2018-06-11 20:23:40', 0),
(164, 50, 6, '2018-06-11 20:23:40', 10000),
(165, 11641, 6, '2018-06-11 20:23:40', 0),
(166, 11641, 6, '2018-06-11 20:23:40', 10000),
(167, 11553, 6, '2018-06-11 20:23:40', 0),
(168, 11553, 6, '2018-06-11 20:23:40', 10000),
(169, 11642, 6, '2018-06-11 20:23:40', 0),
(170, 11642, 6, '2018-06-11 20:23:40', 10000),
(171, 11574, 6, '2018-06-11 20:23:40', 0),
(172, 11574, 6, '2018-06-11 20:23:40', 10000),
(173, 11618, 6, '2018-06-11 20:23:40', 0),
(174, 11618, 6, '2018-06-11 20:23:40', 10000),
(175, 11614, 6, '2018-06-11 20:23:40', 0),
(176, 11614, 6, '2018-06-11 20:23:40', 10000),
(177, 47, 6, '2018-06-11 20:23:40', 0),
(178, 47, 6, '2018-06-11 20:23:40', 10000),
(179, 11595, 6, '2018-06-11 20:23:40', 0),
(180, 11595, 6, '2018-06-11 20:23:40', 10000),
(181, 11543, 6, '2018-06-11 20:23:40', 0),
(182, 11543, 6, '2018-06-11 20:23:40', 10000),
(183, 11578, 6, '2018-06-11 20:23:40', 0),
(184, 11578, 6, '2018-06-11 20:23:40', 10000),
(185, 33, 6, '2018-06-11 20:23:40', 0),
(186, 33, 6, '2018-06-11 20:23:40', 10000),
(187, 11610, 6, '2018-06-11 20:23:40', 0),
(188, 11610, 6, '2018-06-11 20:23:40', 10000),
(189, 40, 6, '2018-06-11 20:23:40', 0),
(190, 40, 6, '2018-06-11 20:23:40', 10000),
(191, 42, 6, '2018-06-11 20:23:40', 0),
(192, 42, 6, '2018-06-11 20:23:40', 10000),
(193, 11598, 6, '2018-06-11 20:23:40', 0),
(194, 11598, 6, '2018-06-11 20:23:40', 10000),
(195, 11593, 6, '2018-06-11 20:23:40', 0),
(196, 11593, 6, '2018-06-11 20:23:40', 10000),
(197, 11605, 6, '2018-06-11 20:23:40', 0),
(198, 11605, 6, '2018-06-11 20:23:40', 10000),
(199, 7, 6, '2018-06-11 20:23:40', 0),
(200, 7, 6, '2018-06-11 20:23:40', 10000),
(201, 11639, 6, '2018-06-11 20:23:40', 0),
(202, 11639, 6, '2018-06-11 20:23:40', 10000),
(203, 11576, 6, '2018-06-11 20:23:40', 0),
(204, 11576, 6, '2018-06-11 20:23:40', 10000),
(205, 11623, 6, '2018-06-11 20:23:40', 0),
(206, 11623, 6, '2018-06-11 20:23:40', 10000),
(207, 31, 6, '2018-06-11 20:23:40', 0),
(208, 31, 6, '2018-06-11 20:23:40', 10000),
(209, 11561, 6, '2018-06-11 20:23:40', 0),
(210, 11561, 6, '2018-06-11 20:23:40', 10000),
(211, 27, 6, '2018-06-11 20:23:40', 0),
(212, 27, 6, '2018-06-11 20:23:40', 10000),
(213, 11551, 6, '2018-06-11 20:23:40', 0),
(214, 11551, 6, '2018-06-11 20:23:40', 10000),
(215, 11589, 6, '2018-06-11 20:23:40', 0),
(216, 11589, 6, '2018-06-11 20:23:40', 10000),
(217, 11627, 6, '2018-06-11 20:23:40', 0),
(218, 11627, 6, '2018-06-11 20:23:40', 10000),
(219, 11559, 6, '2018-06-11 20:23:40', 0),
(220, 11559, 6, '2018-06-11 20:23:40', 10000),
(221, 11588, 6, '2018-06-11 20:23:40', 0),
(222, 11588, 6, '2018-06-11 20:23:40', 10000),
(223, 25, 6, '2018-06-11 20:23:40', 0),
(224, 25, 6, '2018-06-11 20:23:40', 10000),
(225, 11615, 6, '2018-06-11 20:23:40', 0),
(226, 11615, 6, '2018-06-11 20:23:40', 10000),
(227, 11558, 6, '2018-06-11 20:23:40', 0),
(228, 11558, 6, '2018-06-11 20:23:40', 10000),
(229, 11607, 6, '2018-06-11 20:23:40', 0),
(230, 11607, 6, '2018-06-11 20:23:40', 10000),
(231, 11636, 6, '2018-06-11 20:23:40', 0),
(232, 11636, 6, '2018-06-11 20:23:40', 10000),
(233, 34, 6, '2018-06-11 20:23:40', 0),
(234, 34, 6, '2018-06-11 20:23:40', 10000),
(235, 11580, 6, '2018-06-11 20:23:40', 0),
(236, 11580, 6, '2018-06-11 20:23:40', 10000),
(237, 11568, 6, '2018-06-11 20:23:40', 0),
(238, 11568, 6, '2018-06-11 20:23:40', 10000),
(239, 11552, 6, '2018-06-11 20:23:40', 0),
(240, 11552, 6, '2018-06-11 20:23:40', 10000),
(241, 11620, 6, '2018-06-11 20:23:40', 0),
(242, 11620, 6, '2018-06-11 20:23:40', 10000),
(243, 11633, 6, '2018-06-11 20:23:40', 0),
(244, 11633, 6, '2018-06-11 20:23:40', 10000),
(245, 11626, 6, '2018-06-11 20:23:40', 0),
(246, 11626, 6, '2018-06-11 20:23:40', 10000),
(247, 46, 6, '2018-06-11 20:23:40', 0),
(248, 46, 6, '2018-06-11 20:23:40', 10000),
(249, 11635, 6, '2018-06-11 20:23:40', 0),
(250, 11635, 6, '2018-06-11 20:23:40', 10000),
(251, 11581, 6, '2018-06-11 20:23:40', 0),
(252, 11581, 6, '2018-06-11 20:23:40', 10000),
(253, 11548, 6, '2018-06-11 20:23:40', 0),
(254, 11548, 6, '2018-06-11 20:23:40', 10000),
(255, 18, 6, '2018-06-11 20:23:40', 0),
(256, 18, 6, '2018-06-11 20:23:40', 10000),
(257, 11562, 6, '2018-06-11 20:23:40', 0),
(258, 11562, 6, '2018-06-11 20:23:40', 10000),
(259, 11587, 6, '2018-06-11 20:23:40', 0),
(260, 11587, 6, '2018-06-11 20:23:40', 10000),
(261, 11585, 6, '2018-06-11 20:23:40', 0),
(262, 11585, 6, '2018-06-11 20:23:40', 10000),
(263, 11570, 6, '2018-06-11 20:23:40', 0),
(264, 11570, 6, '2018-06-11 20:23:40', 10000),
(265, 11622, 6, '2018-06-11 20:23:40', 0),
(266, 11622, 6, '2018-06-11 20:23:40', 10000),
(267, 29, 6, '2018-06-11 20:23:40', 0),
(268, 29, 6, '2018-06-11 20:23:40', 10000),
(269, 30, 6, '2018-06-11 20:26:00', -4268),
(270, 30, 7, '2018-06-11 20:26:00', 0),
(271, 30, 7, '2018-06-11 20:26:00', 1000),
(272, 11551, 6, '2018-06-11 20:26:00', -57.85150000000067),
(273, 11551, 10, '2018-06-11 20:26:00', 0),
(274, 11551, 10, '2018-06-11 20:26:00', 1000),
(275, 11631, 6, '2018-06-11 20:26:00', -4268),
(276, 11631, 7, '2018-06-11 20:26:00', 0),
(277, 11631, 7, '2018-06-11 20:26:00', 1000),
(278, 11597, 6, '2018-06-11 20:26:00', -3672.334),
(279, 11597, 8, '2018-06-11 20:26:01', 0),
(280, 11597, 8, '2018-06-11 20:26:01', 1000),
(281, 11601, 6, '2018-06-11 20:26:01', -3672.334),
(282, 11601, 8, '2018-06-11 20:26:01', 0),
(283, 11601, 8, '2018-06-11 20:26:01', 1000),
(284, 11570, 6, '2018-06-11 20:26:01', -4268),
(285, 11570, 7, '2018-06-11 20:26:01', 0),
(286, 11570, 7, '2018-06-11 20:26:01', 1000),
(287, 11558, 6, '2018-06-11 20:26:01', -4268),
(288, 11558, 7, '2018-06-11 20:26:01', 0),
(289, 11558, 7, '2018-06-11 20:26:01', 1000),
(290, 1, 6, '2018-06-11 20:26:01', -4268),
(291, 1, 7, '2018-06-11 20:26:01', 0),
(292, 1, 7, '2018-06-11 20:26:01', 1000),
(293, 11591, 6, '2018-06-11 20:26:01', -57.85150000000067),
(294, 11591, 10, '2018-06-11 20:26:01', 0),
(295, 11591, 10, '2018-06-11 20:26:01', 1000),
(296, 29, 6, '2018-06-11 20:26:01', -3672.334),
(297, 29, 8, '2018-06-11 20:26:01', 0),
(298, 29, 8, '2018-06-11 20:26:01', 1000),
(299, 11635, 6, '2018-06-11 20:26:01', -3672.334),
(300, 11635, 8, '2018-06-11 20:26:01', 0),
(301, 11635, 8, '2018-06-11 20:26:01', 1000),
(302, 25, 6, '2018-06-11 20:26:01', -3672.334),
(303, 25, 8, '2018-06-11 20:26:01', 0),
(304, 25, 8, '2018-06-11 20:26:01', 1000),
(305, 44, 6, '2018-06-11 20:26:01', -4268),
(306, 44, 7, '2018-06-11 20:26:01', 0),
(307, 44, 7, '2018-06-11 20:26:01', 1000),
(308, 11630, 6, '2018-06-11 20:26:01', -4268),
(309, 11630, 7, '2018-06-11 20:26:01', 0),
(310, 11630, 7, '2018-06-11 20:26:01', 1000),
(311, 11613, 6, '2018-06-11 20:26:01', -57.85150000000067),
(312, 11613, 10, '2018-06-11 20:26:01', 0),
(313, 11613, 10, '2018-06-11 20:26:01', 1000),
(314, 11592, 6, '2018-06-11 20:26:01', -3618.05),
(315, 11592, 9, '2018-06-11 20:26:01', 0),
(316, 11592, 9, '2018-06-11 20:26:01', 1000),
(317, 11543, 6, '2018-06-11 20:26:01', -4268),
(318, 11543, 7, '2018-06-11 20:26:01', 0),
(319, 11543, 7, '2018-06-11 20:26:01', 1000),
(320, 11627, 6, '2018-06-11 20:26:01', -4268),
(321, 11627, 7, '2018-06-11 20:26:01', 0),
(322, 11627, 7, '2018-06-11 20:26:01', 1000),
(323, 11580, 6, '2018-06-11 20:26:01', -4268),
(324, 11580, 7, '2018-06-11 20:26:01', 0),
(325, 11580, 7, '2018-06-11 20:26:01', 1000),
(326, 11641, 6, '2018-06-11 20:26:01', -3672.334),
(327, 11641, 8, '2018-06-11 20:26:01', 0),
(328, 11641, 8, '2018-06-11 20:26:01', 1000),
(329, 7, 6, '2018-06-11 20:26:01', -3618.05),
(330, 7, 9, '2018-06-11 20:26:01', 0),
(331, 7, 9, '2018-06-11 20:26:01', 1000),
(332, 49, 6, '2018-06-11 20:26:01', -3672.334),
(333, 49, 8, '2018-06-11 20:26:01', 0),
(334, 49, 8, '2018-06-11 20:26:01', 1000),
(335, 11589, 6, '2018-06-11 20:26:01', -4268),
(336, 11589, 7, '2018-06-11 20:26:01', 0),
(337, 11589, 7, '2018-06-11 20:26:01', 1000),
(338, 11578, 6, '2018-06-11 20:26:01', -3618.05),
(339, 11578, 9, '2018-06-11 20:26:01', 0),
(340, 11578, 9, '2018-06-11 20:26:01', 1000),
(341, 11555, 6, '2018-06-11 20:26:01', -4268),
(342, 11555, 7, '2018-06-11 20:26:01', 0),
(343, 11555, 7, '2018-06-11 20:26:01', 1000),
(344, 45, 6, '2018-06-11 20:26:01', -4268),
(345, 45, 7, '2018-06-11 20:26:01', 0),
(346, 45, 7, '2018-06-11 20:26:01', 1000),
(347, 11563, 6, '2018-06-11 20:26:01', -3618.05),
(348, 11563, 9, '2018-06-11 20:26:01', 0),
(349, 11563, 9, '2018-06-11 20:26:01', 1000),
(350, 24, 6, '2018-06-11 20:26:01', -3672.334),
(351, 24, 8, '2018-06-11 20:26:01', 0),
(352, 24, 8, '2018-06-11 20:26:01', 1000),
(353, 42, 6, '2018-06-11 20:26:01', -3618.05),
(354, 42, 9, '2018-06-11 20:26:01', 0),
(355, 42, 9, '2018-06-11 20:26:01', 1000),
(356, 11620, 6, '2018-06-11 20:26:01', -3618.05),
(357, 11620, 9, '2018-06-11 20:26:01', 0),
(358, 11620, 9, '2018-06-11 20:26:01', 1000),
(359, 11598, 6, '2018-06-11 20:26:01', -3618.05),
(360, 11598, 9, '2018-06-11 20:26:01', 0),
(361, 11598, 9, '2018-06-11 20:26:01', 1000),
(362, 11559, 6, '2018-06-11 20:26:01', -4268),
(363, 11559, 7, '2018-06-11 20:26:01', 0),
(364, 11559, 7, '2018-06-11 20:26:01', 1000),
(365, 11562, 6, '2018-06-11 20:26:01', -3672.334),
(366, 11562, 8, '2018-06-11 20:26:01', 0),
(367, 11562, 8, '2018-06-11 20:26:01', 1000),
(368, 11636, 6, '2018-06-11 20:26:01', -57.85150000000067),
(369, 11636, 10, '2018-06-11 20:26:01', 0),
(370, 11636, 10, '2018-06-11 20:26:01', 1000),
(371, 11629, 6, '2018-06-11 20:26:01', -3672.334),
(372, 11629, 8, '2018-06-11 20:26:01', 0),
(373, 11629, 8, '2018-06-11 20:26:01', 1000),
(374, 11639, 6, '2018-06-11 20:26:01', -4268),
(375, 11639, 7, '2018-06-11 20:26:01', 0),
(376, 11639, 7, '2018-06-11 20:26:01', 1000),
(377, 11585, 6, '2018-06-11 20:26:01', -3672.334),
(378, 11585, 8, '2018-06-11 20:26:01', 0),
(379, 11585, 8, '2018-06-11 20:26:01', 1000),
(380, 11547, 6, '2018-06-11 20:26:01', -4268),
(381, 11547, 7, '2018-06-11 20:26:01', 0),
(382, 11547, 7, '2018-06-11 20:26:01', 1000),
(383, 48, 6, '2018-06-11 20:26:01', -3618.05),
(384, 48, 9, '2018-06-11 20:26:01', 0),
(385, 48, 9, '2018-06-11 20:26:01', 1000),
(386, 11632, 6, '2018-06-11 20:26:01', -3672.334),
(387, 11632, 8, '2018-06-11 20:26:01', 0),
(388, 11632, 8, '2018-06-11 20:26:01', 1000),
(389, 11569, 6, '2018-06-11 20:26:01', -3618.05),
(390, 11569, 9, '2018-06-11 20:26:01', 0),
(391, 11569, 9, '2018-06-11 20:26:01', 1000),
(392, 11587, 6, '2018-06-11 20:26:01', -3672.334),
(393, 11587, 8, '2018-06-11 20:26:01', 0),
(394, 11587, 8, '2018-06-11 20:26:01', 1000),
(395, 32, 6, '2018-06-11 20:26:01', -3618.05),
(396, 32, 9, '2018-06-11 20:26:01', 0),
(397, 32, 9, '2018-06-11 20:26:01', 1000),
(398, 11571, 6, '2018-06-11 20:26:01', -57.85150000000067),
(399, 11571, 10, '2018-06-11 20:26:01', 0),
(400, 11571, 10, '2018-06-11 20:26:01', 1000),
(401, 11628, 6, '2018-06-11 20:26:01', -3672.334),
(402, 11628, 8, '2018-06-11 20:26:01', 0),
(403, 11628, 8, '2018-06-11 20:26:01', 1000),
(404, 11564, 6, '2018-06-11 20:26:01', -4268),
(405, 11564, 7, '2018-06-11 20:26:01', 0),
(406, 11564, 7, '2018-06-11 20:26:01', 1000),
(407, 16, 6, '2018-06-11 20:26:01', -3672.334),
(408, 16, 8, '2018-06-11 20:26:01', 0),
(409, 16, 8, '2018-06-11 20:26:01', 1000),
(410, 11623, 6, '2018-06-11 20:26:01', -4268),
(411, 11623, 7, '2018-06-11 20:26:01', 0),
(412, 11623, 7, '2018-06-11 20:26:01', 1000),
(413, 4, 6, '2018-06-11 20:26:01', -57.85150000000067),
(414, 4, 10, '2018-06-11 20:26:01', 0),
(415, 4, 10, '2018-06-11 20:26:01', 1000),
(416, 11609, 6, '2018-06-11 20:26:01', -3618.05),
(417, 11609, 9, '2018-06-11 20:26:01', 0),
(418, 11609, 9, '2018-06-11 20:26:01', 1000),
(419, 11610, 6, '2018-06-11 20:26:01', -3618.05),
(420, 11610, 9, '2018-06-11 20:26:01', 0),
(421, 11610, 9, '2018-06-11 20:26:01', 1000),
(422, 11565, 6, '2018-06-11 20:26:01', -3618.05),
(423, 11565, 9, '2018-06-11 20:26:01', 0),
(424, 11565, 9, '2018-06-11 20:26:01', 1000),
(425, 11574, 6, '2018-06-11 20:26:01', -4268),
(426, 11574, 7, '2018-06-11 20:26:01', 0),
(427, 11574, 7, '2018-06-11 20:26:01', 1000),
(428, 11560, 6, '2018-06-11 20:26:01', -4268),
(429, 11560, 7, '2018-06-11 20:26:01', 0),
(430, 11560, 7, '2018-06-11 20:26:01', 1000),
(431, 11594, 6, '2018-06-11 20:26:01', -3672.334),
(432, 11594, 8, '2018-06-11 20:26:01', 0),
(433, 11594, 8, '2018-06-11 20:26:01', 1000),
(434, 11600, 6, '2018-06-11 20:26:01', -4268),
(435, 11600, 7, '2018-06-11 20:26:01', 0),
(436, 11600, 7, '2018-06-11 20:26:01', 1000),
(437, 11638, 6, '2018-06-11 20:26:01', -57.85150000000067),
(438, 11638, 10, '2018-06-11 20:26:01', 0),
(439, 11638, 10, '2018-06-11 20:26:01', 1000),
(440, 11588, 6, '2018-06-11 20:26:01', -3672.334),
(441, 11588, 8, '2018-06-11 20:26:01', 0),
(442, 11588, 8, '2018-06-11 20:26:01', 1000),
(443, 11621, 6, '2018-06-11 20:26:01', -4268),
(444, 11621, 7, '2018-06-11 20:26:01', 0),
(445, 11621, 7, '2018-06-11 20:26:01', 1000),
(446, 46, 6, '2018-06-11 20:26:01', -57.85150000000067),
(447, 46, 10, '2018-06-11 20:26:01', 0),
(448, 46, 10, '2018-06-11 20:26:01', 1000),
(449, 18, 6, '2018-06-11 20:26:01', -4268),
(450, 18, 7, '2018-06-11 20:26:01', 0),
(451, 18, 7, '2018-06-11 20:26:01', 1000),
(452, 11624, 6, '2018-06-11 20:26:01', -3672.334),
(453, 11624, 8, '2018-06-11 20:26:01', 0),
(454, 11624, 8, '2018-06-11 20:26:01', 1000),
(455, 2, 6, '2018-06-11 20:26:01', -3618.05),
(456, 2, 9, '2018-06-11 20:26:01', 0),
(457, 2, 9, '2018-06-11 20:26:01', 1000),
(458, 11615, 6, '2018-06-11 20:26:01', -4268),
(459, 11615, 7, '2018-06-11 20:26:01', 0),
(460, 11615, 7, '2018-06-11 20:26:01', 1000),
(461, 11576, 6, '2018-06-11 20:26:01', -57.85150000000067),
(462, 11576, 10, '2018-06-11 20:26:01', 0),
(463, 11576, 10, '2018-06-11 20:26:01', 1000),
(464, 27, 6, '2018-06-11 20:26:01', -57.85150000000067),
(465, 27, 10, '2018-06-11 20:26:01', 0),
(466, 27, 10, '2018-06-11 20:26:01', 1000),
(467, 11607, 6, '2018-06-11 20:26:01', -3618.05),
(468, 11607, 9, '2018-06-11 20:26:01', 0),
(469, 11607, 9, '2018-06-11 20:26:01', 1000),
(470, 11579, 6, '2018-06-11 20:26:01', -4268),
(471, 11579, 7, '2018-06-11 20:26:01', 0),
(472, 11579, 7, '2018-06-11 20:26:01', 1000),
(473, 35, 6, '2018-06-11 20:26:01', -3618.05),
(474, 35, 9, '2018-06-11 20:26:01', 0),
(475, 35, 9, '2018-06-11 20:26:01', 1000),
(476, 11567, 6, '2018-06-11 20:26:01', -3618.05),
(477, 11567, 9, '2018-06-11 20:26:01', 0),
(478, 11567, 9, '2018-06-11 20:26:01', 1000),
(479, 36, 6, '2018-06-11 20:26:01', -3618.05),
(480, 36, 9, '2018-06-11 20:26:01', 0),
(481, 36, 9, '2018-06-11 20:26:01', 1000),
(482, 11603, 6, '2018-06-11 20:26:01', -3618.05),
(483, 11603, 9, '2018-06-11 20:26:01', 0),
(484, 11603, 9, '2018-06-11 20:26:01', 1000),
(485, 11577, 6, '2018-06-11 20:26:01', -4268),
(486, 11577, 7, '2018-06-11 20:26:01', 0),
(487, 11577, 7, '2018-06-11 20:26:01', 1000),
(488, 11545, 6, '2018-06-11 20:26:01', -3618.05),
(489, 11545, 9, '2018-06-11 20:26:01', 0),
(490, 11545, 9, '2018-06-11 20:26:01', 1000),
(491, 11556, 6, '2018-06-11 20:26:01', -57.85150000000067),
(492, 11556, 10, '2018-06-11 20:26:01', 0),
(493, 11556, 10, '2018-06-11 20:26:01', 1000),
(494, 26, 6, '2018-06-11 20:26:01', -4268),
(495, 26, 7, '2018-06-11 20:26:01', 0),
(496, 26, 7, '2018-06-11 20:26:01', 1000),
(497, 11622, 6, '2018-06-11 20:26:01', -3672.334),
(498, 11622, 8, '2018-06-11 20:26:01', 0),
(499, 11622, 8, '2018-06-11 20:26:01', 1000),
(500, 34, 6, '2018-06-11 20:26:01', -57.85150000000067),
(501, 34, 10, '2018-06-11 20:26:01', 0),
(502, 34, 10, '2018-06-11 20:26:01', 1000),
(503, 11625, 6, '2018-06-11 20:26:01', -4268),
(504, 11625, 7, '2018-06-11 20:26:01', 0),
(505, 11625, 7, '2018-06-11 20:26:01', 1000),
(506, 11544, 6, '2018-06-11 20:26:01', -3672.334),
(507, 11544, 8, '2018-06-11 20:26:01', 0),
(508, 11544, 8, '2018-06-11 20:26:01', 1000),
(509, 11575, 6, '2018-06-11 20:26:01', -3618.05),
(510, 11575, 9, '2018-06-11 20:26:01', 0),
(511, 11575, 9, '2018-06-11 20:26:01', 1000),
(512, 11605, 6, '2018-06-11 20:26:01', -3672.334),
(513, 11605, 8, '2018-06-11 20:26:01', 0),
(514, 11605, 8, '2018-06-11 20:26:01', 1000),
(515, 50, 6, '2018-06-11 20:26:01', -3618.05),
(516, 50, 9, '2018-06-11 20:26:01', 0),
(517, 50, 9, '2018-06-11 20:26:01', 1000),
(518, 11640, 6, '2018-06-11 20:26:01', -4268),
(519, 11640, 7, '2018-06-11 20:26:01', 0),
(520, 11640, 7, '2018-06-11 20:26:01', 1000),
(521, 11614, 6, '2018-06-11 20:26:01', -3672.334),
(522, 11614, 8, '2018-06-11 20:26:01', 0),
(523, 11614, 8, '2018-06-11 20:26:01', 1000),
(524, 11586, 6, '2018-06-11 20:26:01', -57.85150000000067),
(525, 11586, 10, '2018-06-11 20:26:01', 0),
(526, 11586, 10, '2018-06-11 20:26:01', 1000),
(527, 11606, 6, '2018-06-11 20:26:01', -3672.334),
(528, 11606, 8, '2018-06-11 20:26:01', 0),
(529, 11606, 8, '2018-06-11 20:26:01', 1000),
(530, 37, 6, '2018-06-11 20:26:01', -3672.334),
(531, 37, 8, '2018-06-11 20:26:01', 0),
(532, 37, 8, '2018-06-11 20:26:01', 1000),
(533, 11593, 6, '2018-06-11 20:26:01', -3618.05),
(534, 11593, 9, '2018-06-11 20:26:01', 0),
(535, 11593, 9, '2018-06-11 20:26:01', 1000),
(536, 11584, 6, '2018-06-11 20:26:01', -4268),
(537, 11584, 7, '2018-06-11 20:26:01', 0),
(538, 11584, 7, '2018-06-11 20:26:01', 1000),
(539, 11617, 6, '2018-06-11 20:26:01', -57.85150000000067),
(540, 11617, 10, '2018-06-11 20:26:01', 0),
(541, 11617, 10, '2018-06-11 20:26:01', 1000),
(542, 11561, 6, '2018-06-11 20:26:01', -57.85150000000067),
(543, 11561, 10, '2018-06-11 20:26:01', 0),
(544, 11561, 10, '2018-06-11 20:26:01', 1000),
(545, 11573, 6, '2018-06-11 20:26:01', -4268),
(546, 11573, 7, '2018-06-11 20:26:01', 0),
(547, 11573, 7, '2018-06-11 20:26:01', 1000),
(548, 41, 6, '2018-06-11 20:26:01', -3618.05),
(549, 41, 9, '2018-06-11 20:26:01', 0),
(550, 41, 9, '2018-06-11 20:26:01', 1000),
(551, 11553, 6, '2018-06-11 20:26:01', -4268),
(552, 11553, 7, '2018-06-11 20:26:01', 0),
(553, 11553, 7, '2018-06-11 20:26:01', 1000),
(554, 11581, 6, '2018-06-11 20:26:01', -3618.05),
(555, 11581, 9, '2018-06-11 20:26:01', 0),
(556, 11581, 9, '2018-06-11 20:26:01', 1000),
(557, 11546, 6, '2018-06-11 20:26:01', -3618.05),
(558, 11546, 9, '2018-06-11 20:26:01', 0),
(559, 11546, 9, '2018-06-11 20:26:01', 1000),
(560, 11583, 6, '2018-06-11 20:26:01', -57.85150000000067),
(561, 11583, 10, '2018-06-11 20:26:01', 0),
(562, 11583, 10, '2018-06-11 20:26:01', 1000),
(563, 28, 6, '2018-06-11 20:26:01', -4268),
(564, 28, 7, '2018-06-11 20:26:01', 0),
(565, 28, 7, '2018-06-11 20:26:01', 1000),
(566, 11554, 6, '2018-06-11 20:26:01', -3672.334),
(567, 11554, 8, '2018-06-11 20:26:01', 0),
(568, 11554, 8, '2018-06-11 20:26:01', 1000),
(569, 11637, 6, '2018-06-11 20:26:01', -3618.05),
(570, 11637, 9, '2018-06-11 20:26:01', 0),
(571, 11637, 9, '2018-06-11 20:26:01', 1000),
(572, 39, 6, '2018-06-11 20:26:01', -3672.334),
(573, 39, 8, '2018-06-11 20:26:01', 0),
(574, 39, 8, '2018-06-11 20:26:01', 1000),
(575, 11642, 6, '2018-06-11 20:26:01', -3672.334),
(576, 11642, 8, '2018-06-11 20:26:01', 0),
(577, 11642, 8, '2018-06-11 20:26:01', 1000),
(578, 11608, 6, '2018-06-11 20:26:01', -3618.05),
(579, 11608, 9, '2018-06-11 20:26:01', 0),
(580, 11608, 9, '2018-06-11 20:26:01', 1000),
(581, 11566, 6, '2018-06-11 20:27:36', -5299.40234375),
(582, 11545, 6, '2018-06-11 20:27:36', -1157.3106689453125),
(583, 11577, 6, '2018-06-11 20:27:36', -2734.299560546875),
(584, 29, 6, '2018-06-11 20:27:36', -1862.7342529296875),
(585, 11609, 6, '2018-06-11 20:27:36', -4693.353515625),
(586, 11608, 6, '2018-06-11 20:27:36', -2386.314453125),
(587, 11559, 6, '2018-06-11 20:27:36', -2813.50390625),
(588, 11607, 6, '2018-06-11 20:27:36', -5930.4521484375),
(589, 11640, 6, '2018-06-11 20:27:36', -4990.5283203125),
(590, 11571, 6, '2018-06-11 20:27:36', -2883.1806640625),
(591, 35, 6, '2018-06-11 20:27:36', -5545.62548828125),
(592, 11545, 6, '2018-06-11 20:27:36', 972.3526000976562),
(593, 11577, 6, '2018-06-11 20:27:36', 286.9936828613281),
(594, 11577, 6, '2018-06-11 20:27:36', -2540.041259765625),
(595, 11564, 6, '2018-06-11 20:27:36', -4691.41943359375),
(596, 44, 6, '2018-06-11 20:27:36', -745.5106201171875),
(597, 11637, 6, '2018-06-11 20:27:36', -4638.5),
(598, 11607, 6, '2018-06-11 20:27:36', 4631.412109375),
(599, 11576, 6, '2018-06-11 20:27:36', -9396.8984375),
(600, 11571, 6, '2018-06-11 20:27:36', 2585.431884765625),
(601, 11615, 6, '2018-06-11 20:27:36', -3374.8876953125),
(602, 11594, 6, '2018-06-11 20:27:36', -3229.755126953125),
(603, 11638, 6, '2018-06-11 20:27:36', -2304.654052734375),
(604, 29, 6, '2018-06-11 20:27:36', 3864.812011718751),
(605, 11579, 6, '2018-06-11 20:27:36', -4803.0009765625),
(606, 11612, 6, '2018-06-11 20:27:36', -178.45748901367188),
(607, 11632, 6, '2018-06-11 20:27:36', -1961.683837890625),
(608, 11607, 6, '2018-06-11 20:27:36', 357.5730285644531),
(609, 11564, 6, '2018-06-11 20:27:36', -551.9170532226562),
(610, 11611, 6, '2018-06-11 20:27:36', -3007.571044921875),
(611, 11596, 6, '2018-06-11 20:27:36', -8020.8369140625),
(612, 46, 6, '2018-06-11 20:27:36', -7996.3369140625),
(613, 16, 6, '2018-06-11 20:27:36', -3181.03271484375),
(614, 36, 6, '2018-06-11 20:27:36', -6332.85888671875),
(615, 25, 6, '2018-06-11 20:27:36', -5375.0576171875),
(616, 11612, 6, '2018-06-11 20:27:36', 145.3718719482422),
(617, 11575, 6, '2018-06-11 20:27:36', -160.16622924804688),
(618, 39, 6, '2018-06-11 20:27:36', -3390.10107421875),
(619, 11564, 6, '2018-06-11 20:27:36', 431.2187194824219),
(620, 11571, 6, '2018-06-11 20:27:36', 276.9716491699219),
(621, 11613, 6, '2018-06-11 20:27:36', -7976.46875),
(622, 11594, 6, '2018-06-11 20:27:36', -1534.9229736328125),
(623, 16, 6, '2018-06-11 20:27:36', 1632.857666015625),
(624, 11638, 6, '2018-06-11 20:27:36', -3916.324462890625),
(625, 25, 6, '2018-06-11 20:27:36', 2472.15625),
(626, 11552, 6, '2018-06-11 20:27:36', -268.82281494140625),
(627, 11607, 6, '2018-06-11 20:27:36', 685.4656982421875),
(628, 11640, 6, '2018-06-11 20:27:36', 7034.94384765625),
(629, 11581, 6, '2018-06-11 20:27:36', -1446.876220703125),
(630, 11613, 6, '2018-06-11 20:27:36', 5759.96826171875),
(631, 11628, 6, '2018-06-11 20:27:36', -5040.7919921875),
(632, 11565, 6, '2018-06-11 20:27:36', -6258.173828125),
(633, 11638, 6, '2018-06-11 20:27:36', 178.72389221191406),
(634, 25, 6, '2018-06-11 20:27:36', 2130.314697265625),
(635, 11603, 6, '2018-06-11 20:27:36', -403.5389404296875),
(636, 11636, 6, '2018-06-11 20:27:36', -5029.2998046875),
(637, 7, 6, '2018-06-11 20:27:36', -4951.15185546875),
(638, 37, 6, '2018-06-11 20:27:36', -221.02943420410156),
(639, 11615, 6, '2018-06-11 20:27:36', -1837.98291015625),
(640, 11628, 6, '2018-06-11 20:27:36', 3263.03173828125),
(641, 11556, 6, '2018-06-11 20:27:36', -7267.60546875),
(642, 11594, 6, '2018-06-11 20:27:37', -817.3821411132812),
(643, 25, 6, '2018-06-11 20:27:37', 411.587646484375),
(644, 11603, 6, '2018-06-11 20:27:37', 311.327392578125),
(645, 35, 6, '2018-06-11 20:27:37', -620.3344116210938),
(646, 7, 6, '2018-06-11 20:27:37', 3432.31884765625),
(647, 25, 6, '2018-06-11 20:27:37', -4924.60009765625),
(648, 11573, 6, '2018-06-11 20:27:37', -2679.082763671875),
(649, 11556, 6, '2018-06-11 20:27:37', 3021.907958984375),
(650, 11594, 6, '2018-06-11 20:27:37', 141.6259307861328),
(651, 11570, 6, '2018-06-11 20:27:37', -2793.994873046875),
(652, 11567, 6, '2018-06-11 20:27:37', -3193.42822265625),
(653, 11582, 6, '2018-06-11 20:27:37', -683.7391967773438),
(654, 11572, 6, '2018-06-11 20:27:37', -5878.5634765625),
(655, 11594, 6, '2018-06-11 20:27:37', -458.1802062988281),
(656, 11573, 6, '2018-06-11 20:27:37', 1042.932373046875),
(657, 11556, 6, '2018-06-11 20:27:37', 1447.4248046875),
(658, 11576, 6, '2018-06-11 20:27:37', -283.2582092285156),
(659, 11570, 6, '2018-06-11 20:27:37', 2555.76171875),
(660, 11582, 6, '2018-06-11 20:27:37', 358.0155029296875),
(661, 11572, 6, '2018-06-11 20:27:37', 2217.379150390625),
(662, 48, 6, '2018-06-11 20:27:37', -5629.60546875),
(663, 11573, 6, '2018-06-11 20:27:37', 584.3118286132812),
(664, 11556, 6, '2018-06-11 20:27:37', 2449.141357421875),
(665, 18, 6, '2018-06-11 20:27:37', -2912.17724609375),
(666, 11614, 6, '2018-06-11 20:27:37', -631.810302734375),
(667, 11639, 6, '2018-06-11 20:27:37', -3403.87646484375),
(668, 11583, 6, '2018-06-11 20:27:37', -6697.9404296875),
(669, 11592, 6, '2018-06-11 20:27:37', -4566.5458984375),
(670, 43, 6, '2018-06-11 20:27:37', -6927.984375),
(671, 11633, 6, '2018-06-11 20:27:37', -9211.060546875),
(672, 11594, 6, '2018-06-11 20:27:37', 465.60357666015625),
(673, 11571, 6, '2018-06-11 20:27:37', -7048.27294921875),
(674, 11567, 6, '2018-06-11 20:27:37', 2844.294677734375),
(675, 11582, 6, '2018-06-11 20:27:37', 86.56199645996094),
(676, 11633, 6, '2018-06-11 20:27:37', -675.0383911132812),
(677, 11613, 6, '2018-06-11 20:27:37', 3184.546875),
(678, 11573, 6, '2018-06-11 20:27:37', 243.98670959472656),
(679, 11614, 6, '2018-06-11 20:27:37', -3312.88037109375),
(680, 11563, 6, '2018-06-11 20:27:37', -4723.1083984375),
(681, 37, 6, '2018-06-11 20:27:37', -5788.28564453125),
(682, 11552, 6, '2018-06-11 20:27:37', -816.5682373046875),
(683, 11583, 6, '2018-06-11 20:27:37', 672.363525390625),
(684, 11613, 6, '2018-06-12 13:27:16', 180.43190002441406),
(685, 11573, 6, '2018-06-12 13:27:16', 401.3636474609375),
(686, 11629, 6, '2018-06-12 13:27:16', -3217.5810546875),
(687, 11594, 6, '2018-06-12 13:27:16', 446.333984375),
(688, 11558, 6, '2018-06-12 13:27:16', -476.5292663574219),
(689, 46, 6, '2018-06-12 13:27:16', -1296.1815185546875),
(690, 11575, 6, '2018-06-12 13:27:16', -1304.671630859375),
(691, 11583, 6, '2018-06-12 13:27:16', 4790.4326171875),
(692, 25, 6, '2018-06-12 13:27:16', 536.2876586914062),
(693, 11611, 6, '2018-06-12 13:27:16', -3266.4228515625),
(694, 11599, 6, '2018-06-12 13:27:16', -4744.0791015625),
(695, 11576, 6, '2018-06-12 13:27:16', 73.39571380615234),
(696, 11602, 6, '2018-06-12 13:27:16', -6765.23291015625),
(697, 34, 6, '2018-06-12 13:27:16', -2159.6748046875),
(698, 11617, 6, '2018-06-12 13:27:16', -8563.1025390625),
(699, 11564, 6, '2018-06-12 13:27:16', -709.66455078125),
(700, 11573, 6, '2018-06-12 13:27:16', 893.2288208007812),
(701, 11624, 6, '2018-06-12 13:27:16', -4030.100341796875),
(702, 11597, 6, '2018-06-12 13:27:16', -5458.65576171875),
(703, 49, 6, '2018-06-12 13:27:16', -5055.64697265625),
(704, 11582, 6, '2018-06-12 13:27:16', 304.3191223144531),
(705, 2, 6, '2018-06-12 13:27:16', -3079.015625),
(706, 37, 6, '2018-06-12 13:27:16', 146.4974365234375),
(707, 11569, 6, '2018-06-12 13:27:16', -5984.0322265625),
(708, 43, 6, '2018-06-12 13:27:16', 4609.34716796875),
(709, 11556, 6, '2018-06-12 13:27:17', 517.991943359375),
(710, 11604, 6, '2018-06-12 13:27:17', -6414.02490234375),
(711, 11581, 6, '2018-06-12 13:27:17', -4906.43798828125),
(712, 34, 6, '2018-06-12 13:27:17', -178.03424072265625),
(713, 11639, 6, '2018-06-12 13:27:17', 3421.77978515625),
(714, 11558, 6, '2018-06-12 13:27:17', -3592.392578125),
(715, 11611, 6, '2018-06-12 13:27:17', 1281.2684326171875),
(716, 25, 6, '2018-06-12 13:27:17', 2006.4703369140625),
(717, 43, 6, '2018-06-12 13:27:17', 1583.3548583984375),
(718, 11556, 6, '2018-06-12 13:27:17', 171.0508575439453),
(719, 11613, 6, '2018-06-12 13:27:17', -9855.921875),
(720, 11581, 6, '2018-06-12 13:27:17', 2468.588134765625),
(721, 11567, 6, '2018-06-12 13:27:17', 342.8610534667969),
(722, 11611, 6, '2018-06-12 13:27:17', -725.9161987304688),
(723, 25, 6, '2018-06-12 13:27:17', 779.1741943359375),
(724, 11604, 6, '2018-06-12 13:27:17', -2577.519775390625),
(725, 11633, 6, '2018-06-12 13:27:17', 11766.4853515625),
(726, 11602, 6, '2018-06-12 13:27:17', -1726.8037109375),
(727, 11581, 6, '2018-06-12 13:27:17', 688.6426391601562),
(728, 11552, 6, '2018-06-12 13:27:17', 218.93882751464844),
(729, 11577, 6, '2018-06-12 13:27:17', -424.27630615234375),
(730, 11638, 6, '2018-06-12 13:27:17', -1974.8394775390625),
(731, 11637, 6, '2018-06-12 13:27:17', -1402.5264892578125),
(732, 43, 6, '2018-06-12 13:27:17', 1240.3428955078125),
(733, 31, 6, '2018-06-12 13:27:17', -5719.5361328125),
(734, 11602, 6, '2018-06-12 13:27:17', 949.2017822265625),
(735, 11624, 6, '2018-06-12 13:27:17', -204.752197265625),
(736, 50, 6, '2018-06-12 13:27:17', -402.06231689453125),
(737, 48, 6, '2018-06-12 13:27:17', -429.3466796875),
(738, 11568, 6, '2018-06-12 13:27:17', -1334.4248046875),
(739, 11568, 6, '2018-06-12 13:27:17', -6175.91845703125),
(740, 43, 6, '2018-06-12 13:27:17', 141.30679321289062),
(741, 11633, 6, '2018-06-12 13:27:17', 435.3857116699219),
(742, 50, 6, '2018-06-12 13:27:17', -3978.74169921875),
(743, 11581, 6, '2018-06-12 13:27:17', 341.1942138671875),
(744, 11614, 6, '2018-06-12 13:27:17', 338.4691162109375),
(745, 11567, 6, '2018-06-12 13:27:17', -1037.75732421875),
(746, 11556, 6, '2018-06-12 13:27:17', -9456.271484375),
(747, 11568, 6, '2018-06-12 13:27:17', 864.154541015625),
(748, 25, 6, '2018-06-12 13:27:17', -3287.1689453125),
(749, 43, 6, '2018-06-12 13:27:17', 70.38491821289062),
(750, 11621, 6, '2018-06-12 13:27:17', -4887.61865234375),
(751, 11602, 6, '2018-06-12 13:27:17', 340.5068359375),
(752, 11585, 6, '2018-06-12 13:27:17', -367.1419982910156),
(753, 11564, 6, '2018-06-12 13:27:17', -144.88336181640625),
(754, 31, 6, '2018-06-12 13:27:17', -3223.73779296875),
(755, 11591, 6, '2018-06-12 13:27:17', -357.4954528808594),
(756, 50, 6, '2018-06-12 13:27:17', -1712.47802734375),
(757, 11642, 6, '2018-06-12 13:27:17', -4138.39697265625),
(758, 11633, 6, '2018-06-12 13:27:17', -6713.08154296875),
(759, 11546, 6, '2018-06-12 13:27:17', -4177.41552734375),
(760, 11554, 6, '2018-06-12 13:27:17', -3708.369140625),
(761, 11567, 6, '2018-06-12 13:27:17', 386.5577087402344),
(762, 11591, 6, '2018-06-12 13:27:17', 142.99388122558594),
(763, 11571, 6, '2018-06-12 13:27:17', -2385.63037109375),
(764, 11611, 6, '2018-06-12 13:27:17', 2257.885498046875),
(765, 11621, 6, '2018-06-12 13:27:17', 3323.611083984375),
(766, 11602, 6, '2018-06-12 13:27:17', 368.9124755859375),
(767, 11602, 6, '2018-06-12 13:27:17', -573.9584350585938),
(768, 11602, 6, '2018-06-12 13:27:17', -1621.8232421875),
(769, 41, 6, '2018-06-12 13:27:17', -3984.89111328125),
(770, 11569, 6, '2018-06-12 13:27:17', -305.2854309082031),
(771, 11611, 6, '2018-06-12 13:27:17', 228.79408264160156),
(772, 11562, 6, '2018-06-12 13:27:17', -5135.46240234375),
(773, 11602, 6, '2018-06-12 13:27:17', 183.3873748779297),
(774, 11575, 6, '2018-06-12 13:27:17', -227.59707641601562),
(775, 11567, 6, '2018-06-12 13:27:17', 611.2994995117188),
(776, 32, 6, '2018-06-12 13:27:17', -3857.880126953125),
(777, 11593, 6, '2018-06-12 13:27:17', -4279.3115234375),
(778, 11611, 6, '2018-06-12 13:27:17', 375.62994384765625),
(779, 11593, 6, '2018-06-12 13:27:17', -1861.247802734375),
(780, 50, 6, '2018-06-12 13:27:17', 1441.2890625),
(781, 11573, 6, '2018-06-12 13:27:17', -1018.476806640625),
(782, 11558, 6, '2018-06-12 13:27:17', -1210.732421875),
(783, 11591, 6, '2018-06-12 13:27:17', 141.98129272460938),
(784, 11637, 6, '2018-06-12 13:27:17', 809.15380859375),
(785, 48, 6, '2018-06-12 13:27:17', -168.65740966796875),
(786, 11621, 6, '2018-06-12 13:27:17', 1224.19482421875),
(787, 11589, 6, '2018-06-12 13:27:17', -4171.1259765625),
(788, 11597, 6, '2018-06-12 13:27:17', -819.526123046875),
(789, 11637, 6, '2018-06-12 13:27:36', 1063.90087890625),
(790, 11578, 6, '2018-06-12 13:27:36', -4552.205078125),
(791, 11621, 6, '2018-06-12 13:27:36', 1193.248779296875),
(792, 47, 6, '2018-06-12 13:27:36', -6564.6455078125),
(793, 11568, 6, '2018-06-12 13:27:36', 420.3769836425781),
(794, 11546, 6, '2018-06-12 13:27:36', -1264.081787109375),
(795, 11565, 6, '2018-06-12 13:27:36', -118.45550537109375),
(796, 11630, 6, '2018-06-12 13:27:36', -3444.9404296875),
(797, 11587, 6, '2018-06-12 13:27:37', -5303.36376953125),
(798, 11624, 6, '2018-06-12 13:27:37', 73.3471908569336),
(799, 11611, 6, '2018-06-12 13:27:37', 1872.785888671875),
(800, 38, 6, '2018-06-12 13:27:37', -9019.8876953125),
(801, 11554, 6, '2018-06-12 13:27:37', -1576.9324951171875),
(802, 50, 6, '2018-06-12 13:27:37', 2545.95458984375),
(803, 45, 6, '2018-06-12 13:27:37', -4018.705322265625),
(804, 11543, 6, '2018-06-12 13:27:37', -4615.81396484375),
(805, 11581, 6, '2018-06-12 13:27:37', 1001.1181640625),
(806, 2, 6, '2018-06-12 13:27:37', -2935.107421875),
(807, 11579, 6, '2018-06-12 13:27:37', -854.7650756835938),
(808, 11559, 6, '2018-06-12 13:27:37', -2082.223388671875),
(809, 50, 6, '2018-06-12 13:27:37', 413.09912109375),
(810, 11588, 6, '2018-06-12 13:27:37', -3798.854248046875),
(811, 11625, 6, '2018-06-12 13:27:37', -3290.77734375),
(812, 11581, 6, '2018-06-12 13:27:37', 242.7830352783203),
(813, 11568, 6, '2018-06-12 13:27:37', 3407.656005859375),
(814, 7, 6, '2018-06-12 13:27:37', -2661.580810546875),
(815, 11621, 6, '2018-06-12 13:27:37', 224.12008666992188),
(816, 50, 6, '2018-06-12 13:27:37', 205.4031219482422),
(817, 11553, 6, '2018-06-12 13:27:37', -5435.32421875),
(818, 11624, 6, '2018-06-12 13:27:37', 72.80852508544922),
(819, 4, 6, '2018-06-12 13:27:37', -7387.150390625),
(820, 11544, 6, '2018-06-12 13:27:37', -914.6338500976562),
(821, 11568, 6, '2018-06-12 13:27:37', 4121.220703125),
(822, 11579, 6, '2018-06-12 13:27:37', 817.0370483398438),
(823, 50, 6, '2018-06-12 13:27:37', 204.6319122314453),
(824, 1, 6, '2018-06-12 13:27:37', -4948.521484375),
(825, 11642, 6, '2018-06-12 13:27:37', -164.73057556152344),
(826, 11598, 6, '2018-06-12 13:27:37', -4851.56298828125),
(827, 11615, 6, '2018-06-12 13:27:37', -153.7852783203125),
(828, 11560, 6, '2018-06-12 13:27:37', -5606.9716796875),
(829, 41, 6, '2018-06-12 13:27:37', -1552.76171875),
(830, 11562, 6, '2018-06-12 13:27:37', 1325.1015625),
(831, 42, 6, '2018-06-12 13:27:37', -5782.09375),
(832, 44, 6, '2018-06-12 13:27:37', -3116.5908203125),
(833, 11544, 6, '2018-06-12 13:27:37', 869.2172241210938),
(834, 11568, 6, '2018-06-12 13:27:37', 307.9099426269531),
(835, 11621, 6, '2018-06-12 13:27:37', -5931.0302734375),
(836, 11562, 6, '2018-06-12 13:27:37', 1079.7008056640625),
(837, 40, 6, '2018-06-12 13:27:37', -6413.3369140625),
(838, 11587, 6, '2018-06-12 13:27:37', -524.3003540039062),
(839, 11642, 6, '2018-06-12 13:27:37', 145.9872283935547),
(840, 26, 6, '2018-06-12 13:27:37', -4358.810546875),
(841, 11558, 6, '2018-06-12 13:27:37', -225.5471954345703),
(842, 11578, 6, '2018-06-12 13:27:37', -1312.5760498046875),
(843, 11622, 6, '2018-06-12 13:27:37', -3307.24755859375),
(844, 11599, 6, '2018-06-12 13:27:37', -3670.749755859375),
(845, 11591, 6, '2018-06-12 13:27:37', -6576.60009765625),
(846, 11581, 6, '2018-06-12 13:27:37', 940.383056640625),
(847, 11621, 6, '2018-06-12 13:27:37', -798.4745483398438),
(848, 1, 6, '2018-06-12 13:27:37', -450.9190673828125),
(849, 7, 6, '2018-06-12 13:27:37', 1089.32421875),
(850, 11562, 6, '2018-06-12 13:27:37', 2892.618896484375),
(851, 11596, 6, '2018-06-12 13:27:37', -1058.4111328125),
(852, 11631, 6, '2018-06-12 13:27:37', -3973.04638671875),
(853, 11615, 6, '2018-06-12 13:27:37', 122.60478973388672),
(854, 11548, 6, '2018-06-12 13:27:37', -5576.193359375),
(855, 11543, 6, '2018-06-12 13:27:37', -957.3233032226562),
(856, 11581, 6, '2018-06-12 13:27:37', -3913.2080078125),
(857, 11599, 6, '2018-06-12 13:27:37', -954.8255615234375),
(858, 11624, 6, '2018-06-12 13:27:37', -1346.775390625),
(859, 11624, 6, '2018-06-12 13:27:37', -100.44688415527344),
(860, 11610, 6, '2018-06-12 13:27:37', -6251.49658203125),
(861, 11587, 6, '2018-06-12 13:27:37', -303.05682373046875),
(862, 11562, 6, '2018-06-12 13:27:37', 462.7501220703125),
(863, 11546, 6, '2018-06-12 13:27:37', 2471.969482421875),
(864, 4, 6, '2018-06-12 13:27:37', -2396.802978515625),
(865, 11581, 6, '2018-06-12 13:27:37', -1294.480224609375),
(866, 11558, 6, '2018-06-12 13:27:37', 121.56616973876953),
(867, 11615, 6, '2018-06-12 13:27:37', -438.18359375),
(868, 18, 6, '2018-06-12 13:27:37', -2501.98388671875),
(869, 43, 6, '2018-06-12 13:27:37', -6836.3046875),
(870, 11557, 6, '2018-06-12 13:27:37', -2913.360107421875),
(871, 7, 6, '2018-06-12 13:27:37', 556.2755126953125),
(872, 11593, 6, '2018-06-12 13:27:37', 716.6946411132812),
(873, 11604, 6, '2018-06-12 13:27:37', -591.2864379882812),
(874, 11581, 6, '2018-06-12 13:27:37', 484.56756591796875),
(875, 11624, 6, '2018-06-12 13:27:37', 73.06704711914062),
(876, 11546, 6, '2018-06-12 13:27:37', -3245.407958984375),
(877, 11557, 6, '2018-06-12 13:27:37', 411.00799560546875),
(878, 11568, 6, '2018-06-12 13:27:37', 669.4752197265625),
(879, 7, 6, '2018-06-12 13:27:37', 548.0177001953125),
(880, 11593, 6, '2018-06-12 13:27:37', 1407.1527099609375),
(881, 11543, 6, '2018-06-12 13:27:37', -138.68820190429688),
(882, 11567, 6, '2018-06-12 13:27:37', 108.79216766357422),
(883, 11625, 6, '2018-06-12 13:27:37', -1963.86669921875),
(884, 11580, 6, '2018-06-12 13:27:37', -1282.98193359375),
(885, 11563, 6, '2018-06-12 13:27:37', -1620.3671875),
(886, 11630, 6, '2018-06-12 13:27:37', 1146.1612548828125),
(887, 11607, 6, '2018-06-12 13:27:37', -3071.034912109375),
(888, 11554, 6, '2018-06-12 13:27:37', 2859.956787109375),
(889, 11631, 6, '2018-06-12 13:27:37', 2093.9736328125);

-- --------------------------------------------------------

--
-- Struktura tabeli dla tabeli `indeks_gieldowy`
--

CREATE TABLE `indeks_gieldowy` (
  `id` int(11) NOT NULL,
  `nazwa` varchar(255) NOT NULL
) ENGINE=InnoDB DEFAULT CHARSET=utf8mb4;

--
-- Zrzut danych tabeli `indeks_gieldowy`
--

INSERT INTO `indeks_gieldowy` (`id`, `nazwa`) VALUES
(1, 'ABC'),
(2, 'XYZ'),
(3, 'ONE'),
(4, 'BAZ');

-- --------------------------------------------------------

--
-- Struktura tabeli dla tabeli `notowania_gieldowe`
--

CREATE TABLE `notowania_gieldowe` (
  `id` int(11) NOT NULL,
  `id_spolki` int(11) DEFAULT NULL,
  `ilosc_akcji` int(11) NOT NULL,
  `czas` datetime NOT NULL DEFAULT CURRENT_TIMESTAMP,
  `cena` float NOT NULL DEFAULT '0'
) ENGINE=InnoDB DEFAULT CHARSET=utf8mb4;

--
-- Zrzut danych tabeli `notowania_gieldowe`
--

INSERT INTO `notowania_gieldowe` (`id`, `id_spolki`, `ilosc_akcji`, `czas`, `cena`) VALUES
(2, 1, 100, '0000-00-00 00:00:00', 100),
(3, 2, 1000, '0000-00-00 00:00:00', 10),
(4, 3, 35, '0000-00-00 00:00:00', 120),
(5, 4, 10000, '0000-00-00 00:00:00', 1),
(6, 5, 324, '0000-00-00 00:00:00', 21),
(7, 6, 54, '0000-00-00 00:00:00', 54),
(8, 7, 100000, '0000-00-00 00:00:00', 0.1),
(9, 8, 533, '0000-00-00 00:00:00', 64),
(10, 9, 321, '0000-00-00 00:00:00', 123),
(12, 10, 1123, '0000-00-00 00:00:00', 11);

-- --------------------------------------------------------

--
-- Struktura tabeli dla tabeli `notowania_gieldowe_historia`
--

CREATE TABLE `notowania_gieldowe_historia` (
  `id` int(11) NOT NULL,
  `id_spolki` int(11) DEFAULT NULL,
  `czas` datetime NOT NULL DEFAULT CURRENT_TIMESTAMP,
  `cena` float NOT NULL DEFAULT '0'
) ENGINE=InnoDB DEFAULT CHARSET=utf8mb4;

--
-- Zrzut danych tabeli `notowania_gieldowe_historia`
--

INSERT INTO `notowania_gieldowe_historia` (`id`, `id_spolki`, `czas`, `cena`) VALUES
(1, 10, '2018-06-11 20:27:36', 38.3327),
(2, 7, '2018-06-11 20:27:36', 4.81291),
(3, 2, '2018-06-11 20:27:36', 24.7041),
(4, 4, '2018-06-11 20:27:36', 9.61476),
(5, 9, '2018-06-11 20:27:36', 150.848),
(6, 6, '2018-06-11 20:27:36', 68.0848),
(7, 1, '2018-06-11 20:27:36', 116.873),
(8, 5, '2018-06-11 20:27:36', 52.8205),
(9, 8, '2018-06-11 20:27:36', 92.8018),
(10, 3, '2018-06-11 20:27:36', 137.387),
(11, 10, '2018-06-11 20:27:36', 63.8089),
(12, 7, '2018-06-11 20:27:36', 0.957298),
(13, 2, '2018-06-11 20:27:36', 23.2446),
(14, 4, '2018-06-11 20:27:36', 20.0814),
(15, 9, '2018-06-11 20:27:36', 177.213),
(16, 6, '2018-06-11 20:27:36', 72.2971),
(17, 1, '2018-06-11 20:27:36', 143.092),
(18, 5, '2018-06-11 20:27:36', 28.6005),
(19, 8, '2018-06-11 20:27:36', 142.397),
(20, 3, '2018-06-11 20:27:36', 121.995),
(21, 10, '2018-06-11 20:27:36', 78.728),
(22, 7, '2018-06-11 20:27:36', 13.2601),
(23, 2, '2018-06-11 20:27:36', 34.5203),
(24, 4, '2018-06-11 20:27:36', 3.75378),
(25, 9, '2018-06-11 20:27:36', 203.378),
(26, 6, '2018-06-11 20:27:36', 73.2973),
(27, 1, '2018-06-11 20:27:36', 153.867),
(28, 5, '2018-06-11 20:27:36', 26.5643),
(29, 8, '2018-06-11 20:27:36', 145.203),
(30, 3, '2018-06-11 20:27:36', 139.692),
(31, 10, '2018-06-11 20:27:36', 113.193),
(32, 7, '2018-06-11 20:27:36', 42.0951),
(33, 2, '2018-06-11 20:27:36', 49.3057),
(34, 4, '2018-06-11 20:27:36', 29.8939),
(35, 9, '2018-06-11 20:27:36', 231.9),
(36, 6, '2018-06-11 20:27:36', 72.2923),
(37, 1, '2018-06-11 20:27:36', 154.739),
(38, 5, '2018-06-11 20:27:36', 44.7432),
(39, 8, '2018-06-11 20:27:36', 142.84),
(40, 3, '2018-06-11 20:27:36', 137.719),
(41, 10, '2018-06-11 20:27:36', 146.582),
(42, 7, '2018-06-11 20:27:36', 47.5517),
(43, 2, '2018-06-11 20:27:36', 41.7821),
(44, 4, '2018-06-11 20:27:36', 45.1118),
(45, 9, '2018-06-11 20:27:36', 219.31),
(46, 6, '2018-06-11 20:27:36', 3427.98),
(47, 5, '2018-06-11 20:27:36', 41.3063),
(48, 8, '2018-06-11 20:27:36', 106.011),
(49, 3, '2018-06-11 20:27:36', 146.07),
(50, 10, '2018-06-11 20:27:36', 122.416),
(51, 7, '2018-06-11 20:27:36', 65.3759),
(52, 2, '2018-06-11 20:27:36', 69.9256),
(53, 4, '2018-06-11 20:27:36', 44.4291),
(54, 9, '2018-06-11 20:27:36', 207.45),
(55, 1, '2018-06-11 20:27:36', 156.934),
(56, 5, '2018-06-11 20:27:36', 66.382),
(57, 8, '2018-06-11 20:27:36', 132.049),
(58, 3, '2018-06-11 20:27:36', 4664.25),
(59, 10, '2018-06-11 20:27:36', 130.125),
(60, 7, '2018-06-11 20:27:36', 53.8508),
(61, 2, '2018-06-11 20:27:36', 101.21),
(62, 4, '2018-06-11 20:27:37', 47.5716),
(63, 9, '2018-06-11 20:27:37', 205.524),
(64, 1, '2018-06-11 20:27:37', 154.907),
(65, 5, '2018-06-11 20:27:37', 69.3642),
(66, 8, '2018-06-11 20:27:37', 114.222),
(67, 10, '2018-06-11 20:27:37', 150.61),
(68, 7, '2018-06-11 20:27:37', 63.3152),
(69, 2, '2018-06-11 20:27:37', 88.4741),
(70, 4, '2018-06-11 20:27:37', 46.9967),
(71, 9, '2018-06-11 20:27:37', 220.409),
(72, 1, '2018-06-11 20:27:37', 172.111),
(73, 5, '2018-06-11 20:27:37', 72.6305),
(74, 8, '2018-06-11 20:27:37', 144.674),
(75, 10, '2018-06-11 20:27:37', 152.504),
(76, 7, '2018-06-11 20:27:37', 59.5724),
(77, 2, '2018-06-11 20:27:37', 82.1349),
(78, 4, '2018-06-11 20:27:37', 48.084),
(79, 9, '2018-06-11 20:27:37', 207.062),
(80, 5, '2018-06-11 20:27:37', 70.9303),
(81, 8, '2018-06-11 20:27:37', 132.997),
(82, 10, '2018-06-11 20:27:37', 175.647),
(83, 7, '2018-06-11 20:27:37', 57.5172),
(84, 2, '2018-06-11 20:27:37', 71.4606),
(85, 4, '2018-06-11 20:27:37', 59.2006),
(86, 1, '2018-06-11 20:27:37', 13492.5),
(87, 5, '2018-06-11 20:27:37', 86.9647),
(88, 8, '2018-06-11 20:27:37', 166.832),
(89, 10, '2018-06-11 20:27:37', 194.26),
(90, 7, '2018-06-11 20:27:37', 81.9),
(91, 2, '2018-06-11 20:27:37', 110.894),
(92, 4, '2018-06-11 20:27:37', 57.5107),
(93, 9, '2018-06-11 20:27:37', 244.215),
(94, 1, '2018-06-11 20:27:37', 160.509),
(95, 5, '2018-06-11 20:27:37', 86.4136),
(96, 8, '2018-06-11 20:27:37', 170.178),
(97, 10, '2018-06-11 20:27:37', 181.168),
(98, 7, '2018-06-11 20:27:37', 81.1195),
(99, 2, '2018-06-11 20:27:37', 124.761),
(100, 4, '2018-06-11 20:27:37', 75.3716),
(101, 9, '2018-06-11 20:27:37', 273.975),
(102, 1, '2018-06-11 20:27:37', 164.912),
(103, 8, '2018-06-11 20:27:37', 167.208),
(104, 10, '2018-06-12 13:27:16', 180.225),
(105, 7, '2018-06-12 13:27:16', 79.6059),
(106, 2, '2018-06-12 13:27:16', 138.114),
(107, 4, '2018-06-12 13:27:16', 73.672),
(108, 9, '2018-06-12 13:27:16', 276.4),
(109, 1, '2018-06-12 13:27:16', 171.854),
(110, 5, '2018-06-12 13:27:16', 92.4605),
(111, 8, '2018-06-12 13:27:16', 143.386),
(112, 10, '2018-06-12 13:27:16', 177.927),
(113, 7, '2018-06-12 13:27:16', 91.0514),
(114, 2, '2018-06-12 13:27:16', 157.629),
(115, 4, '2018-06-12 13:27:16', 73.3825),
(116, 9, '2018-06-12 13:27:16', 310.462),
(117, 5, '2018-06-12 13:27:16', 102.367),
(118, 8, '2018-06-12 13:27:16', 185.999),
(119, 10, '2018-06-12 13:27:16', 180.825),
(120, 7, '2018-06-12 13:27:16', 87.9657),
(121, 2, '2018-06-12 13:27:16', 174.07),
(122, 4, '2018-06-12 13:27:16', 93.8303),
(123, 9, '2018-06-12 13:27:16', 335.528),
(124, 5, '2018-06-12 13:27:16', 100.784),
(125, 8, '2018-06-12 13:27:16', 200.944),
(126, 3, '2018-06-12 13:27:16', 146.49),
(127, 10, '2018-06-12 13:27:16', 205.144),
(128, 7, '2018-06-12 13:27:16', 71.7859),
(129, 2, '2018-06-12 13:27:17', 171.747),
(130, 4, '2018-06-12 13:27:17', 117.642),
(131, 9, '2018-06-12 13:27:17', 359.582),
(132, 1, '2018-06-12 13:27:17', 172.803),
(133, 5, '2018-06-12 13:27:17', 85.1081),
(134, 8, '2018-06-12 13:27:17', 218.183),
(135, 3, '2018-06-12 13:27:17', 139.247),
(136, 10, '2018-06-12 13:27:17', 196.775),
(137, 7, '2018-06-12 13:27:17', 66.2234),
(138, 2, '2018-06-12 13:27:17', 171.03),
(139, 4, '2018-06-12 13:27:17', 153.91),
(140, 9, '2018-06-12 13:27:17', 346.858),
(141, 1, '2018-06-12 13:27:17', 170.593),
(142, 5, '2018-06-12 13:27:17', 88.4852),
(143, 10, '2018-06-12 13:27:17', 193.369),
(144, 7, '2018-06-12 13:27:17', 75.2909),
(145, 2, '2018-06-12 13:27:17', 122.629),
(146, 4, '2018-06-12 13:27:17', 160.233),
(147, 9, '2018-06-12 13:27:17', 342.871),
(148, 6, '2018-06-12 13:27:17', 72.611),
(149, 5, '2018-06-12 13:27:17', 90.4515),
(150, 8, '2018-06-12 13:27:17', 227.579),
(151, 10, '2018-06-12 13:27:17', 199.062),
(152, 7, '2018-06-12 13:27:17', 71.0264),
(153, 2, '2018-06-12 13:27:17', 146.325),
(154, 4, '2018-06-12 13:27:17', 156.638),
(155, 6, '2018-06-12 13:27:17', 3427.98),
(156, 5, '2018-06-12 13:27:17', 92.3099),
(157, 8, '2018-06-12 13:27:17', 229.615),
(158, 3, '2018-06-12 13:27:17', 4664.25),
(159, 10, '2018-06-12 13:27:17', 224.006),
(160, 7, '2018-06-12 13:27:17', 70.6325),
(161, 2, '2018-06-12 13:27:17', 144.529),
(162, 4, '2018-06-12 13:27:17', 171.187),
(163, 9, '2018-06-12 13:27:17', 340.494),
(164, 1, '2018-06-12 13:27:17', 168.883),
(165, 5, '2018-06-12 13:27:17', 97.086),
(166, 8, '2018-06-12 13:27:17', 273.894),
(167, 3, '2018-06-12 13:27:17', 141.757),
(168, 10, '2018-06-12 13:27:17', 237.208),
(169, 7, '2018-06-12 13:27:17', 70.2734),
(170, 2, '2018-06-12 13:27:17', 164.57),
(171, 4, '2018-06-12 13:27:17', 170.229),
(172, 1, '2018-06-12 13:27:17', 170.846),
(173, 5, '2018-06-12 13:27:17', 97.7505),
(174, 8, '2018-06-12 13:27:17', 288.777),
(175, 3, '2018-06-12 13:27:17', 143.817),
(176, 10, '2018-06-12 13:27:17', 244.067),
(177, 7, '2018-06-12 13:27:17', 84.8037),
(178, 2, '2018-06-12 13:27:17', 191.824),
(179, 4, '2018-06-12 13:27:17', 185.465),
(180, 9, '2018-06-12 13:27:17', 358.658),
(181, 5, '2018-06-12 13:27:17', 96.0976),
(182, 3, '2018-06-12 13:27:17', 142.8),
(183, 10, '2018-06-12 13:27:17', 253.602),
(184, 7, '2018-06-12 13:27:17', 76.801),
(185, 2, '2018-06-12 13:27:17', 178.659),
(186, 4, '2018-06-12 13:27:17', 184.056),
(187, 1, '2018-06-12 13:27:17', 173.906),
(188, 5, '2018-06-12 13:27:17', 103.515),
(189, 8, '2018-06-12 13:27:17', 307.047),
(190, 10, '2018-06-12 13:27:17', 254.821),
(191, 7, '2018-06-12 13:27:17', 75.9196),
(192, 2, '2018-06-12 13:27:17', 199.424),
(193, 4, '2018-06-12 13:27:17', 183.129),
(194, 1, '2018-06-12 13:27:17', 13492.5),
(195, 5, '2018-06-12 13:27:17', 100.929),
(196, 8, '2018-06-12 13:27:17', 324.613),
(197, 10, '2018-06-12 13:27:17', 271.866),
(198, 7, '2018-06-12 13:27:17', 74.4855),
(199, 2, '2018-06-12 13:27:17', 206.914),
(200, 4, '2018-06-12 13:27:17', 178.169),
(201, 5, '2018-06-12 13:27:17', 105.569),
(202, 8, '2018-06-12 13:27:17', 330.103),
(203, 3, '2018-06-12 13:27:17', 141.749),
(204, 10, '2018-06-12 13:27:17', 268.627),
(205, 7, '2018-06-12 13:27:17', 75.0781),
(206, 2, '2018-06-12 13:27:17', 201.688),
(207, 4, '2018-06-12 13:27:17', 193.361),
(208, 5, '2018-06-12 13:27:17', 17958.4),
(209, 10, '2018-06-12 13:27:36', 264.82),
(210, 7, '2018-06-12 13:27:36', 91.0383),
(211, 2, '2018-06-12 13:27:36', 196.493),
(212, 4, '2018-06-12 13:27:36', 217.197),
(213, 3, '2018-06-12 13:27:36', 139.694),
(214, 10, '2018-06-12 13:27:36', 269.85),
(215, 7, '2018-06-12 13:27:36', 91.4528),
(216, 2, '2018-06-12 13:27:36', 210.355),
(217, 9, '2018-06-12 13:27:37', 384.403),
(218, 6, '2018-06-12 13:27:37', 73.2164),
(219, 3, '2018-06-12 13:27:37', 128.504),
(220, 10, '2018-06-12 13:27:37', 305.588),
(221, 2, '2018-06-12 13:27:37', 216.681),
(222, 4, '2018-06-12 13:27:37', 207.675),
(223, 9, '2018-06-12 13:27:37', 403.746),
(224, 8, '2018-06-12 13:27:37', 350.941),
(225, 3, '2018-06-12 13:27:37', 122.483),
(226, 10, '2018-06-12 13:27:37', 317.164),
(227, 7, '2018-06-12 13:27:37', 94.4426),
(228, 2, '2018-06-12 13:27:37', 225.016),
(229, 4, '2018-06-12 13:27:37', 206.149),
(230, 9, '2018-06-12 13:27:37', 421.912),
(231, 8, '2018-06-12 13:27:37', 365.712),
(232, 3, '2018-06-12 13:27:37', 120.776),
(233, 10, '2018-06-12 13:27:37', 303.178),
(234, 7, '2018-06-12 13:27:37', 103.74),
(235, 2, '2018-06-12 13:27:37', 223.954),
(236, 4, '2018-06-12 13:27:37', 205.375),
(237, 9, '2018-06-12 13:27:37', 447.72),
(238, 6, '2018-06-12 13:27:37', 72.6847),
(239, 8, '2018-06-12 13:27:37', 398.642),
(240, 3, '2018-06-12 13:27:37', 126.233),
(241, 10, '2018-06-12 13:27:37', 286.956),
(242, 7, '2018-06-12 13:27:37', 100.738),
(243, 4, '2018-06-12 13:27:37', 204.515),
(244, 9, '2018-06-12 13:27:37', 471.045),
(245, 6, '2018-06-12 13:27:37', 3427.98),
(246, 8, '2018-06-12 13:27:37', 420.112),
(247, 3, '2018-06-12 13:27:37', 127.144),
(248, 10, '2018-06-12 13:27:37', 309.125),
(249, 7, '2018-06-12 13:27:37', 106.158),
(250, 2, '2018-06-12 13:27:37', 218.543),
(251, 4, '2018-06-12 13:27:37', 225.481),
(252, 8, '2018-06-12 13:27:37', 433.845),
(253, 3, '2018-06-12 13:27:37', 121.989),
(254, 10, '2018-06-12 13:27:37', 307.82),
(255, 7, '2018-06-12 13:27:37', 126.813),
(256, 2, '2018-06-12 13:27:37', 214.095),
(257, 4, '2018-06-12 13:27:37', 248.669),
(258, 9, '2018-06-12 13:27:37', 473.507),
(259, 6, '2018-06-12 13:27:37', 72.9137),
(260, 8, '2018-06-12 13:27:37', 452.978),
(261, 3, '2018-06-12 13:27:37', 123.337),
(262, 10, '2018-06-12 13:27:37', 312.997),
(263, 7, '2018-06-12 13:27:37', 138.301),
(264, 2, '2018-06-12 13:27:37', 228.787),
(265, 4, '2018-06-12 13:27:37', 272.383),
(266, 9, '2018-06-12 13:27:37', 469.282),
(267, 8, '2018-06-12 13:27:37', 456.474),
(268, 10, '2018-06-12 13:27:37', 314.775),
(269, 7, '2018-06-12 13:27:37', 134.381),
(270, 2, '2018-06-12 13:27:37', 217.114),
(271, 4, '2018-06-12 13:27:37', 276.194),
(272, 8, '2018-06-12 13:27:37', 473.832),
(273, 3, '2018-06-12 13:27:37', 122.294),
(274, 10, '2018-06-12 13:27:37', 336.711),
(275, 7, '2018-06-12 13:27:37', 137.705),
(276, 2, '2018-06-12 13:27:37', 232.761),
(277, 4, '2018-06-12 13:27:37', 279.631),
(278, 9, '2018-06-12 13:27:37', 475.606),
(279, 6, '2018-06-12 13:27:37', 73.476),
(280, 8, '2018-06-12 13:27:37', 501.02),
(281, 7, '2018-06-12 13:27:37', 138.757),
(282, 2, '2018-06-12 13:27:37', 230.829),
(283, 4, '2018-06-12 13:27:37', 270.703),
(284, 9, '2018-06-12 13:27:37', 486.835),
(285, 8, '2018-06-12 13:27:37', 506.631),
(286, 3, '2018-06-12 13:27:37', 121.43),
(287, 7, '2018-06-12 13:27:37', 140.278),
(288, 2, '2018-06-12 13:27:37', 240.804),
(289, 4, '2018-06-12 13:27:37', 295.297),
(290, 3, '2018-06-12 13:27:37', 138.598),
(291, 7, '2018-06-12 13:27:37', 138.196),
(292, 2, '2018-06-12 13:27:37', 237.809),
(293, 4, '2018-06-12 13:27:37', 297.421),
(294, 9, '2018-06-12 13:27:37', 484.509),
(295, 6, '2018-06-12 13:27:37', 72.8842),
(296, 8, '2018-06-12 13:27:37', 520.675),
(297, 3, '2018-06-12 13:27:37', 136.349),
(298, 10, '2018-06-12 13:27:37', 334.576),
(299, 7, '2018-06-12 13:27:37', 136.331),
(300, 2, '2018-06-12 13:27:37', 231.985),
(301, 6, '2018-06-12 13:27:37', 3427.98),
(302, 5, '2018-06-12 13:27:37', 108.58),
(303, 8, '2018-06-12 13:27:37', 529.157),
(304, 3, '2018-06-12 13:27:37', 143.776),
(305, 7, '2018-06-12 13:27:37', 141.955),
(306, 2, '2018-06-12 13:27:37', 227.141),
(307, 4, '2018-06-12 13:27:37', 308.448),
(308, 9, '2018-06-12 13:27:37', 471.805),
(309, 8, '2018-06-12 13:27:37', 519.2);

-- --------------------------------------------------------

--
-- Struktura tabeli dla tabeli `panstwa`
--

CREATE TABLE `panstwa` (
  `id` int(11) NOT NULL,
  `name` varchar(50) CHARACTER SET utf8 NOT NULL,
  `alpha_2` char(2) CHARACTER SET utf8 NOT NULL,
  `alpha_3` char(3) CHARACTER SET utf8 NOT NULL
) ENGINE=InnoDB DEFAULT CHARSET=utf8mb4;

--
-- Zrzut danych tabeli `panstwa`
--

INSERT INTO `panstwa` (`id`, `name`, `alpha_2`, `alpha_3`) VALUES
(4, 'Afganistan', 'af', 'afg'),
(8, 'Albania', 'al', 'alb'),
(10, 'Antarktyka', 'aq', 'ata'),
(12, 'Algieria', 'dz', 'dza'),
(16, 'Samoa Amerykaskie', 'as', 'asm'),
(20, 'Andora', 'ad', 'and'),
(24, 'Angola', 'ao', 'ago'),
(28, 'Antigua i Barbuda', 'ag', 'atg'),
(31, 'Azerbejdan', 'az', 'aze'),
(32, 'Argentyna', 'ar', 'arg'),
(36, 'Australia', 'au', 'aus'),
(40, 'Austria', 'at', 'aut'),
(44, 'Bahamy', 'bs', 'bhs'),
(48, 'Bahrajn', 'bh', 'bhr'),
(50, 'Bangladesz', 'bd', 'bgd'),
(51, 'Armenia', 'am', 'arm'),
(52, 'Barbados', 'bb', 'brb'),
(56, 'Belgia', 'be', 'bel'),
(60, 'Bermudy', 'bm', 'bmu'),
(64, 'Bhutan', 'bt', 'btn'),
(68, 'Boliwia', 'bo', 'bol'),
(70, 'Bonia i Hercegowina', 'ba', 'bih'),
(72, 'Botswana', 'bw', 'bwa'),
(74, 'Wyspa Bouveta', 'bv', 'bvt'),
(76, 'Brazylia', 'br', 'bra'),
(84, 'Belize', 'bz', 'blz'),
(86, 'Brytyjskie Terytorium Oceanu Indyjskiego', 'io', 'iot'),
(90, 'Wyspy Salomona', 'sb', 'slb'),
(92, 'Brytyjskie Wyspy Dziewicze', 'vg', 'vgb'),
(96, 'Brunei', 'bn', 'brn'),
(100, 'Bugaria', 'bg', 'bgr'),
(104, 'Mjanma', 'mm', 'mmr'),
(108, 'Burundi', 'bi', 'bdi'),
(112, 'Biaoru', 'by', 'blr'),
(116, 'Kamboda', 'kh', 'khm'),
(120, 'Kamerun', 'cm', 'cmr'),
(124, 'Kanada', 'ca', 'can'),
(132, 'Republika Zielonego Przyldka', 'cv', 'cpv'),
(136, 'Kajmany', 'ky', 'cym'),
(140, 'Republika rodkowoafrykaska', 'cf', 'caf'),
(144, 'Sri Lanka', 'lk', 'lka'),
(148, 'Czad', 'td', 'tcd'),
(152, 'Chile', 'cl', 'chl'),
(156, 'Chiny', 'cn', 'chn'),
(158, 'Tajwan', 'tw', 'twn'),
(162, 'Wyspa Boego Narodzenia', 'cx', 'cxr'),
(166, 'Wyspy Kokosowe', 'cc', 'cck'),
(170, 'Kolumbia', 'co', 'col'),
(174, 'Komory', 'km', 'com'),
(175, 'Majotta', 'yt', 'myt'),
(178, 'Kongo', 'cg', 'cog'),
(180, 'Demokratyczna Republika Konga', 'cd', 'cod'),
(184, 'Wyspy Cooka', 'ck', 'cok'),
(188, 'Kostaryka', 'cr', 'cri'),
(191, 'Chorwacja', 'hr', 'hrv'),
(192, 'Kuba', 'cu', 'cub'),
(196, 'Cypr', 'cy', 'cyp'),
(203, 'Czechy', 'cz', 'cze'),
(204, 'Benin', 'bj', 'ben'),
(208, 'Dania', 'dk', 'dnk'),
(212, 'Dominika', 'dm', 'dma'),
(214, 'Dominikana', 'do', 'dom'),
(218, 'Ekwador', 'ec', 'ecu'),
(222, 'Salwador', 'sv', 'slv'),
(226, 'Gwinea Rwnikowa', 'gq', 'gnq'),
(231, 'Etiopia', 'et', 'eth'),
(232, 'Erytrea', 'er', 'eri'),
(233, 'Estonia', 'ee', 'est'),
(234, 'Wyspy Owcze', 'fo', 'fro'),
(238, 'Falklandy', 'fk', 'flk'),
(239, 'Georgia Poudniowa i Sandwich Poudniowy', 'gs', 'sgs'),
(242, 'Fidi', 'fj', 'fji'),
(246, 'Finlandia', 'fi', 'fin'),
(248, 'Wyspy Alandzkie', 'ax', 'ala'),
(250, 'Francja', 'fr', 'fra'),
(254, 'Gujana Francuska', 'gf', 'guf'),
(258, 'Polinezja Francuska', 'pf', 'pyf'),
(260, 'Francuskie Terytoria Poudniowe i Antarktyczne', 'tf', 'atf'),
(262, 'Dibuti', 'dj', 'dji'),
(266, 'Gabon', 'ga', 'gab'),
(268, 'Gruzja', 'ge', 'geo'),
(270, 'Gambia', 'gm', 'gmb'),
(275, 'Palestyna', 'ps', 'pse'),
(276, 'Niemcy', 'de', 'deu'),
(288, 'Ghana', 'gh', 'gha'),
(292, 'Gibraltar', 'gi', 'gib'),
(296, 'Kiribati', 'ki', 'kir'),
(300, 'Grecja', 'gr', 'grc'),
(304, 'Grenlandia', 'gl', 'grl'),
(308, 'Grenada', 'gd', 'grd'),
(312, 'Gwadelupa', 'gp', 'glp'),
(316, 'Guam', 'gu', 'gum'),
(320, 'Gwatemala', 'gt', 'gtm'),
(324, 'Gwinea', 'gn', 'gin'),
(328, 'Gujana', 'gy', 'guy'),
(332, 'Haiti', 'ht', 'hti'),
(334, 'Wyspy Heard i McDonalda', 'hm', 'hmd'),
(336, 'Watykan', 'va', 'vat'),
(340, 'Honduras', 'hn', 'hnd'),
(344, 'Hongkong', 'hk', 'hkg'),
(348, 'Wgry', 'hu', 'hun'),
(352, 'Islandia', 'is', 'isl'),
(356, 'Indie', 'in', 'ind'),
(360, 'Indonezja', 'id', 'idn'),
(364, 'Iran', 'ir', 'irn'),
(368, 'Irak', 'iq', 'irq'),
(372, 'Irlandia', 'ie', 'irl'),
(376, 'Izrael', 'il', 'isr'),
(380, 'Wochy', 'it', 'ita'),
(384, 'Wybrzee Koci Soniowej', 'ci', 'civ'),
(388, 'Jamajka', 'jm', 'jam'),
(392, 'Japonia', 'jp', 'jpn'),
(398, 'Kazachstan', 'kz', 'kaz'),
(400, 'Jordania', 'jo', 'jor'),
(404, 'Kenia', 'ke', 'ken'),
(408, 'Korea Pnocna', 'kp', 'prk'),
(410, 'Korea Poudniowa', 'kr', 'kor'),
(414, 'Kuwejt', 'kw', 'kwt'),
(417, 'Kirgistan', 'kg', 'kgz'),
(418, 'Laos', 'la', 'lao'),
(422, 'Liban', 'lb', 'lbn'),
(426, 'Lesotho', 'ls', 'lso'),
(428, 'otwa', 'lv', 'lva'),
(430, 'Liberia', 'lr', 'lbr'),
(434, 'Libia', 'ly', 'lby'),
(438, 'Liechtenstein', 'li', 'lie'),
(440, 'Litwa', 'lt', 'ltu'),
(442, 'Luksemburg', 'lu', 'lux'),
(446, 'Makau', 'mo', 'mac'),
(450, 'Madagaskar', 'mg', 'mdg'),
(454, 'Malawi', 'mw', 'mwi'),
(458, 'Malezja', 'my', 'mys'),
(462, 'Malediwy', 'mv', 'mdv'),
(466, 'Mali', 'ml', 'mli'),
(470, 'Malta', 'mt', 'mlt'),
(474, 'Martynika', 'mq', 'mtq'),
(478, 'Mauretania', 'mr', 'mrt'),
(480, 'Mauritius', 'mu', 'mus'),
(484, 'Meksyk', 'mx', 'mex'),
(492, 'Monako', 'mc', 'mco'),
(496, 'Mongolia', 'mn', 'mng'),
(498, 'Modawia', 'md', 'mda'),
(499, 'Czarnogra', 'me', 'mne'),
(500, 'Montserrat', 'ms', 'msr'),
(504, 'Maroko', 'ma', 'mar'),
(508, 'Mozambik', 'mz', 'moz'),
(512, 'Oman', 'om', 'omn'),
(516, 'Namibia', 'na', 'nam'),
(520, 'Nauru', 'nr', 'nru'),
(524, 'Nepal', 'np', 'npl'),
(528, 'Holandia', 'nl', 'nld'),
(531, 'Curaao', 'cw', 'cuw'),
(533, 'Aruba', 'aw', 'abw'),
(534, 'Sint Maarten', 'sx', 'sxm'),
(535, 'Bonaire, Sint Eustatius i Saba', 'bq', 'bes'),
(540, 'Nowa Kaledonia', 'nc', 'ncl'),
(548, 'Vanuatu', 'vu', 'vut'),
(554, 'Nowa Zelandia', 'nz', 'nzl'),
(558, 'Nikaragua', 'ni', 'nic'),
(562, 'Niger', 'ne', 'ner'),
(566, 'Nigeria', 'ng', 'nga'),
(570, 'Niue', 'nu', 'niu'),
(574, 'Norfolk', 'nf', 'nfk'),
(578, 'Norwegia', 'no', 'nor'),
(580, 'Mariany Pnocne', 'mp', 'mnp'),
(581, 'Dalekie Wyspy Mniejsze Stanw Zjednoczonych', 'um', 'umi'),
(583, 'Mikronezja', 'fm', 'fsm'),
(584, 'Wyspy Marshalla', 'mh', 'mhl'),
(585, 'Palau', 'pw', 'plw'),
(586, 'Pakistan', 'pk', 'pak'),
(591, 'Panama', 'pa', 'pan'),
(598, 'Papua-Nowa Gwinea', 'pg', 'png'),
(600, 'Paragwaj', 'py', 'pry'),
(604, 'Peru', 'pe', 'per'),
(608, 'Filipiny', 'ph', 'phl'),
(612, 'Pitcairn', 'pn', 'pcn'),
(616, 'Polska', 'pl', 'pol'),
(620, 'Portugalia', 'pt', 'prt'),
(624, 'Gwinea Bissau', 'gw', 'gnb'),
(626, 'Timor Wschodni', 'tl', 'tls'),
(630, 'Portoryko', 'pr', 'pri'),
(634, 'Katar', 'qa', 'qat'),
(638, 'Reunion', 're', 'reu'),
(642, 'Rumunia', 'ro', 'rou'),
(643, 'Rosja', 'ru', 'rus'),
(646, 'Rwanda', 'rw', 'rwa'),
(652, 'Saint-Barthlemy', 'bl', 'blm'),
(654, 'Wyspa witej Heleny, Wyspa Wniebowstpienia i Tri', 'sh', 'shn'),
(659, 'Saint Kitts i Nevis', 'kn', 'kna'),
(660, 'Anguilla', 'ai', 'aia'),
(662, 'Saint Lucia', 'lc', 'lca'),
(663, 'Saint-Martin', 'mf', 'maf'),
(666, 'Saint-Pierre i Miquelon', 'pm', 'spm'),
(670, 'Saint Vincent i Grenadyny', 'vc', 'vct'),
(674, 'San Marino', 'sm', 'smr'),
(678, 'Wyspy witego Tomasza i Ksica', 'st', 'stp'),
(682, 'Arabia Saudyjska', 'sa', 'sau'),
(686, 'Senegal', 'sn', 'sen'),
(688, 'Serbia', 'rs', 'srb'),
(690, 'Seszele', 'sc', 'syc'),
(694, 'Sierra Leone', 'sl', 'sle'),
(702, 'Singapur', 'sg', 'sgp'),
(703, 'Sowacja', 'sk', 'svk'),
(704, 'Wietnam', 'vn', 'vnm'),
(705, 'Sowenia', 'si', 'svn'),
(706, 'Somalia', 'so', 'som'),
(710, 'Poudniowa Afryka', 'za', 'zaf'),
(716, 'Zimbabwe', 'zw', 'zwe'),
(724, 'Hiszpania', 'es', 'esp'),
(728, 'Sudan Poudniowy', 'ss', 'ssd'),
(729, 'Sudan', 'sd', 'sdn'),
(732, 'Sahara Zachodnia', 'eh', 'esh'),
(740, 'Surinam', 'sr', 'sur'),
(744, 'Svalbard i Jan Mayen', 'sj', 'sjm'),
(748, 'Suazi', 'sz', 'swz'),
(752, 'Szwecja', 'se', 'swe'),
(756, 'Szwajcaria', 'ch', 'che'),
(760, 'Syria', 'sy', 'syr'),
(762, 'Tadykistan', 'tj', 'tjk'),
(764, 'Tajlandia', 'th', 'tha'),
(768, 'Togo', 'tg', 'tgo'),
(772, 'Tokelau', 'tk', 'tkl'),
(776, 'Tonga', 'to', 'ton'),
(780, 'Trynidad i Tobago', 'tt', 'tto'),
(784, 'Zjednoczone Emiraty Arabskie', 'ae', 'are'),
(788, 'Tunezja', 'tn', 'tun'),
(792, 'Turcja', 'tr', 'tur'),
(795, 'Turkmenistan', 'tm', 'tkm'),
(796, 'Turks i Caicos', 'tc', 'tca'),
(798, 'Tuvalu', 'tv', 'tuv'),
(800, 'Uganda', 'ug', 'uga'),
(804, 'Ukraina', 'ua', 'ukr'),
(807, 'Macedonia', 'mk', 'mkd'),
(818, 'Egipt', 'eg', 'egy'),
(826, 'Wielka Brytania', 'gb', 'gbr'),
(831, 'Guernsey', 'gg', 'ggy'),
(832, 'Jersey', 'je', 'jey'),
(833, 'Wyspa Man', 'im', 'imn'),
(834, 'Tanzania', 'tz', 'tza'),
(840, 'Stany Zjednoczone', 'us', 'usa'),
(850, 'Wyspy Dziewicze Stanw Zjednoczonych', 'vi', 'vir'),
(854, 'Burkina Faso', 'bf', 'bfa'),
(858, 'Urugwaj', 'uy', 'ury'),
(860, 'Uzbekistan', 'uz', 'uzb'),
(862, 'Wenezuela', 've', 'ven'),
(876, 'Wallis i Futuna', 'wf', 'wlf'),
(882, 'Samoa', 'ws', 'wsm'),
(887, 'Jemen', 'ye', 'yem'),
(894, 'Zambia', 'zm', 'zmb');

-- --------------------------------------------------------

--
-- Struktura tabeli dla tabeli `spolki_gieldowe`
--

CREATE TABLE `spolki_gieldowe` (
  `id` int(11) NOT NULL,
  `nazwa` varchar(255) NOT NULL,
  `id_indeks_gieldowy` int(11) NOT NULL
) ENGINE=InnoDB DEFAULT CHARSET=utf8mb4;

--
-- Zrzut danych tabeli `spolki_gieldowe`
--

INSERT INTO `spolki_gieldowe` (`id`, `nazwa`, `id_indeks_gieldowy`) VALUES
(1, 'PIO', 1),
(2, 'JAR', 2),
(3, 'PAW', 3),
(4, 'KOT', 4),
(5, 'WAZ', 3),
(6, 'OSA', 4),
(7, 'LIS', 2),
(8, 'TAK', 1),
(9, 'NIE', 3),
(10, 'ITP', 2);

-- --------------------------------------------------------

--
-- Struktura tabeli dla tabeli `strona_funkcje`
--

CREATE TABLE `strona_funkcje` (
  `id` int(11) NOT NULL,
  `nazwa` varchar(191) NOT NULL,
  `ranga_domyslna` int(11) NOT NULL DEFAULT '0',
  `logowanie` int(3) NOT NULL DEFAULT '1'
) ENGINE=InnoDB DEFAULT CHARSET=utf8mb4;

--
-- Zrzut danych tabeli `strona_funkcje`
--

INSERT INTO `strona_funkcje` (`id`, `nazwa`, `ranga_domyslna`, `logowanie`) VALUES
(1, 'home/index', 1, 1),
(2, 'akcje/index', 1, 1),
(3, 'logowanie/index', 0, 0),
(4, 'portfel/index', 1, 1),
(5, 'waluty/index', 1, 1),
(6, 'welcome/index', 2, 1),
(7, 'logowanie/zaloguj_uzytkownika', 0, 0),
(8, 'logowanie/wyloguj_uzytkownika', 1, 1),
(9, 'portfel/wplata', 1, 1),
(10, 'portfel/wyplata', 1, 1),
(11, 'portfel/wyplata_check', 1, 1),
(12, 'portfel', 1, 1),
(13, 'akcje', 1, 1),
(14, 'waluty', 1, 1),
(15, 'uzytkownicy', 2, 1),
(16, 'portfel/wplata_check', 1, 1),
(17, 'waluty/wymien', 1, 1),
(19, 'akcje/kup', 1, 1),
(20, 'akcje/sprzedaj', 1, 1),
(21, 'akcje/podglad', 1, 1),
(22, 'uzytkownicy/dodaj', 3, 1),
(23, 'uzytkownicy/szukaj', 2, 1),
(24, 'uzytkownicy/index', 2, 1),
(25, 'ustawienia', 1, 1),
(26, 'ustawienia/index', 1, 1),
(27, 'uzytkownicy/dodaj_check', 3, 1),
(28, 'uzytkownicy/edytuj', 3, 1),
(30, 'ustawienia/adresy', 1, 1),
(31, 'ustawienia/dane_logowania', 1, 1),
(32, 'ustawienia/dane_osobowe', 1, 1),
(33, 'historia', 1, 1),
(34, 'historia/akcje', 1, 1),
(35, 'historia/waluty', 1, 1),
(36, 'historia/logowania', 1, 1),
(37, 'historia/index', 1, 1),
(39, 'uzytkownicy/edytuj_check', 3, 1),
(40, 'portfel/wplata_check_ipn', 0, 0),
(41, 'akcje/moje_akcje', 1, 1),
(42, 'uzytkownicy/uzytkownik', 2, 1),
(43, 'historia_podglad_moderator', 2, 1);

-- --------------------------------------------------------

--
-- Struktura tabeli dla tabeli `strona_role`
--

CREATE TABLE `strona_role` (
  `id` int(11) NOT NULL,
  `typ_uzytkownika` int(11) NOT NULL DEFAULT '1',
  `nazwa_typu` varchar(255) NOT NULL
) ENGINE=InnoDB DEFAULT CHARSET=utf8mb4;

--
-- Zrzut danych tabeli `strona_role`
--

INSERT INTO `strona_role` (`id`, `typ_uzytkownika`, `nazwa_typu`) VALUES
(13, 1, 'Inwestor'),
(14, 2, 'Moderator'),
(15, 3, 'Administrator'),
(16, 0, 'Go');

-- --------------------------------------------------------

--
-- Struktura tabeli dla tabeli `uzytkownicy`
--

CREATE TABLE `uzytkownicy` (
  `id` int(11) NOT NULL,
  `imie` varchar(100) NOT NULL,
  `nazwisko` varchar(100) NOT NULL,
  `email` varchar(150) NOT NULL,
  `nazwa_uzytkownika` varchar(100) NOT NULL,
  `haslo` varchar(255) NOT NULL,
  `data_urodzenia` timestamp NOT NULL DEFAULT '0000-00-00 00:00:00',
  `register_hash` varchar(255) NOT NULL DEFAULT '0',
  `czas_dostepu` int(11) NOT NULL,
  `zaakceptowany` int(11) NOT NULL DEFAULT '0'
) ENGINE=InnoDB DEFAULT CHARSET=utf8mb4;

--
-- Zrzut danych tabeli `uzytkownicy`
--

INSERT INTO `uzytkownicy` (`id`, `imie`, `nazwisko`, `email`, `nazwa_uzytkownika`, `haslo`, `data_urodzenia`, `register_hash`, `czas_dostepu`, `zaakceptowany`) VALUES
(1, 'Maciej', 'Kowalewski', 'xx@xd.xx', 'test', '$2y$10$whjGHlDnppeHiA.n.4QcXOKbNO.qmULZB2POPgO6XWqYixxoM0Cx2', '2018-04-13 22:00:00', '0', 1548243011, 1),
(2, 'Test', 'testowy', 'domo12@onet.pl', 'test2', '$2y$10$whjGHlDnppeHiA.n.4QcXOKbNO.qmULZB2POPgO6XWqYixxoM0Cx2', '0000-00-00 00:00:00', '0', 0, 1),
(4, 'Test', 'Testowy', 'crazydazy98@yahu.pl', 'test3', '$2y$10$whjGHlDnppeHiA.n.4QcXOKbNO.qmULZB2POPgO6XWqYixxoM0Cx2', '1992-02-04 23:00:00', '0', 1528730640, 1),
(7, 'Jarek', 'T', 'jtomasaik1579@gmail.com', 'jarekt', '$2y$10$whjGHlDnppeHiA.n.4QcXOKbNO.qmULZB2POPgO6XWqYixxoM0Cx2', '1996-04-16 22:00:00', '0', 0, 1),
(16, 'Piotr', 'Z', 'ziolko.piotr@yahoo.pl', 'piotrz', '$2y$10$5j240uJ7f9DQDQLd2EROEeJkktO5AYxrIuDfKjIcboncyZRtbkKam', '1997-05-18 22:00:00', '', 0, 1),
(18, 'PAwel', 'Rak', 'raku1479@gmail.com', 'pawel', '$2y$10$Yl2ca9T2TXb/ZOaLTznhMeUEFm4q3B5fhU4n3IE7pX3elIOP5adI2', '2018-04-13 22:00:00', '', 0, 1),
(23, 'Piotr', 'Z', 'piotr.ziolko@outlook.com', 'piotrzet', '$2y$10$YJznzXhI3oN85ngYFC8gTuaCpDlYN8ZqIxAtdy7OLJKHfDCUPm2V2', '2018-05-08 22:00:00', '', 0, 1),
(24, 'piotr', 'asf', 'afa@sfd.pl', 'asfsaf', '', '2018-05-17 22:00:00', '15259491305af422cae429f0.86235033', 0, 1),
(25, 'Piotr', 'xzf', 'asfsaf@asfk.pl', 'asfsafk', '', '2018-05-04 22:00:00', '15259528155af4312fd27e86.17823635', 0, 1),
(26, 'Piotr', 'xzf', 'asfsaf@asfk.plk', 'asfsafkk', '', '2018-05-04 22:00:00', '15259531295af4326989de54.42277331', 0, 1),
(27, 'safsa', 'safsaf', 'vrhigzn6fzta@10minut.xyz', 'xdeeee', '$2y$10$y.aVDmX2ZzX4vSOS2czkaetUtiBuF1ykhv0RGPE0b8MAuf//JhqP6', '2018-04-30 22:00:00', '', 0, 1),
(28, 'X', 'X', '4qzhsz1ps968@10minut.xyz', 'sdf', '1234', '2018-05-01 22:00:00', '15262259175af85bfdb36f09.61062428', 0, 1),
(29, 'Pawe', 'Styropian', '8aktukrcrp7a@10minut.xyz', 'pawelll', '', '2018-05-14 22:00:00', '15263862185aface2a2a3c98.18126244', 0, 1),
(30, 'Pawe', 'Styropian', 'bupinev@aditus.info', 'pawel6543', '$2y$10$mrLjXTewvvW2M9WyY84wcOyRLjgk/Q1IigtDCcArBRrWJ7Ta48DGO', '2018-05-14 22:00:00', '', 0, 1),
(31, 'Pawe', 'Styropian', 'fdgchj@aditus.info', 'pawelek', '$2y$10$8vRhE6Lix320i6YqrypULOztJWRiLlNxxlVSB59g19dGfTQRJcOUm', '2018-05-14 22:00:00', '', 0, 1),
(32, 'jan', 'jaja', 'fdsf@aditus.info', 'ydt', '$2y$10$IRucgFt6jdL97IRtCf76y.urvo3oDfxmB/KvkZN5Q79YgKNP3bwZy', '2018-05-16 22:00:00', '', 0, 1),
(33, 'sdgg', 'asdf', 'juboki@storiqax.topf', 'asd', '', '2018-05-07 22:00:00', '15275342245b0c5290ea1349.88220825', 0, 1),
(34, 'sgdh', 'sdfg', 'juboki@storiqax.top', 'asdfg', '', '2018-05-04 22:00:00', '15267159555affd633cf1b01.33308090', 0, 1),
(35, 'b0a402f', 'a0d21c', '7312@620.7a', 'a00abb9', '', '1985-08-30 14:29:02', '15282317335b16f735676055.81563851', 0, 1),
(36, 'c1518e1', '6868cc', '2948@ef8.92', '226f162', '', '2004-08-27 01:09:10', '15282317485b16f744a39ba7.76846224', 0, 1),
(37, 'bd1aed7', '88afe0', '8447@3ef.d4', '49ed1cc', '', '1972-09-08 03:16:08', '15282318725b16f7c0642734.02286487', 0, 1),
(38, '372eb7f', '1b3fba', 'af31@52c.d4', '3c64031', '', '1971-09-19 05:37:27', '15282318775b16f7c5ada5b9.53772915', 0, 1),
(39, 'd39c50e', 'c1a933', '3aa2@8be.29', '974dc80', '', '1981-03-13 03:22:54', '15282319505b16f80eb97126.89785634', 0, 1),
(40, 'fb3669b', 'c0ee02', '9036@c4a.70', 'cfab6c3', '', '2017-07-19 18:24:19', '15282319685b16f820129d27.93387032', 0, 1),
(41, 'b161e81', '2a3828', '920e@fd1.0c', 'f4ad890', '', '1990-03-28 01:05:17', '15282319685b16f82018ca52.64230699', 0, 1),
(42, 'a344eda', '990c84', '4931@265.a6', '4eacf72', '', '1977-10-23 22:01:12', '15282319685b16f82019e758.75879137', 0, 1),
(43, '9fbabf4', '80655c', 'cf60@06b.e4', 'cc48bf5', '', '1989-04-01 03:01:53', '15282319685b16f8201abe97.16334790', 0, 1),
(44, '8650616', 'e2785d', '473a@5d8.83', 'be64f63', '', '2014-09-02 08:54:06', '15282319685b16f8201c6361.30724673', 0, 1),
(45, 'eb7b07b', '2d8313', 'abea@438.4b', 'f02a3ed', '', '2003-08-07 11:41:05', '15282319685b16f8201e8494.74223037', 0, 1),
(46, '9ca96e7', '87c6e4', 'cf7f@865.54', '617e071', '', '1981-10-10 14:35:11', '15282319685b16f8201f8339.69407712', 0, 1),
(47, '2a11615', '680534', '57ef@e59.74', '4d2a427', '', '2000-08-22 01:33:26', '15282319685b16f82020b5b2.60217685', 0, 1),
(48, '7b1c876', '6f1b41', '50e7@57f.2b', 'c881e7c', '', '1991-01-06 22:47:06', '15282319685b16f820220164.66570636', 0, 1),
(49, 'e910d41', '499fae', '186a@9ee.02', 'a949410', '', '2013-08-28 12:40:29', '15282319685b16f82022d502.66998616', 0, 1),
(50, '566c086', '9f9bec', '973e@481.9d', '0f8efbb', '', '2007-03-02 00:10:09', '15282319685b16f82023ac90.34646368', 0, 1),
(11543, 'JFJSBUC', 'YZQHGY', 'd73f@UZH.FK', 'cb702fa', '', '2017-06-21 03:15:45', '15287413725b1ebdfc70f7d0.25203283', 0, 1),
(11544, 'IBKJSNI', 'NJAKLI', '308c@CVI.IB', '8e09a87', '', '1986-10-15 21:05:30', '15287413725b1ebdfc72adf7.20380374', 0, 1),
(11545, 'AVITKEF', 'ZTSGYE', '52ba@JQQ.MI', 'd528d2e', '', '2014-02-23 00:20:13', '15287413725b1ebdfc736606.62308855', 0, 1),
(11546, 'IHMKVQC', 'KSFVQZ', 'd5d0@ZLL.KC', 'fd5fe71', '', '1986-04-16 22:53:33', '15287413725b1ebdfc741a09.78178000', 0, 1),
(11547, 'YYBQBHP', 'ACPAHA', '07b3@XAP.NT', '7ed2088', '', '1986-12-02 18:10:14', '15287413725b1ebdfc74a933.56782844', 0, 1),
(11548, 'PNLBSSO', 'QWTESN', '907d@OOQ.LG', '43c1dca', '', '2006-11-20 11:25:46', '15287413725b1ebdfc75eca7.30964652', 0, 1),
(11549, 'QOPURPN', 'YMDCKO', '47f1@JCD.BZ', 'a15b1c9', '', '1992-06-10 19:16:54', '15287413725b1ebdfc76a1d7.70521543', 0, 1),
(11550, 'JYGLPEG', 'KDXQYP', '0019@GSV.XJ', '1f930fe', '', '2014-01-24 11:48:01', '15287413725b1ebdfc7712d3.12105901', 0, 1),
(11551, 'ATYRQCS', 'ZLGDLQ', 'd838@BPD.XG', '95f662b', '', '1986-12-16 19:51:34', '15287413725b1ebdfc77b550.38578387', 0, 1),
(11552, 'MNNXBFP', 'YOCZAJ', '54ba@FKK.QW', 'ef4c914', '', '1995-02-14 05:52:05', '15287413725b1ebdfc7835d5.10334391', 0, 1),
(11553, 'FMBSPYE', 'XEDCVU', '5f46@TQS.GH', '327ebcb', '', '2002-09-06 16:32:31', '15287413725b1ebdfc78c181.08505251', 0, 1),
(11554, 'CQARMES', 'AJZXLM', '1b35@KSP.SH', '93abb9a', '', '1970-06-07 20:11:59', '15287413725b1ebdfc795102.47315171', 0, 1),
(11555, 'KEBJKYD', 'RGRAFJ', 'ba38@KEN.RM', '93e01ac', '', '2012-06-30 00:51:26', '15287413725b1ebdfc79d847.29737036', 0, 1),
(11556, 'IXTHRPG', 'TGGDZR', '065c@YGS.KR', '8810b12', '', '1979-06-10 00:31:40', '15287413725b1ebdfc7bc987.68083614', 0, 1),
(11557, 'KKXPHDJ', 'BFMQRI', 'f7a6@XBG.WL', '66ce274', '', '2003-02-22 07:41:08', '15287413725b1ebdfc7ca102.69312668', 0, 1),
(11558, 'AKSDFIR', 'WCRANV', '5640@OCD.DQ', 'afeeb7f', '', '2005-10-10 08:43:16', '15287413725b1ebdfc7d6852.14776695', 0, 1),
(11559, 'HMVZIUX', 'OYPTXH', '6763@XBI.NH', '49e74f8', '', '1975-01-20 17:51:03', '15287413725b1ebdfc7e2612.97064011', 0, 1),
(11560, 'FWLRAHK', 'NXWUNF', 'ad19@MTH.PK', '7409315', '', '1971-07-18 06:33:53', '15287413725b1ebdfc7f0108.50992122', 0, 1),
(11561, 'RPGBULS', 'FMMIQA', '5e9c@RVY.WZ', 'f8afdde', '', '2012-07-12 06:34:41', '15287413725b1ebdfc7fcbf3.35137594', 0, 1),
(11562, 'KRBIZPD', 'KXVBAW', 'a708@DND.TC', '58fcf9c', '', '1998-12-24 01:10:13', '15287413725b1ebdfc808ed3.18493242', 0, 1),
(11563, 'PMFUDYC', 'IOFYIJ', 'cb76@MOK.ZC', '37ca09d', '', '1989-02-09 08:12:14', '15287413725b1ebdfc8152d8.86936669', 0, 1),
(11564, 'LANVRCR', 'IOOYUC', 'faa3@PFB.HT', '674ba5d', '', '1973-06-14 14:32:34', '15287413725b1ebdfc81f903.23474653', 0, 1),
(11565, 'VGFBYFX', 'MGCWQV', 'd26a@HCQ.WP', '34e997e', '', '2000-03-14 12:20:49', '15287413725b1ebdfc8296b7.23583620', 0, 1),
(11566, 'EYYQJYV', 'JRKBIH', '5d2e@TID.FS', 'abae266', '', '1976-02-27 00:30:56', '15287413725b1ebdfc8328d8.79240031', 0, 1),
(11567, 'WPCCYVH', 'PTWYJD', 'c787@QJZ.PX', '5d7513e', '', '1978-05-29 08:44:57', '15287413725b1ebdfc839d66.16032200', 0, 1),
(11568, 'ZDGQVIA', 'XDWSNX', 'cf10@WSP.BF', '4c9dd11', '', '2018-02-27 10:22:53', '15287413725b1ebdfc841ed9.55958341', 0, 1),
(11569, 'TJOTUYQ', 'MZPQJV', '2749@XSP.QM', 'da69401', '', '2000-06-17 01:11:13', '15287413725b1ebdfc849651.75314353', 0, 1),
(11570, 'PMDLXLI', 'OVTJPW', '24e7@UII.GT', '2b40334', '', '2008-03-04 19:18:16', '15287413725b1ebdfc8519e3.90343718', 0, 1),
(11571, 'THDYTMQ', 'IUIATQ', '0def@NHC.UI', '703f48a', '', '1987-10-21 20:27:34', '15287413725b1ebdfc858798.50687037', 0, 1),
(11572, 'SCZOVSH', 'AJEKSJ', 'f905@IYX.AH', 'bbcc798', '', '1972-01-23 02:37:59', '15287413725b1ebdfc861182.28638980', 0, 1),
(11573, 'CWJPCGD', 'KRTMGL', '2e66@UQS.HU', 'cfa0d11', '', '1970-08-04 21:03:04', '15287413725b1ebdfc868b32.13890787', 0, 1),
(11574, 'HWQZMSP', 'WHXZVE', '9437@TOG.GF', '573b1ef', '', '1974-10-17 15:34:54', '15287413725b1ebdfc8740b6.35277501', 0, 1),
(11575, 'MPHTHPO', 'DXYSSH', '8331@ZRQ.RJ', '45c5d71', '', '2013-04-18 22:08:19', '15287413725b1ebdfc87b574.64809549', 0, 1),
(11576, 'FNSZZQC', 'UDWJZA', '5a6a@FIQ.AM', '7c9a6e7', '', '1989-07-11 04:12:08', '15287413725b1ebdfc884c96.29372110', 0, 1),
(11577, 'TLDUFQD', 'AZFZVS', '463e@KGB.NV', 'ec4ea5a', '', '2001-11-24 09:45:42', '15287413725b1ebdfc88e7c6.61641475', 0, 1),
(11578, 'KYPZJBY', 'TJWQCB', '695c@SNM.AF', 'a2d5c3a', '', '2015-09-30 00:01:33', '15287413725b1ebdfc896a36.57602914', 0, 1),
(11579, 'AKLRBII', 'NUOHKO', '322f@DBY.MZ', 'c2e1e33', '', '1985-02-23 04:54:03', '15287413725b1ebdfc8a09f5.55013469', 0, 1),
(11580, 'BCKGAEV', 'IKUPSC', '6629@TGI.BM', 'a9b9cfa', '', '2011-09-12 04:11:52', '15287413725b1ebdfc8a9196.53473299', 0, 1),
(11581, 'HBGOFCE', 'BARUPK', '4c39@PCJ.EL', '113f90f', '', '2017-09-25 20:51:56', '15287413725b1ebdfc8b3cd4.84419953', 0, 1),
(11582, 'KNZKVEX', 'DQAZHR', 'caaf@ZHN.WS', '65c3d74', '', '2012-05-13 22:42:42', '15287413725b1ebdfc8bdb11.27678509', 0, 1),
(11583, 'FNQGCKK', 'MNCWOW', 'b3b6@JCX.RD', '9e0ea73', '', '2007-07-17 12:31:58', '15287413725b1ebdfc8c6386.67978389', 0, 1),
(11584, 'NQFEEQA', 'OPPCDO', '7e7c@BXR.TH', '322576e', '', '1974-09-01 16:39:08', '15287413725b1ebdfc8d1910.11036607', 0, 1),
(11585, 'BXPDGCA', 'ZCIPKV', '9ba4@GCW.MX', '27a53b2', '', '2008-01-20 05:40:26', '15287413725b1ebdfc8d9b56.75993354', 0, 1),
(11586, 'EAZNAYI', 'HGKSIP', '8f8c@GWT.GF', '9126af2', '', '2003-03-23 15:13:20', '15287413725b1ebdfc8e2973.33475197', 0, 1),
(11587, 'YNAHIBI', 'QUUOUV', '8278@RWO.EQ', 'e7ef71d', '', '1998-03-30 09:06:06', '15287413725b1ebdfc8e9809.44000103', 0, 1),
(11588, 'SJBQWRY', 'DOCNMV', '65a0@FGZ.ID', '6aa9565', '', '2012-04-21 12:45:07', '15287413725b1ebdfc8f1e80.47993541', 0, 1),
(11589, 'RBFYGOW', 'NWHPJH', '25b5@AIH.CM', '6c28171', '', '1986-02-12 21:22:40', '15287413725b1ebdfc8f9da5.10864147', 0, 1),
(11590, 'CNRBVFV', 'MZYJAA', '8d17@JAA.KW', '2464997', '', '1984-01-13 03:07:41', '15287413725b1ebdfc902b97.32118562', 0, 1),
(11591, 'CKPCHTT', 'ZCOIDD', '6a06@BIT.KD', '2276283', '', '2000-03-06 13:42:42', '15287413725b1ebdfc90bf15.83520907', 0, 1),
(11592, 'YSFYAEI', 'FKCNQA', 'c310@GOJ.HG', '1363e9b', '', '1973-12-18 16:23:24', '15287413725b1ebdfc9130e4.55312932', 0, 1),
(11593, 'WEJGIFP', 'MZJAST', '4c66@ESF.HR', 'f08889f', '', '2006-03-09 21:57:09', '15287413725b1ebdfc91bf13.93568838', 0, 1),
(11594, 'DCSMOZX', 'WHGGDD', 'a10e@UZY.OC', '52c5fca', '', '1984-08-05 15:16:20', '15287413725b1ebdfc923466.48570941', 0, 1),
(11595, 'OLGEJFJ', 'SIFDNT', '67b7@RCZ.BC', '5b7c61e', '', '1981-04-01 09:30:58', '15287413725b1ebdfc92c356.16049963', 0, 1),
(11596, 'FUURCPK', 'DBDVDS', 'd050@ZBN.JB', 'fb345e4', '', '1984-02-22 08:10:22', '15287413725b1ebdfc933fb9.50498408', 0, 1),
(11597, 'ZRYLMOT', 'EFBKDX', 'b67e@QLB.GK', 'eaa62b9', '', '1974-05-12 10:59:34', '15287413725b1ebdfc940001.10820096', 0, 1),
(11598, 'MSGAUWP', 'ONOADD', '9b83@OOE.EN', '021b5e4', '', '2011-11-11 19:16:20', '15287413725b1ebdfc946eb1.08919394', 0, 1),
(11599, 'VKRUEQI', 'KMISBM', 'fcfd@BXN.XG', '7ef236d', '', '1990-09-26 00:23:13', '15287413725b1ebdfc952a08.85379383', 0, 1),
(11600, 'EOSJJEC', 'KKDGYW', '00c9@LWM.EX', 'b8b664b', '', '1982-03-02 06:13:00', '15287413725b1ebdfc95f037.32771727', 0, 1),
(11601, 'VLWZGRY', 'ZRRFSG', 'b29d@UQV.ON', 'cf008a9', '', '1987-03-22 10:57:01', '15287413725b1ebdfc969908.76892293', 0, 1),
(11602, 'MQTQSFE', 'YLDAOB', 'f449@TVH.ST', 'ea8bde2', '', '1972-07-27 15:29:52', '15287413725b1ebdfc9710d0.19678274', 0, 1),
(11603, 'WRUOSLQ', 'NOCPLR', '4794@PJG.UQ', '96b84a0', '', '2010-10-29 10:39:37', '15287413725b1ebdfc97c229.90048501', 0, 1),
(11604, 'CFPVCVK', 'XCZGJB', 'ca52@IOG.PX', '352d8f0', '', '2002-12-30 08:55:35', '15287413725b1ebdfc9842c8.01799345', 0, 1),
(11605, 'NOBRWUG', 'IWFGRC', 'e253@UHK.JD', '6194bf9', '', '2006-03-27 06:16:38', '15287413725b1ebdfc98e442.34917926', 0, 1),
(11606, 'IRJUWRX', 'HELZDB', 'b0a2@HDI.ZL', '138472b', '', '2008-01-25 18:44:07', '15287413725b1ebdfc998387.76675596', 0, 1),
(11607, 'WJOGDAL', 'SCVPTZ', '47cb@CBK.RA', 'a8a59ba', '', '2016-04-12 23:31:02', '15287413725b1ebdfc9a1351.64866137', 0, 1),
(11608, 'NSRMYZD', 'OEPXEZ', '0b5f@VUY.KJ', '56e7a99', '', '1994-02-17 13:44:10', '15287413725b1ebdfc9ac4a7.06047448', 0, 1),
(11609, 'DQJDGVR', 'KHECRB', '9f20@EQG.RX', '5065411', '', '2013-05-23 11:48:02', '15287413725b1ebdfc9b3b20.97270734', 0, 1),
(11610, 'AIPBBDU', 'BKKKWS', '7807@NHR.JI', 'c61f257', '', '2008-12-26 20:00:05', '15287413725b1ebdfc9c3c35.83119888', 0, 1),
(11611, 'CCFXUJL', 'CYNUMO', 'bfc5@FAD.UL', 'f11249c', '', '1976-05-19 13:23:31', '15287413725b1ebdfc9ce810.11260680', 0, 1),
(11612, 'WCXQGWM', 'CXTXWS', '645f@EUN.AW', 'c83d788', '', '1988-08-10 16:32:53', '15287413725b1ebdfc9d81b9.23044974', 0, 1),
(11613, 'LCKSRRS', 'XIQNPS', 'aae5@ZHZ.JY', 'cd17d73', '', '2001-06-27 02:49:31', '15287413725b1ebdfc9df5d5.41327300', 0, 1),
(11614, 'RHUICMM', 'VIZBHD', 'e069@UVL.GV', '33b263b', '', '1994-12-08 03:09:24', '15287413725b1ebdfc9e8321.06388698', 0, 1),
(11615, 'JWEXNVT', 'IVNNSH', 'fce2@WDT.DG', '3f00d43', '', '2011-05-14 00:30:40', '15287413725b1ebdfc9ef1c9.93643692', 0, 1),
(11616, 'CQEPJCR', 'MTZPQC', '0d3f@ECU.CI', '27543c8', '', '2000-01-29 04:51:10', '15287413725b1ebdfc9f87a7.90807537', 0, 1),
(11617, 'WZOKTFN', 'FCARZT', '5af6@GPY.MM', '195c429', '', '1995-09-07 09:21:27', '15287413725b1ebdfc9ff2a9.24616326', 0, 1),
(11618, 'TFRTQKN', 'RIYAQM', 'f239@RCM.WZ', 'be1e81b', '', '1979-05-28 04:16:37', '15287413725b1ebdfca08a98.47040106', 0, 1),
(11619, 'OWJJEZM', 'ERXFKL', '2e06@ZYU.TH', '39045d9', '', '2010-07-17 12:39:00', '15287413725b1ebdfca0fd72.25025661', 0, 1),
(11620, 'VZLAFWK', 'LTJOPA', '773c@HUD.IB', '2b68c8c', '', '1993-06-11 10:15:20', '15287413725b1ebdfca18153.84058374', 0, 1),
(11621, 'XLBQFQI', 'DRDPFP', 'b2d5@FFI.MI', 'fde6037', '', '1996-07-19 02:02:30', '15287413725b1ebdfca1f103.82170643', 0, 1),
(11622, 'PMEIAJK', 'GPOGCH', 'ebfe@ANE.GD', 'fc66415', '', '1981-03-14 16:58:17', '15287413725b1ebdfca28a89.31581994', 0, 1),
(11623, 'ODBHPUU', 'FIWROP', '7c1f@BCJ.DV', '24cc0e4', '', '1974-05-18 03:24:08', '15287413725b1ebdfca2f796.28983197', 0, 1),
(11624, 'BJJGNTT', 'JWXSNZ', '838b@COB.YI', '49686c4', '', '1981-10-19 06:37:14', '15287413725b1ebdfca390d2.99710103', 0, 1),
(11625, 'VXUKIBQ', 'LTHVPT', 'b67c@CLN.KO', 'ff130bb', '', '1973-09-02 15:41:48', '15287413725b1ebdfca3fd06.86510795', 0, 1),
(11626, 'GUNEEZU', 'QHOLJG', '7459@PPJ.DR', '17e9edd', '', '2016-06-24 16:06:22', '15287413725b1ebdfca4da04.63894589', 0, 1),
(11627, 'RELXTCS', 'LXIODE', '2ca1@RXD.SB', '81bd801', '', '2018-01-24 16:56:49', '15287413725b1ebdfca5a291.70048411', 0, 1),
(11628, 'TVNALUR', 'RMCAFB', '77fb@BUY.OT', '4a255ac', '', '1999-04-25 01:23:29', '15287413725b1ebdfca647b3.83373196', 0, 1),
(11629, 'HTUMIWV', 'QVVKWT', '2ded@FVO.JJ', 'f6c4941', '', '2017-06-24 12:18:35', '15287413725b1ebdfca6c557.60885339', 0, 1),
(11630, 'TPCDKYS', 'QTDCKW', '67d2@PXQ.JO', 'b6388fa', '', '1983-09-14 06:53:52', '15287413725b1ebdfca77ff2.66540356', 0, 1),
(11631, 'OUCKIGM', 'DLMOTP', 'c32b@ZHD.EM', 'efe82e5', '', '1982-06-10 15:03:44', '15287413725b1ebdfca823d9.30607445', 0, 1),
(11632, 'PPIGTTI', 'SSODLA', '86ac@HDF.AN', '7e710ed', '', '1978-04-07 20:56:09', '15287413725b1ebdfca8a9b2.59424602', 0, 1),
(11633, 'LMPRQKI', 'WOSAXV', 'a2c4@VUT.IB', '7a71c62', '', '1986-08-17 03:55:02', '15287413725b1ebdfca946b6.02801559', 0, 1),
(11634, 'XBYMQJX', 'PLHMUJ', '9d41@ODB.PQ', '9ede560', '', '1979-10-11 08:25:44', '15287413725b1ebdfca9ebd3.28601349', 0, 1),
(11635, 'NVIKPNU', 'QIDMTW', '6264@XOX.NI', '75844ef', '', '1981-01-18 05:42:38', '15287413725b1ebdfcaa9fa9.31941730', 0, 1),
(11636, 'DMJSKMP', 'MGLQKL', '8354@RMB.IO', 'ac4864b', '', '1977-11-09 04:12:28', '15287413725b1ebdfcab3dd1.32428939', 0, 1),
(11637, 'SMXXHBB', 'APJLAP', '1ac3@ZCX.RE', '891d65a', '', '2008-02-08 05:40:16', '15287413725b1ebdfcabd140.84851800', 0, 1),
(11638, 'HXGSKIB', 'GBNNAD', 'edf9@LZM.EW', 'd989da7', '', '1999-11-24 00:15:46', '15287413725b1ebdfcac6f15.32939660', 0, 1),
(11639, 'AJNNKWR', 'WJMJBA', '9397@IKM.GN', '0af1d3c', '', '2003-10-18 19:02:07', '15287413725b1ebdfcacdbb4.98042844', 0, 1),
(11640, 'KJBDONC', 'WEEQRC', '2ff4@WUM.CR', '7dd434e', '', '1991-02-22 05:15:54', '15287413725b1ebdfcad5c20.08221262', 0, 1),
(11641, 'WRIHXNE', 'CFMRAY', '5a38@MVM.WN', '31dd339', '', '1974-05-19 00:16:07', '15287413725b1ebdfcae0522.88860264', 0, 1),
(11642, 'SOVDQGG', 'JRDUOC', '232c@KEO.TA', '2146bda', '', '2001-05-11 11:56:25', '15287413725b1ebdfcaeaa13.46308113', 0, 1);

-- --------------------------------------------------------

--
-- Struktura tabeli dla tabeli `uzytkownicy_adres`
--

CREATE TABLE `uzytkownicy_adres` (
  `id` int(11) NOT NULL,
  `adres_glowny` int(3) NOT NULL DEFAULT '0',
  `uzytkownicy_id` int(11) NOT NULL,
  `panstwo_zamieszkania` int(11) NOT NULL,
  `kod_pocztowy` varchar(255) NOT NULL,
  `miejscowosc` varchar(255) NOT NULL,
  `numer_domu` varchar(255) NOT NULL,
  `numer_lokalu` varchar(255) NOT NULL DEFAULT '0'
) ENGINE=InnoDB DEFAULT CHARSET=utf8mb4;

--
-- Zrzut danych tabeli `uzytkownicy_adres`
--

INSERT INTO `uzytkownicy_adres` (`id`, `adres_glowny`, `uzytkownicy_id`, `panstwo_zamieszkania`, `kod_pocztowy`, `miejscowosc`, `numer_domu`, `numer_lokalu`) VALUES
(1, 1, 1, 616, '33-389', 'Jazowsko', '345', '12'),
(2, 1, 2, 616, '12400', 'Warszwa', '8', '0'),
(3, 1, 4, 12, '2121', '12', '12', '12'),
(5, 1, 7, 616, '33000', 'Nowy Scz', '1', '0'),
(14, 1, 16, 8, '124', 'Krynica', '124', '124'),
(15, 1, 18, 4, '346', 'Szcawa', '234', '2'),
(16, 1, 23, 616, '22334', 'Warszawa', '3', '0'),
(17, 1, 24, 50, '124', 'asff', '124', '214'),
(18, 1, 25, 4, '214', 'Pol', '214', '24'),
(19, 1, 26, 4, '214', 'Pol', '214', '24'),
(20, 1, 27, 56, '12345', 'awaa', '21', '1'),
(21, 1, 28, 288, '12344', '133', '22', '1'),
(22, 1, 29, 48, '33-543', 'Banda', '432c', '2'),
(23, 1, 30, 4, '33-543', 'Banda', '432c', '2'),
(24, 1, 31, 4, '33-543', 'Banda', '432c', '2'),
(25, 1, 32, 4, '4543', 'asdas', '45', '5345'),
(26, 1, 33, 4, '33212', 'polska', '12', '32'),
(27, 1, 34, 4, '214', '214', '214', '214'),
(28, 0, 1, 12, '76567', 'hdfghdfh', '12', '435'),
(29, 0, 1, 10, '33-389', 'Jazowsko', '345', '324'),
(30, 1, 35, 674, '11569', '9d8660e', '189', '72'),
(31, 1, 36, 40, '98786', '59780e9', '994', '15'),
(32, 1, 37, 180, '36720', '9ad78cd', '770', '62'),
(33, 1, 38, 548, '59120', 'ed69f49', '883', '95'),
(34, 1, 39, 108, '17474', '71f016c', '570', '98'),
(35, 1, 40, 528, '69621', '839153d', '254', '73'),
(36, 1, 41, 218, '13656', '9b5576b', '986', '90'),
(37, 1, 42, 499, '668', 'a4c09b0', '926', '43'),
(38, 1, 43, 112, '13194', '62668f8', '663', '72'),
(39, 1, 44, 660, '47409', '1ab451d', '685', '35'),
(40, 1, 45, 348, '67451', '0051c48', '115', '43'),
(41, 1, 46, 442, '12324', '4fa5081', '300', '66'),
(42, 1, 47, 316, '85281', '536e94c', '156', '63'),
(43, 1, 48, 148, '59721', '5c98834', '167', '54'),
(44, 1, 49, 832, '32821', 'aa02595', '974', '12'),
(45, 1, 50, 764, '96017', 'd7292f4', '263', '44'),
(11538, 1, 11543, 104, '15763', 'ONEPCIK', '2ae', '47'),
(11539, 1, 11544, 516, '23315', 'WSDCHNP', 'a44', '16'),
(11540, 1, 11545, 174, '60956', 'ZMLCCZG', '37f', '94'),
(11541, 1, 11546, 184, '56900', 'DICSPVM', 'a49', '7'),
(11542, 1, 11547, 876, '39653', 'TRMWDCE', '707', '36'),
(11543, 1, 11548, 254, '25702', 'FXMOJEF', '2c8', '62'),
(11544, 1, 11549, 270, '87096', 'EVNHORI', '60c', '10'),
(11545, 1, 11550, 36, '21187', 'XSTUTXS', '260', '14'),
(11546, 1, 11551, 76, '63710', 'FRAJKLS', 'de6', '1'),
(11547, 1, 11552, 408, '38113', 'QMCMUKK', '942', '66'),
(11548, 1, 11553, 92, '43830', 'BRWRWLL', 'd69', '60'),
(11549, 1, 11554, 144, '85142', 'XOVOTPH', '76d', '83'),
(11550, 1, 11555, 688, '82166', 'BBRJIBH', 'ec4', '50'),
(11551, 1, 11556, 740, '954', 'ZRLPAPB', '3b6', '46'),
(11552, 1, 11557, 8, '19587', 'PXWDVEA', '09b', '75'),
(11553, 1, 11558, 56, '30624', 'VXZGHEL', '0c3', '0'),
(11554, 1, 11559, 44, '71470', 'RXHWKDL', '251', '24'),
(11555, 1, 11560, 796, '29868', 'EPCUVMM', '6d5', '0'),
(11556, 1, 11561, 336, '23456', 'QVCVHXS', 'd03', '87'),
(11557, 1, 11562, 678, '43959', 'KHYJMFI', '71d', '69'),
(11558, 1, 11563, 156, '32980', 'BFFNKNT', '0f8', '70'),
(11559, 1, 11564, 440, '95967', 'FDYLRGL', '5ba', '10'),
(11560, 1, 11565, 862, '14837', 'SWIRYMG', 'eaa', '43'),
(11561, 1, 11566, 356, '63892', 'MXAIJOZ', '3f1', '22'),
(11562, 1, 11567, 604, '45689', 'EVZUMMC', '929', '79'),
(11563, 1, 11568, 807, '65345', 'BKBEBBY', 'b03', '87'),
(11564, 1, 11569, 12, '82307', 'HUFLLLM', '9ab', '5'),
(11565, 1, 11570, 784, '6122', 'UYTLLEO', 'a7e', '92'),
(11566, 1, 11571, 764, '51634', 'IFOLIKX', '432', '46'),
(11567, 1, 11572, 499, '1876', 'AMKZQCC', 'c9c', '43'),
(11568, 1, 11573, 662, '34203', 'UDKVOJF', '927', '31'),
(11569, 1, 11574, 850, '42132', 'SYOEFPW', '171', '12'),
(11570, 1, 11575, 116, '24255', 'TANRZLZ', '953', '28'),
(11571, 1, 11576, 334, '17160', 'SBUSVOD', 'c33', '73'),
(11572, 1, 11577, 166, '58332', 'LDOMUVD', 'd2c', '2'),
(11573, 1, 11578, 270, '75431', 'BWRPRGQ', '953', '68'),
(11574, 1, 11579, 492, '93170', 'RCYKEFX', '84c', '28'),
(11575, 1, 11580, 388, '39748', 'NQTPRCV', '493', '72'),
(11576, 1, 11581, 826, '90883', 'PDXDOAU', '553', '30'),
(11577, 1, 11582, 417, '48844', 'EMQSCQY', 'a79', '95'),
(11578, 1, 11583, 316, '18294', 'MGHGFAE', '269', '53'),
(11579, 1, 11584, 388, '26093', 'CJALTSH', 'aa0', '71'),
(11580, 1, 11585, 540, '6267', 'SHUKWXR', '2a7', '96'),
(11581, 1, 11586, 764, '87241', 'GWYTWBV', 'f6d', '39'),
(11582, 1, 11587, 152, '77851', 'SBCUBWT', '3f0', '74'),
(11583, 1, 11588, 729, '89373', 'GVDEEDI', 'bec', '33'),
(11584, 1, 11589, 336, '11028', 'ROACEBW', 'a65', '47'),
(11585, 1, 11590, 438, '52416', 'OXJZSGN', 'd1a', '69'),
(11586, 1, 11591, 258, '41524', 'RDHXKUM', 'b9d', '3'),
(11587, 1, 11592, 384, '98202', 'LZFDQKM', '8f2', '17'),
(11588, 1, 11593, 368, '69578', 'AKAITTW', '4b9', '65'),
(11589, 1, 11594, 642, '57074', 'ARLJTDS', 'c7f', '98'),
(11590, 1, 11595, 598, '24899', 'DYPDWUV', '3dd', '89'),
(11591, 1, 11596, 275, '65629', 'ZVQSFHJ', '76e', '44'),
(11592, 1, 11597, 833, '65670', 'IRKAVOA', '7dc', '50'),
(11593, 1, 11598, 328, '37089', 'CTXHODW', '93a', '82'),
(11594, 1, 11599, 231, '53710', 'MEJTAUM', '7a0', '16'),
(11595, 1, 11600, 704, '19883', 'ZUKCCGC', '1d2', '88'),
(11596, 1, 11601, 831, '47673', 'SBTPIYA', '828', '45'),
(11597, 1, 11602, 250, '57190', 'YVVMUXP', '42d', '48'),
(11598, 1, 11603, 496, '82097', 'LBOEBAG', '3bb', '35'),
(11599, 1, 11604, 268, '4202', 'YDSFXQA', 'cba', '66'),
(11600, 1, 11605, 417, '25514', 'VJPWGKZ', '6fb', '70'),
(11601, 1, 11606, 728, '20433', 'DZTUDZS', '966', '12'),
(11602, 1, 11607, 48, '95097', 'JMLJGJY', 'b2f', '9'),
(11603, 1, 11608, 583, '76472', 'EUBINPT', 'e85', '59'),
(11604, 1, 11609, 740, '85993', 'TVSTGWA', 'e29', '81'),
(11605, 1, 11610, 702, '81835', 'GXTNCUE', '4d7', '11'),
(11606, 1, 11611, 654, '54991', 'EZUHCCV', '1a5', '89'),
(11607, 1, 11612, 238, '33655', 'DVHFNFQ', '362', '89'),
(11608, 1, 11613, 860, '48281', 'XLGPLGK', 'af3', '84'),
(11609, 1, 11614, 724, '52387', 'SOZOQQH', 'e5e', '41'),
(11610, 1, 11615, 300, '94196', 'NELWVTW', 'e15', '32'),
(11611, 1, 11616, 60, '20988', 'FGKHZMC', '596', '64'),
(11612, 1, 11617, 642, '13675', 'TCHXZWB', '4a7', '84'),
(11613, 1, 11618, 440, '6018', 'JGIBVYU', '4cc', '23'),
(11614, 1, 11619, 795, '18352', 'OXZELZL', '5a2', '75'),
(11615, 1, 11620, 554, '93358', 'BRQYEJB', 'a1c', '62'),
(11616, 1, 11621, 4, '788', 'YECGNVN', 'a93', '75'),
(11617, 1, 11622, 52, '21133', 'WMWQBOB', '2b7', '23'),
(11618, 1, 11623, 239, '16386', 'PDWXLOD', 'a69', '38'),
(11619, 1, 11624, 894, '71132', 'NTBUUMM', '0ea', '28'),
(11620, 1, 11625, 84, '94768', 'GQMIQPA', '259', '32'),
(11621, 1, 11626, 192, '97917', 'WFTQFCJ', 'e38', '27'),
(11622, 1, 11627, 798, '45044', 'UKFZHPU', '5bf', '54'),
(11623, 1, 11628, 860, '28519', 'CQZTHCA', 'a7a', '95'),
(11624, 1, 11629, 798, '41821', 'JBLBNQH', 'ceb', '40'),
(11625, 1, 11630, 466, '42058', 'TJFAMXC', '280', '66'),
(11626, 1, 11631, 174, '45811', 'PILMYFM', '908', '31'),
(11627, 1, 11632, 612, '10008', 'RIZXHQZ', '26d', '46'),
(11628, 1, 11633, 807, '12263', 'DHZAZLM', '6b1', '96'),
(11629, 1, 11634, 882, '95533', 'SWRRLMM', 'c90', '53'),
(11630, 1, 11635, 32, '60308', 'YMOPAXN', '7f2', '52'),
(11631, 1, 11636, 148, '66154', 'ODUHWTX', 'c99', '77'),
(11632, 1, 11637, 642, '70189', 'YIINWRS', '5f9', '77'),
(11633, 1, 11638, 764, '90248', 'XZHQBZZ', '933', '51'),
(11634, 1, 11639, 296, '83404', 'RBVGXFJ', 'f8f', '69'),
(11635, 1, 11640, 316, '58571', 'XSNEVSI', 'd02', '38'),
(11636, 1, 11641, 792, '52486', 'KDGQBPE', 'bf0', '38'),
(11637, 1, 11642, 68, '76329', 'IHHJFPY', 'd60', '29');

-- --------------------------------------------------------

--
-- Struktura tabeli dla tabeli `uzytkownicy_akcje`
--

CREATE TABLE `uzytkownicy_akcje` (
  `id` int(11) NOT NULL,
  `id_uzytkownika` int(11) DEFAULT NULL,
  `id_spolki` int(11) DEFAULT NULL,
  `czas` timestamp NOT NULL DEFAULT CURRENT_TIMESTAMP,
  `ilosc` float NOT NULL DEFAULT '0',
  `cena` int(11) NOT NULL DEFAULT '0'
) ENGINE=InnoDB DEFAULT CHARSET=utf8mb4;

--
-- Zrzut danych tabeli `uzytkownicy_akcje`
--

INSERT INTO `uzytkownicy_akcje` (`id`, `id_uzytkownika`, `id_spolki`, `czas`, `ilosc`, `cena`) VALUES
(1, 11566, 10, '2018-06-11 18:27:36', 236.925, 5299),
(2, 11545, 7, '2018-06-11 18:27:36', 462.975, 972),
(3, 11577, 2, '2018-06-11 18:27:36', 154.065, 287),
(4, 29, 4, '2018-06-11 18:27:36', 74.168, 3865),
(5, 11609, 9, '2018-06-11 18:27:36', 34.4192, 4693),
(6, 11608, 6, '2018-06-11 18:27:36', 39.285, 2386),
(7, 11559, 1, '2018-06-11 18:27:36', 26.025, 2814),
(8, 11607, 5, '2018-06-11 18:27:36', 24.3525, 685),
(9, 11640, 8, '2018-06-11 18:27:36', 7.10346, 7035),
(10, 11571, 3, '2018-06-11 18:27:36', -0.200972, 277),
(11, 35, 10, '2018-06-11 18:27:36', 110.892, 5546),
(12, 11577, 4, '2018-06-11 18:27:36', 178.502, 2540),
(13, 11564, 9, '2018-06-11 18:27:36', 28.7297, 4691),
(14, 44, 6, '2018-06-11 18:27:36', 10.6537, 746),
(15, 11637, 1, '2018-06-11 18:27:36', 35.8816, 4639),
(16, 11576, 8, '2018-06-11 18:27:36', 81.1063, 9397),
(17, 11615, 10, '2018-06-11 18:27:36', 62.2062, 1838),
(18, 11594, 7, '2018-06-11 18:27:36', 707.465, 1535),
(19, 11638, 2, '2018-06-11 18:27:36', 80.8714, 2305),
(20, 11579, 9, '2018-06-11 18:27:36', 25.3403, 4803),
(21, 11612, 6, '2018-06-11 18:27:36', -0.0117521, 145),
(22, 11632, 1, '2018-06-11 18:27:36', 13.2527, 1962),
(23, 11564, 8, '2018-06-11 18:27:36', 0.61229, 431),
(24, 11611, 3, '2018-06-11 18:27:36', -0.0591005, 1873),
(25, 11596, 10, '2018-06-11 18:27:36', 84.5979, 8021),
(26, 46, 7, '2018-06-11 18:27:36', 319.917, 7996),
(27, 16, 2, '2018-06-11 18:27:36', 40.6884, 1633),
(28, 36, 4, '2018-06-11 18:27:36', 490.047, 6333),
(29, 25, 9, '2018-06-11 18:27:36', 1.96045, 412),
(30, 11575, 1, '2018-06-11 18:27:36', 2.34849, 228),
(31, 39, 5, '2018-06-11 18:27:36', 97.0614, 3390),
(32, 11613, 10, '2018-06-11 18:27:36', 0.155858, 180),
(33, 11638, 4, '2018-06-11 18:27:36', 102.056, 179),
(34, 11552, 6, '2018-06-11 18:27:36', 0.786265, 219),
(35, 11581, 3, '2018-06-11 18:27:36', -0.220443, 243),
(36, 11628, 7, '2018-06-11 18:27:36', 35.1578, 3263),
(37, 11565, 2, '2018-06-11 18:27:36', 114.488, 6258),
(38, 11603, 1, '2018-06-11 18:27:36', 0.199614, 311),
(39, 11636, 5, '2018-06-11 18:27:36', 95.104, 5029),
(40, 7, 8, '2018-06-11 18:27:36', 14.0211, 3432),
(41, 37, 3, '2018-06-11 18:27:36', 0.501896, 146),
(42, 11556, 2, '2018-06-11 18:27:36', 0.627855, 171),
(43, 11594, 4, '2018-06-11 18:27:37', 0.933772, 446),
(44, 35, 5, '2018-06-11 18:27:37', 9.16284, 620),
(45, 25, 10, '2018-06-11 18:27:37', 31.7451, 3287),
(46, 11573, 7, '2018-06-11 18:27:37', 0.676371, 893),
(47, 11570, 9, '2018-06-11 18:27:37', 1.39484, 2556),
(48, 11567, 1, '2018-06-11 18:27:37', 0.500632, 343),
(49, 11582, 5, '2018-06-11 18:27:37', -0.113556, 304),
(50, 11572, 8, '2018-06-11 18:27:37', 29.2104, 2217),
(51, 11594, 10, '2018-06-11 18:27:37', 3.02944, 458),
(52, 11576, 4, '2018-06-11 18:27:37', 4.92219, 73),
(53, 48, 10, '2018-06-11 18:27:37', 34.4345, 5630),
(54, 18, 4, '2018-06-11 18:27:37', 54.5794, 2912),
(55, 11614, 1, '2018-06-11 18:27:37', 1.75575, 338),
(56, 11639, 5, '2018-06-11 18:27:37', 6.62908, 3422),
(57, 11583, 8, '2018-06-11 18:27:37', 10.713, 4790),
(58, 11592, 10, '2018-06-11 18:27:37', 24.76, 4567),
(59, 43, 7, '2018-06-11 18:27:37', -0.0577793, 70),
(60, 11633, 2, '2018-06-11 18:27:37', 56.6149, 6713),
(61, 11571, 9, '2018-06-11 18:27:37', 31.3771, 7048),
(62, 11633, 8, '2018-06-11 18:27:37', 4.01607, 675),
(63, 11614, 2, '2018-06-11 18:27:37', 28.2051, 3313),
(64, 11563, 4, '2018-06-11 18:27:37', 71.6364, 4723),
(65, 37, 9, '2018-06-11 18:27:37', 22.4182, 5788),
(66, 11552, 1, '2018-06-11 18:27:37', 5.03231, 817),
(67, 11629, 2, '2018-06-12 11:27:16', 24.5502, 3218),
(68, 11558, 9, '2018-06-12 11:27:16', 1.73607, 477),
(69, 46, 1, '2018-06-12 11:27:16', 7.71931, 1296),
(70, 11575, 5, '2018-06-12 11:27:16', 14.6263, 1305),
(71, 11611, 7, '2018-06-12 11:27:16', 1.3686, 376),
(72, 11599, 2, '2018-06-12 11:27:16', 48.8073, 3671),
(73, 11602, 9, '2018-06-12 11:27:16', 23.1354, 6765),
(74, 34, 5, '2018-06-12 11:27:16', 22.2379, 2160),
(75, 11617, 8, '2018-06-12 11:27:16', 52.3711, 8563),
(76, 11564, 10, '2018-06-12 11:27:16', 3.96445, 710),
(77, 11624, 2, '2018-06-12 11:27:16', 24.3679, 4030),
(78, 11597, 4, '2018-06-12 11:27:16', 65.7281, 5459),
(79, 49, 9, '2018-06-12 11:27:16', 15.6979, 5056),
(80, 2, 8, '2018-06-12 11:27:16', 15.9599, 3079),
(81, 11569, 10, '2018-06-12 11:27:16', 32.3124, 305),
(82, 11604, 4, '2018-06-12 11:27:17', 63.0212, 591),
(83, 11581, 9, '2018-06-12 11:27:17', 0.0533326, 485),
(84, 34, 1, '2018-06-12 11:27:17', 1.03586, 178),
(85, 11558, 8, '2018-06-12 11:27:17', 20.8986, 1211),
(86, 11613, 4, '2018-06-12 11:27:17', 73.1451, 9856),
(87, 11611, 5, '2018-06-12 11:27:17', 8.38378, 726),
(88, 11604, 7, '2018-06-12 11:27:17', 36.5407, 2578),
(89, 11602, 4, '2018-06-12 11:27:17', -0.218967, 183),
(90, 11577, 5, '2018-06-12 11:27:17', 4.75335, 424),
(91, 11638, 8, '2018-06-12 11:27:17', 8.88271, 1975),
(92, 11637, 10, '2018-06-12 11:27:17', 0.549457, 1064),
(93, 31, 2, '2018-06-12 11:27:17', 42.722, 5720),
(94, 11624, 6, '2018-06-12 11:27:17', 0.108849, 73),
(95, 50, 5, '2018-06-12 11:27:17', 4.41016, 402),
(96, 48, 8, '2018-06-12 11:27:17', 1.88264, 429),
(97, 11568, 3, '2018-06-12 11:27:17', 0.564086, 420),
(98, 11568, 10, '2018-06-12 11:27:17', 1.20698, 669),
(99, 50, 4, '2018-06-12 11:27:17', 0.17519, 205),
(100, 11567, 5, '2018-06-12 11:27:17', 0.269118, 109),
(101, 11556, 8, '2018-06-12 11:27:17', 37.7343, 9456),
(102, 11621, 2, '2018-06-12 11:27:17', 0.0887616, 224),
(103, 11585, 1, '2018-06-12 11:27:17', 2.16718, 367),
(104, 11564, 5, '2018-06-12 11:27:17', 1.49064, 145),
(105, 31, 8, '2018-06-12 11:27:17', 11.4875, 3224),
(106, 11591, 3, '2018-06-12 11:27:17', -0.00939293, 142),
(107, 50, 10, '2018-06-12 11:27:17', 7.13112, 1712),
(108, 11642, 7, '2018-06-12 11:27:17', 53.6197, 4138),
(109, 11546, 4, '2018-06-12 11:27:17', 14.5165, 2472),
(110, 11554, 9, '2018-06-12 11:27:17', 4.95626, 2860),
(111, 11571, 10, '2018-06-12 11:27:17', 9.60746, 2386),
(112, 11602, 1, '2018-06-12 11:27:17', 3.33863, 574),
(113, 11602, 5, '2018-06-12 11:27:17', 16.2934, 1622),
(114, 41, 8, '2018-06-12 11:27:17', 13.4104, 3985),
(115, 11562, 2, '2018-06-12 11:27:17', 0.775335, 463),
(116, 32, 8, '2018-06-12 11:27:17', 12.2456, 3858),
(117, 11593, 10, '2018-06-12 11:27:17', 16.2876, 4279),
(118, 11593, 2, '2018-06-12 11:27:17', -0.197707, 1407),
(119, 11573, 5, '2018-06-12 11:27:17', 9.88822, 1018),
(120, 48, 7, '2018-06-12 11:27:17', 2.2593, 169),
(121, 11589, 4, '2018-06-12 11:27:17', 22.5068, 4171),
(122, 11597, 5, '2018-06-12 11:27:17', 7.64667, 820),
(123, 11578, 7, '2018-06-12 11:27:36', 55.0698, 4552),
(124, 47, 4, '2018-06-12 11:27:36', 32.0722, 6565),
(125, 11546, 10, '2018-06-12 11:27:36', 4.73799, 1264),
(126, 11565, 7, '2018-06-12 11:27:36', 1.30048, 118),
(127, 11630, 2, '2018-06-12 11:27:36', 11.6803, 1146),
(128, 11587, 9, '2018-06-12 11:27:37', 15.4267, 524),
(129, 38, 10, '2018-06-12 11:27:37', 31.4498, 9020),
(130, 11554, 2, '2018-06-12 11:27:37', 7.40078, 1577),
(131, 45, 9, '2018-06-12 11:27:37', 10.2241, 4019),
(132, 11543, 8, '2018-06-12 11:27:37', 13.5895, 4616),
(133, 2, 10, '2018-06-12 11:27:37', 9.44584, 2935),
(134, 11579, 7, '2018-06-12 11:27:37', 0.787329, 817),
(135, 11559, 2, '2018-06-12 11:27:37', 9.44819, 2082),
(136, 11588, 9, '2018-06-12 11:27:37', 9.22527, 3799),
(137, 11625, 8, '2018-06-12 11:27:37', 12.9549, 1964),
(138, 7, 7, '2018-06-12 11:27:37', 10.3932, 548),
(139, 11553, 9, '2018-06-12 11:27:37', 12.5331, 5435),
(140, 4, 8, '2018-06-12 11:27:37', 19.3829, 7387),
(141, 11544, 3, '2018-06-12 11:27:37', 0.456025, 869),
(142, 1, 9, '2018-06-12 11:27:37', 10.7995, 4949),
(143, 11642, 6, '2018-06-12 11:27:37', 0.562818, 146),
(144, 11598, 8, '2018-06-12 11:27:37', 11.8797, 4852),
(145, 11615, 3, '2018-06-12 11:27:37', -0.208636, 123),
(146, 11560, 10, '2018-06-12 11:27:37', 18.8582, 5607),
(147, 41, 7, '2018-06-12 11:27:37', 15.0396, 1553),
(148, 42, 4, '2018-06-12 11:27:37', 26.9632, 5782),
(149, 44, 8, '2018-06-12 11:27:37', 7.31581, 3117),
(150, 11621, 7, '2018-06-12 11:27:37', 51.1368, 5931),
(151, 40, 4, '2018-06-12 11:27:37', 27.1218, 6413),
(152, 26, 8, '2018-06-12 11:27:37', 9.8531, 4359),
(153, 11558, 3, '2018-06-12 11:27:37', 0.656143, 122),
(154, 11578, 10, '2018-06-12 11:27:37', 4.23697, 1313),
(155, 11622, 7, '2018-06-12 11:27:37', 25.0083, 3307),
(156, 11591, 4, '2018-06-12 11:27:37', 25.306, 6577),
(157, 11621, 8, '2018-06-12 11:27:37', 1.75979, 798),
(158, 1, 10, '2018-06-12 11:27:37', 1.4394, 451),
(159, 11596, 4, '2018-06-12 11:27:37', 3.86575, 1058),
(160, 11631, 8, '2018-06-12 11:27:37', 4.15367, 2094),
(161, 11548, 10, '2018-06-12 11:27:37', 17.1582, 5576),
(162, 11543, 7, '2018-06-12 11:27:37', 7.04948, 957),
(163, 11581, 2, '2018-06-12 11:27:37', 17.4382, 3913),
(164, 11599, 4, '2018-06-12 11:27:37', 3.44193, 955),
(165, 11624, 9, '2018-06-12 11:27:37', 2.85738, 1347),
(166, 11610, 8, '2018-06-12 11:27:37', 12.8564, 6251),
(167, 11587, 7, '2018-06-12 11:27:37', 2.19621, 303),
(168, 4, 9, '2018-06-12 11:27:37', 4.99253, 2397),
(169, 11581, 8, '2018-06-12 11:27:37', 2.57489, 1294),
(170, 11615, 7, '2018-06-12 11:27:37', 3.14619, 438),
(171, 18, 2, '2018-06-12 11:27:37', 10.6325, 2502),
(172, 43, 4, '2018-06-12 11:27:37', 24.2149, 6836),
(173, 11557, 3, '2018-06-12 11:27:37', 19.6765, 411),
(174, 11546, 8, '2018-06-12 11:27:37', 6.3323, 3245),
(175, 11543, 6, '2018-06-12 11:27:37', 1.89808, 139),
(176, 11580, 3, '2018-06-12 11:27:37', 9.18821, 1283),
(177, 11563, 7, '2018-06-12 11:27:37', 11.6671, 1620),
(178, 11607, 4, '2018-06-12 11:27:37', 10.1569, 3071);

--
-- Wyzwalacze `uzytkownicy_akcje`
--
DELIMITER $$
CREATE TRIGGER `dodanie_historia_notowan_in` AFTER INSERT ON `uzytkownicy_akcje` FOR EACH ROW BEGIN

SET @cena_akcji = 0;
SELECT kalkulator_ceny_akcji(new.id_spolki, 1) INTO @cena_akcji;
SELECT IF(@cena_akcji = 0, (SELECT kalkulator_ceny_spolki(new.id_spolki)), @cena_akcji) INTO @cena_akcji;

INSERT notowania_gieldowe_historia (id_spolki, cena) VALUES (new.id_spolki, (SELECT @cena));
#INSERT historia_transakcji_akcje (id_uzytkownika, id_spolki, cena_kupna, ilosc) VALUES (new.id_uzytkownika, new.id_spolki, new.ilosc, new.cena)/
INSERT historia_transakcji_akcje (id_spolki, id_uzytkownika, cena_kupna, ilosc) VALUES (new.id_spolki, new.id_uzytkownika, new.cena, new.ilosc);


END
$$
DELIMITER ;
DELIMITER $$
CREATE TRIGGER `dodanie_historia_notowan_up` AFTER UPDATE ON `uzytkownicy_akcje` FOR EACH ROW BEGIN

SET @cena_akcji = 0;
SELECT kalkulator_ceny_akcji(new.id_spolki, 1) INTO @cena_akcji;
SELECT IF(@cena_akcji = 0, (SELECT kalkulator_ceny_spolki(new.id_spolki)), @cena_akcji) INTO @cena_akcji;

INSERT notowania_gieldowe_historia (id_spolki, cena) VALUES (new.id_spolki, (SELECT @cena));

INSERT historia_transakcji_akcje (id_spolki, id_uzytkownika, cena_kupna, ilosc) VALUES (new.id_spolki, new.id_uzytkownika, (new.cena), (new.ilosc-old.ilosc));


END
$$
DELIMITER ;

-- --------------------------------------------------------

--
-- Struktura tabeli dla tabeli `uzytkownicy_funkcje`
--

CREATE TABLE `uzytkownicy_funkcje` (
  `id` int(11) NOT NULL,
  `id_uzytkownika` int(11) NOT NULL,
  `id_funkcji` int(11) NOT NULL,
  `zezwol` int(3) NOT NULL DEFAULT '0'
) ENGINE=InnoDB DEFAULT CHARSET=utf8mb4;

--
-- Zrzut danych tabeli `uzytkownicy_funkcje`
--

INSERT INTO `uzytkownicy_funkcje` (`id`, `id_uzytkownika`, `id_funkcji`, `zezwol`) VALUES
(1, 4, 2, 1),
(4, 2, 5, 1),
(6, 2, 8, 1);

-- --------------------------------------------------------

--
-- Struktura tabeli dla tabeli `uzytkownicy_portfel`
--

CREATE TABLE `uzytkownicy_portfel` (
  `id` int(11) NOT NULL,
  `id_uzytkownika` int(11) NOT NULL,
  `id_waluty` int(11) NOT NULL,
  `ilosc` double NOT NULL DEFAULT '0'
) ENGINE=InnoDB DEFAULT CHARSET=utf8mb4;

--
-- Zrzut danych tabeli `uzytkownicy_portfel`
--

INSERT INTO `uzytkownicy_portfel` (`id`, `id_uzytkownika`, `id_waluty`, `ilosc`) VALUES
(1, 11546, 6, 167.01420898437482),
(2, 11602, 6, 1154.190170288086),
(3, 37, 6, 464.8483577880861),
(4, 11575, 6, 4689.515063476562),
(5, 11600, 6, 5732),
(6, 11604, 6, 417.16888427734375),
(7, 11563, 6, 38.47441406249982),
(8, 11591, 6, 3293.0281234130853),
(9, 11582, 6, 10065.157424926758),
(10, 11544, 6, 6282.249374023438),
(11, 11579, 6, 891.27099609375),
(12, 11608, 6, 3995.635546875),
(13, 41, 6, 844.2971679687498),
(14, 11619, 6, 10000),
(15, 11621, 6, 80.05130004882812),
(16, 11640, 6, 7776.41552734375),
(17, 11612, 6, 9966.91438293457),
(18, 11557, 6, 7497.647888183594),
(19, 11603, 6, 6289.738452148437),
(20, 11586, 6, 9942.1485),
(21, 11590, 6, 10000),
(22, 11634, 6, 10000),
(23, 1, 6, 332.5594482421875),
(24, 11630, 6, 3433.2208251953125),
(25, 2, 6, 367.8269531249998),
(26, 11629, 6, 3110.0849453125),
(27, 11599, 6, 630.3455810546875),
(28, 11616, 6, 10000),
(29, 11596, 6, 920.751953125),
(30, 11545, 6, 6196.991931152344),
(31, 11638, 6, 1925.054399047851),
(32, 11597, 6, 49.48411523437517),
(33, 24, 6, 6327.666),
(34, 49, 6, 1272.0190273437502),
(35, 11555, 6, 5732),
(36, 30, 6, 5732),
(37, 11594, 6, 1340.9890438232424),
(38, 11577, 6, 320.3765563964844),
(39, 11606, 6, 6327.666),
(40, 26, 6, 1373.189453125),
(41, 11632, 6, 4365.982162109375),
(42, 11624, 6, 864.8139492187502),
(43, 11556, 6, 825.7884688720696),
(44, 45, 6, 1713.294677734375),
(45, 39, 6, 2937.56492578125),
(46, 36, 6, 49.09111328124982),
(47, 11573, 6, 5200.263809204102),
(48, 11565, 6, 5.320666503906068),
(49, 11631, 6, 3852.92724609375),
(50, 11601, 6, 6327.666),
(51, 38, 6, 980.1123046875),
(52, 11564, 6, 65.33432006835938),
(53, 11637, 6, 2213.9781982421873),
(54, 11611, 6, 9016.453750610352),
(55, 11617, 6, 1379.0459609374993),
(56, 11547, 6, 5732),
(57, 32, 6, 2524.069873046875),
(58, 11583, 6, 8707.004212890624),
(59, 11609, 6, 1688.5964843749998),
(60, 4, 6, 158.19513085937433),
(61, 11566, 6, 4700.59765625),
(62, 16, 6, 4779.490951171875),
(63, 11584, 6, 5732),
(64, 11549, 6, 10000),
(65, 43, 6, 3880.4475708007812),
(66, 11560, 6, 125.0283203125),
(67, 11569, 6, 92.6323425292967),
(68, 11572, 6, 6338.815673828125),
(69, 11554, 6, 3902.3211513671877),
(70, 11567, 6, 6444.569560241699),
(71, 11628, 6, 4549.90574609375),
(72, 11571, 6, 487.4680495605462),
(73, 11613, 6, 1234.7049117431634),
(74, 11550, 6, 10000),
(75, 11592, 6, 1815.4041015624998),
(76, 44, 6, 1869.8985595703125),
(77, 48, 6, 154.34044189453107),
(78, 28, 6, 5732),
(79, 23, 6, 10000),
(80, 11625, 6, 477.35595703125),
(81, 35, 6, 215.99010009765607),
(82, 50, 6, 5099.045764160156),
(83, 11641, 6, 6327.666),
(84, 11553, 6, 296.67578125),
(85, 11642, 6, 2170.5256801757814),
(86, 11574, 6, 5732),
(87, 11618, 6, 10000),
(88, 11614, 6, 2721.4444423828127),
(89, 47, 6, 3435.3544921875),
(90, 11595, 6, 10000),
(91, 11543, 6, 20.174530029296875),
(92, 11578, 6, 517.1688720703123),
(93, 33, 6, 10000),
(94, 11610, 6, 130.45341796874982),
(95, 40, 6, 3586.6630859375),
(96, 42, 6, 599.8562499999998),
(97, 11598, 6, 1530.3870117187498),
(98, 11593, 6, 2365.2380249023436),
(99, 11605, 6, 6327.666),
(100, 7, 6, 4395.15361328125),
(101, 11639, 6, 5749.9033203125),
(102, 11576, 6, 335.38756707763605),
(103, 11623, 6, 5732),
(104, 31, 6, 1056.72607421875),
(105, 11561, 6, 9942.1485),
(106, 27, 6, 9942.1485),
(107, 11551, 6, 9942.1485),
(108, 11589, 6, 1560.8740234375),
(109, 11627, 6, 5732),
(110, 11559, 6, 836.272705078125),
(111, 11588, 6, 2528.811751953125),
(112, 25, 6, 1076.8301235351564),
(113, 11615, 6, 49.76531219482422),
(114, 11558, 6, 348.36470794677734),
(115, 11607, 6, 3054.9137756347654),
(116, 11636, 6, 4912.848695312499),
(117, 34, 6, 7604.439454589843),
(118, 11580, 6, 4449.01806640625),
(119, 11568, 6, 12280.450134277344),
(120, 11552, 6, 9133.547775268555),
(121, 11620, 6, 6381.95),
(122, 11633, 6, 5602.690582275391),
(123, 11626, 6, 10000),
(124, 46, 6, 649.6300673828118),
(125, 11635, 6, 6327.666),
(126, 11581, 6, 988.2243682861326),
(127, 11548, 6, 4423.806640625),
(128, 18, 6, 317.8388671875),
(129, 11562, 6, 6952.374984375),
(130, 11587, 6, 196.94505273437517),
(131, 11585, 6, 5960.5240017089845),
(132, 11570, 6, 5493.766845703125),
(133, 11622, 6, 3020.41844140625),
(134, 29, 6, 8329.743758789064),
(135, 30, 7, 1000),
(136, 11551, 10, 1000),
(137, 11631, 7, 1000),
(138, 11597, 8, 1000),
(139, 11601, 8, 1000),
(140, 11570, 7, 1000),
(141, 11558, 7, 1000),
(142, 1, 7, 1000),
(143, 11591, 10, 1000),
(144, 29, 8, 1000),
(145, 11635, 8, 1000),
(146, 25, 8, 1000),
(147, 44, 7, 1000),
(148, 11630, 7, 1000),
(149, 11613, 10, 1000),
(150, 11592, 9, 1000),
(151, 11543, 7, 1000),
(152, 11627, 7, 1000),
(153, 11580, 7, 1000),
(154, 11641, 8, 1000),
(155, 7, 9, 1000),
(156, 49, 8, 1000),
(157, 11589, 7, 1000),
(158, 11578, 9, 1000),
(159, 11555, 7, 1000),
(160, 45, 7, 1000),
(161, 11563, 9, 1000),
(162, 24, 8, 1000),
(163, 42, 9, 1000),
(164, 11620, 9, 1000),
(165, 11598, 9, 1000),
(166, 11559, 7, 1000),
(167, 11562, 8, 1000),
(168, 11636, 10, 1000),
(169, 11629, 8, 1000),
(170, 11639, 7, 1000),
(171, 11585, 8, 1000),
(172, 11547, 7, 1000),
(173, 48, 9, 1000),
(174, 11632, 8, 1000),
(175, 11569, 9, 1000),
(176, 11587, 8, 1000),
(177, 32, 9, 1000),
(178, 11571, 10, 1000),
(179, 11628, 8, 1000),
(180, 11564, 7, 1000),
(181, 16, 8, 1000),
(182, 11623, 7, 1000),
(183, 4, 10, 1000),
(184, 11609, 9, 1000),
(185, 11610, 9, 1000),
(186, 11565, 9, 1000),
(187, 11574, 7, 1000),
(188, 11560, 7, 1000),
(189, 11594, 8, 1000),
(190, 11600, 7, 1000),
(191, 11638, 10, 1000),
(192, 11588, 8, 1000),
(193, 11621, 7, 1000),
(194, 46, 10, 1000),
(195, 18, 7, 1000),
(196, 11624, 8, 1000),
(197, 2, 9, 1000),
(198, 11615, 7, 1000),
(199, 11576, 10, 1000),
(200, 27, 10, 1000),
(201, 11607, 9, 1000),
(202, 11579, 7, 1000),
(203, 35, 9, 1000),
(204, 11567, 9, 1000),
(205, 36, 9, 1000),
(206, 11603, 9, 1000),
(207, 11577, 7, 1000),
(208, 11545, 9, 1000),
(209, 11556, 10, 1000),
(210, 26, 7, 1000),
(211, 11622, 8, 1000),
(212, 34, 10, 1000),
(213, 11625, 7, 1000),
(214, 11544, 8, 1000),
(215, 11575, 9, 1000),
(216, 11605, 8, 1000),
(217, 50, 9, 1000),
(218, 11640, 7, 1000),
(219, 11614, 8, 1000),
(220, 11586, 10, 1000),
(221, 11606, 8, 1000),
(222, 37, 8, 1000),
(223, 11593, 9, 1000),
(224, 11584, 7, 1000),
(225, 11617, 10, 1000),
(226, 11561, 10, 1000),
(227, 11573, 7, 1000),
(228, 41, 9, 1000),
(229, 11553, 7, 1000),
(230, 11581, 9, 1000),
(231, 11546, 9, 1000),
(232, 11583, 10, 1000),
(233, 28, 7, 1000),
(234, 11554, 8, 1000),
(235, 11637, 9, 1000),
(236, 39, 8, 1000),
(237, 11642, 8, 1000),
(238, 11608, 9, 1000);

--
-- Wyzwalacze `uzytkownicy_portfel`
--
DELIMITER $$
CREATE TRIGGER `dodanie_historia_waluty_in` AFTER INSERT ON `uzytkownicy_portfel` FOR EACH ROW BEGIN

INSERT historia_transakcji_waluty (historia_transakcji_waluty.id_uzytkownika, historia_transakcji_waluty.id_waluty, historia_transakcji_waluty.ilosc) VALUES (new.id_uzytkownika, new.id_waluty, new.ilosc);

END
$$
DELIMITER ;
DELIMITER $$
CREATE TRIGGER `dodanie_historia_waluty_up` AFTER UPDATE ON `uzytkownicy_portfel` FOR EACH ROW BEGIN

INSERT historia_transakcji_waluty (historia_transakcji_waluty.id_uzytkownika, historia_transakcji_waluty.id_waluty, historia_transakcji_waluty.ilosc) VALUES (new.id_uzytkownika, new.id_waluty, (new.ilosc-old.ilosc));

END
$$
DELIMITER ;

-- --------------------------------------------------------

--
-- Struktura tabeli dla tabeli `uzytkownicy_role`
--

CREATE TABLE `uzytkownicy_role` (
  `id` int(11) NOT NULL,
  `id_uzytkownika` int(11) NOT NULL,
  `id_roli` int(11) NOT NULL
) ENGINE=InnoDB DEFAULT CHARSET=utf8mb4;

--
-- Zrzut danych tabeli `uzytkownicy_role`
--

INSERT INTO `uzytkownicy_role` (`id`, `id_uzytkownika`, `id_roli`) VALUES
(16, 1, 14),
(17, 1, 15),
(21, 24, 14),
(22, 24, 15),
(29, 25, 14),
(30, 25, 15),
(31, 28, 13),
(32, 28, 14),
(33, 29, 16),
(34, 30, 16),
(35, 33, 14),
(36, 34, 14),
(37, 35, 15),
(38, 36, 15),
(39, 37, 13),
(40, 38, 14),
(41, 39, 13),
(42, 40, 14),
(43, 41, 15),
(44, 42, 15),
(45, 43, 14),
(46, 44, 13),
(47, 45, 15),
(48, 46, 14),
(49, 47, 15),
(50, 48, 15),
(51, 49, 14),
(52, 50, 13),
(11591, 11543, 13),
(11592, 11544, 15),
(11593, 11545, 14),
(11594, 11546, 14),
(11595, 11547, 13),
(11596, 11548, 15),
(11597, 11549, 13),
(11598, 11550, 13),
(11599, 11551, 14),
(11600, 11552, 14),
(11601, 11553, 13),
(11602, 11554, 13),
(11603, 11555, 13),
(11604, 11556, 14),
(11605, 11557, 13),
(11606, 11558, 14),
(11607, 11559, 15),
(11608, 11560, 15),
(11609, 11561, 15),
(11610, 11562, 14),
(11611, 11563, 14),
(11612, 11564, 14),
(11613, 11565, 14),
(11614, 11566, 14),
(11615, 11567, 14),
(11616, 11568, 14),
(11617, 11569, 13),
(11618, 11570, 14),
(11619, 11571, 13),
(11620, 11572, 15),
(11621, 11573, 13),
(11622, 11574, 15),
(11623, 11575, 13),
(11624, 11576, 13),
(11625, 11577, 13),
(11626, 11578, 15),
(11627, 11579, 14),
(11628, 11580, 13),
(11629, 11581, 13),
(11630, 11582, 15),
(11631, 11583, 13),
(11632, 11584, 13),
(11633, 11585, 14),
(11634, 11586, 15),
(11635, 11587, 13),
(11636, 11588, 13),
(11637, 11589, 15),
(11638, 11590, 15),
(11639, 11591, 15),
(11640, 11592, 13),
(11641, 11593, 14),
(11642, 11594, 13),
(11643, 11595, 14),
(11644, 11596, 14),
(11645, 11597, 14),
(11646, 11598, 15),
(11647, 11599, 15),
(11648, 11600, 13),
(11649, 11601, 14),
(11650, 11602, 15),
(11651, 11603, 15),
(11652, 11604, 14),
(11653, 11605, 13),
(11654, 11606, 14),
(11655, 11607, 13),
(11656, 11608, 13),
(11657, 11609, 15),
(11658, 11610, 13),
(11659, 11611, 13),
(11660, 11612, 13),
(11661, 11613, 15),
(11662, 11614, 15),
(11663, 11615, 13),
(11664, 11616, 13),
(11665, 11617, 15),
(11666, 11618, 14),
(11667, 11619, 15),
(11668, 11620, 15),
(11669, 11621, 14),
(11670, 11622, 15),
(11671, 11623, 15),
(11672, 11624, 13),
(11674, 11626, 13),
(11675, 11627, 15),
(11676, 11628, 15),
(11677, 11629, 13),
(11678, 11630, 14),
(11679, 11631, 13),
(11680, 11632, 13),
(11681, 11633, 14),
(11682, 11634, 15),
(11683, 11635, 15),
(11684, 11636, 14),
(11685, 11637, 15),
(11686, 11638, 15),
(11687, 11639, 14),
(11688, 11640, 13),
(11689, 11641, 15),
(11690, 11642, 13);

-- --------------------------------------------------------

--
-- Struktura tabeli dla tabeli `waluty`
--

CREATE TABLE `waluty` (
  `id` int(11) NOT NULL,
  `nazwa` varchar(10) NOT NULL,
  `nazwa_kod` text NOT NULL,
  `id_panstwo_wydajace` int(11) DEFAULT NULL,
  `wplata` int(3) NOT NULL DEFAULT '0'
) ENGINE=InnoDB DEFAULT CHARSET=utf8mb4;

--
-- Zrzut danych tabeli `waluty`
--

INSERT INTO `waluty` (`id`, `nazwa`, `nazwa_kod`, `id_panstwo_wydajace`, `wplata`) VALUES
(6, 'PLN', 'Polski Zoty', 616, 1),
(7, 'EUR', 'Euro', 276, 0),
(8, 'CHF', 'Frank Szwajcarski', 756, 0),
(9, 'USD', 'Dolar amerykaski', 840, 0),
(10, 'RUB', 'Rosyjski Rubel', 643, 0);

-- --------------------------------------------------------

--
-- Struktura tabeli dla tabeli `waluty_notowania`
--

CREATE TABLE `waluty_notowania` (
  `id` int(11) NOT NULL,
  `id_waluta_pierwsza` int(11) DEFAULT NULL,
  `id_waluta_druga` int(11) DEFAULT NULL,
  `czas` timestamp NOT NULL DEFAULT CURRENT_TIMESTAMP,
  `cena` double DEFAULT NULL
) ENGINE=InnoDB DEFAULT CHARSET=utf8mb4;

--
-- Zrzut danych tabeli `waluty_notowania`
--

INSERT INTO `waluty_notowania` (`id`, `id_waluta_pierwsza`, `id_waluta_druga`, `czas`, `cena`) VALUES
(401, 6, 7, '2018-05-08 10:51:15', 0.234154),
(402, 6, 8, '2018-05-08 10:51:16', 0.278862),
(403, 6, 9, '2018-05-08 10:51:17', 0.27804),
(404, 6, 10, '2018-05-08 10:51:18', 17.59312),
(405, 7, 6, '2018-05-08 10:51:19', 4.2702),
(406, 7, 8, '2018-05-08 10:51:21', 1.19066),
(407, 7, 9, '2018-05-08 10:51:22', 1.18705),
(408, 7, 10, '2018-05-08 10:51:23', 75.1365),
(409, 8, 6, '2018-05-08 10:51:23', 3.586291),
(410, 8, 7, '2018-05-08 10:51:24', 0.83987),
(411, 8, 9, '2018-05-08 10:51:25', 0.997069),
(412, 8, 10, '2018-05-08 10:51:26', 63.09343),
(413, 9, 6, '2018-05-08 10:51:27', 3.59715),
(414, 9, 7, '2018-05-08 10:51:28', 0.842403),
(415, 9, 8, '2018-05-08 10:51:29', 1.003),
(416, 9, 10, '2018-05-08 10:51:30', 63.2928),
(417, 10, 6, '2018-05-08 10:51:31', 0.0568389),
(418, 10, 7, '2018-05-08 10:51:32', 0.0133111),
(419, 10, 8, '2018-05-08 10:51:33', 0.0158485),
(420, 10, 9, '2018-05-08 10:51:34', 0.0157996),
(421, 6, 7, '2018-05-08 13:12:02', 0.233612),
(422, 6, 8, '2018-05-08 13:12:03', 0.277739),
(423, 6, 9, '2018-05-08 13:12:04', 0.276978),
(424, 6, 10, '2018-05-08 13:12:05', 17.54302),
(425, 7, 6, '2018-05-08 13:12:06', 4.2807),
(426, 7, 8, '2018-05-08 13:12:07', 1.188845),
(427, 7, 9, '2018-05-08 13:12:08', 1.18551),
(428, 7, 10, '2018-05-08 13:12:09', 75.1194),
(429, 8, 6, '2018-05-08 13:12:10', 3.6004),
(430, 8, 7, '2018-05-08 13:12:11', 0.841149),
(431, 8, 9, '2018-05-08 13:12:12', 0.997243),
(432, 8, 10, '2018-05-08 13:12:13', 63.18762),
(433, 9, 6, '2018-05-08 13:12:13', 3.6108),
(434, 9, 7, '2018-05-08 13:12:14', 0.843455),
(435, 9, 8, '2018-05-08 13:12:15', 1.002835),
(436, 9, 10, '2018-05-08 13:12:16', 63.3535),
(437, 10, 6, '2018-05-08 13:12:17', 0.056992),
(438, 10, 7, '2018-05-08 13:12:18', 0.0133116),
(439, 10, 8, '2018-05-08 13:12:19', 0.0158295),
(440, 10, 9, '2018-05-08 13:12:20', 0.015784),
(441, 6, 7, '2018-05-09 13:12:06', 0.234406),
(442, 6, 8, '2018-05-09 13:12:07', 0.279018),
(443, 6, 9, '2018-05-09 13:12:08', 0.278466),
(444, 6, 10, '2018-05-09 13:12:09', 17.58123),
(445, 7, 6, '2018-05-09 13:12:10', 4.2653),
(446, 7, 8, '2018-05-09 13:12:11', 1.190175),
(447, 7, 9, '2018-05-09 13:12:12', 1.18785),
(448, 7, 10, '2018-05-09 13:12:13', 75.0022),
(449, 8, 6, '2018-05-09 13:12:14', 3.585),
(450, 8, 7, '2018-05-09 13:12:15', 0.84023),
(451, 8, 9, '2018-05-09 13:12:16', 0.998253),
(452, 8, 10, '2018-05-09 13:12:17', 63.02506),
(453, 9, 6, '2018-05-09 13:12:18', 3.59065),
(454, 9, 7, '2018-05-09 13:12:18', 0.841804),
(455, 9, 8, '2018-05-09 13:12:19', 1.00168),
(456, 9, 10, '2018-05-09 13:12:20', 63.1387),
(457, 10, 6, '2018-05-09 13:12:21', 0.0568671),
(458, 10, 7, '2018-05-09 13:12:22', 0.0133327),
(459, 10, 8, '2018-05-09 13:12:23', 0.0158629),
(460, 10, 9, '2018-05-09 13:12:24', 0.0158382),
(461, 6, 7, '2018-05-10 13:12:02', 0.235716),
(462, 6, 8, '2018-05-10 13:12:03', 0.281215),
(463, 6, 9, '2018-05-10 13:12:04', 0.281282),
(464, 6, 10, '2018-05-10 13:12:05', 17.40248),
(465, 7, 6, '2018-05-10 13:12:07', 4.2425),
(466, 7, 8, '2018-05-10 13:12:08', 1.1931),
(467, 7, 9, '2018-05-10 13:12:09', 1.19359),
(468, 7, 10, '2018-05-10 13:12:10', 73.8065),
(469, 8, 6, '2018-05-10 13:12:11', 3.55635),
(470, 8, 7, '2018-05-10 13:12:12', 0.838202),
(471, 8, 9, '2018-05-10 13:12:13', 1.00034),
(472, 8, 10, '2018-05-10 13:12:14', 61.89536),
(473, 9, 6, '2018-05-10 13:12:15', 3.55515),
(474, 9, 7, '2018-05-10 13:12:16', 0.837931),
(475, 9, 8, '2018-05-10 13:12:16', 0.99967),
(476, 9, 10, '2018-05-10 13:12:17', 61.8609),
(477, 10, 6, '2018-05-10 13:12:18', 0.057462),
(478, 10, 7, '2018-05-10 13:12:19', 0.0135455),
(479, 10, 8, '2018-05-10 13:12:20', 0.0161563),
(480, 10, 9, '2018-05-10 13:12:21', 0.0161629),
(481, 6, 7, '2018-05-11 13:12:03', 0.234813),
(482, 6, 8, '2018-05-11 13:12:04', 0.280269),
(483, 6, 9, '2018-05-11 13:12:05', 0.280694),
(484, 6, 10, '2018-05-11 13:12:06', 17.24604),
(485, 7, 6, '2018-05-11 13:12:07', 4.2587),
(486, 7, 8, '2018-05-11 13:12:08', 1.19395),
(487, 7, 9, '2018-05-11 13:12:09', 1.19525),
(488, 7, 10, '2018-05-11 13:12:11', 73.4449),
(489, 8, 6, '2018-05-11 13:12:12', 3.5673),
(490, 8, 7, '2018-05-11 13:12:13', 0.837763),
(491, 8, 9, '2018-05-11 13:12:14', 1.001392),
(492, 8, 10, '2018-05-11 13:12:15', 61.52409),
(493, 9, 6, '2018-05-11 13:12:19', 3.56255),
(494, 9, 7, '2018-05-11 13:12:20', 0.836645),
(495, 9, 8, '2018-05-11 13:12:21', 0.998575),
(496, 9, 10, '2018-05-11 13:12:21', 61.448),
(497, 10, 6, '2018-05-11 13:12:22', 0.0579761),
(498, 10, 7, '2018-05-11 13:12:23', 0.0136167),
(499, 10, 8, '2018-05-11 13:12:24', 0.0162526),
(500, 10, 9, '2018-05-11 13:12:25', 0.0162726),
(501, 6, 7, '2018-05-12 13:12:02', 0.234401),
(502, 6, 8, '2018-05-12 13:12:03', 0.279698),
(503, 6, 9, '2018-05-12 13:12:04', 0.279904),
(504, 6, 10, '2018-05-12 13:12:05', 17.3303),
(505, 7, 6, '2018-05-12 13:12:06', 4.2662),
(506, 7, 8, '2018-05-12 13:12:07', 1.19435),
(507, 7, 9, '2018-05-12 13:12:08', 1.19437),
(508, 7, 10, '2018-05-12 13:12:08', 73.955),
(509, 8, 6, '2018-05-12 13:12:09', 3.5753),
(510, 8, 7, '2018-05-12 13:12:10', 0.837276),
(511, 8, 9, '2018-05-12 13:12:11', 0.9997),
(512, 8, 10, '2018-05-12 13:12:12', 61.88417),
(513, 9, 6, '2018-05-12 13:12:13', 3.57265),
(514, 9, 7, '2018-05-12 13:12:14', 0.837262),
(515, 9, 8, '2018-05-12 13:12:16', 1.0003),
(516, 9, 10, '2018-05-12 13:12:17', 61.9165),
(517, 10, 6, '2018-05-12 13:12:18', 0.0577024),
(518, 10, 7, '2018-05-12 13:12:19', 0.0135252),
(519, 10, 8, '2018-05-12 13:12:23', 0.0161592),
(520, 10, 9, '2018-05-12 13:12:24', 0.0161508),
(521, 6, 7, '2018-05-13 13:12:02', 0.234401),
(522, 6, 8, '2018-05-13 13:12:03', 0.279698),
(523, 6, 9, '2018-05-13 13:12:04', 0.279904),
(524, 6, 10, '2018-05-13 13:12:05', 17.3303),
(525, 7, 6, '2018-05-13 13:12:06', 4.2662),
(526, 7, 8, '2018-05-13 13:12:07', 1.19435),
(527, 7, 9, '2018-05-13 13:12:08', 1.19437),
(528, 7, 10, '2018-05-13 13:12:09', 73.955),
(529, 8, 6, '2018-05-13 13:12:10', 3.5753),
(530, 8, 7, '2018-05-13 13:12:11', 0.837276),
(531, 8, 9, '2018-05-13 13:12:12', 0.9997),
(532, 8, 10, '2018-05-13 13:12:13', 61.88417),
(533, 9, 6, '2018-05-13 13:12:13', 3.57265),
(534, 9, 7, '2018-05-13 13:12:14', 0.837262),
(535, 9, 8, '2018-05-13 13:12:15', 1.0003),
(536, 9, 10, '2018-05-13 13:12:16', 61.9165),
(537, 10, 6, '2018-05-13 13:12:18', 0.0577024),
(538, 10, 7, '2018-05-13 13:12:19', 0.0135252),
(539, 10, 8, '2018-05-13 13:12:20', 0.0161592),
(540, 10, 9, '2018-05-13 13:12:21', 0.0161508),
(541, 6, 7, '2018-05-14 13:12:02', 0.23464),
(542, 6, 8, '2018-05-14 13:12:03', 0.280248),
(543, 6, 9, '2018-05-14 13:12:04', 0.28131),
(544, 6, 10, '2018-05-14 13:12:05', 17.35398),
(545, 7, 6, '2018-05-14 13:12:06', 4.2617),
(546, 7, 8, '2018-05-14 13:12:07', 1.19442),
(547, 7, 9, '2018-05-14 13:12:08', 1.19895),
(548, 7, 10, '2018-05-14 13:12:09', 73.9623),
(549, 8, 6, '2018-05-14 13:12:10', 3.567),
(550, 8, 7, '2018-05-14 13:12:10', 0.837223),
(551, 8, 9, '2018-05-14 13:12:11', 1.003814),
(552, 8, 10, '2018-05-14 13:12:12', 61.9194),
(553, 9, 6, '2018-05-14 13:12:13', 3.5546),
(554, 9, 7, '2018-05-14 13:12:14', 0.834049),
(555, 9, 8, '2018-05-14 13:12:15', 0.99627),
(556, 9, 10, '2018-05-14 13:12:16', 61.6875),
(557, 10, 6, '2018-05-14 13:12:17', 0.0576186),
(558, 10, 7, '2018-05-14 13:12:18', 0.0135187),
(559, 10, 8, '2018-05-14 13:12:19', 0.01615),
(560, 10, 9, '2018-05-14 13:12:20', 0.016211),
(561, 6, 7, '2018-05-15 13:12:04', 0.233204),
(562, 6, 8, '2018-05-15 13:12:05', 0.276909),
(563, 6, 9, '2018-05-15 13:12:06', 0.276369),
(564, 6, 10, '2018-05-15 13:12:07', 17.23792),
(565, 7, 6, '2018-05-15 13:12:08', 4.2876),
(566, 7, 8, '2018-05-15 13:12:09', 1.18745),
(567, 7, 9, '2018-05-15 13:12:10', 1.18514),
(568, 7, 10, '2018-05-15 13:12:11', 73.9049),
(569, 8, 6, '2018-05-15 13:12:12', 3.611),
(570, 8, 7, '2018-05-15 13:12:12', 0.842105),
(571, 8, 9, '2018-05-15 13:12:13', 0.998054),
(572, 8, 10, '2018-05-15 13:12:14', 62.25957),
(573, 9, 6, '2018-05-15 13:12:15', 3.6182),
(574, 9, 7, '2018-05-15 13:12:16', 0.843786),
(575, 9, 8, '2018-05-15 13:12:17', 1.0018),
(576, 9, 10, '2018-05-15 13:12:18', 62.363),
(577, 10, 6, '2018-05-15 13:12:19', 0.0580122),
(578, 10, 7, '2018-05-15 13:12:20', 0.0135327),
(579, 10, 8, '2018-05-15 13:12:21', 0.0160618),
(580, 10, 9, '2018-05-15 13:12:22', 0.0160351),
(581, 6, 7, '2018-05-16 13:12:02', 0.233152),
(582, 6, 8, '2018-05-16 13:12:04', 0.27465),
(583, 6, 9, '2018-05-16 13:12:05', 0.274616),
(584, 6, 10, '2018-05-16 13:12:06', 17.11714),
(585, 7, 6, '2018-05-16 13:12:07', 4.289),
(586, 7, 8, '2018-05-16 13:12:08', 1.177995),
(587, 7, 9, '2018-05-16 13:12:09', 1.17791),
(588, 7, 10, '2018-05-16 13:12:10', 73.4257),
(589, 8, 6, '2018-05-16 13:12:11', 3.6407),
(590, 8, 7, '2018-05-16 13:12:12', 0.848932),
(591, 8, 9, '2018-05-16 13:12:13', 1),
(592, 8, 10, '2018-05-16 13:12:14', 62.31925),
(593, 9, 6, '2018-05-16 13:12:15', 3.64145),
(594, 9, 7, '2018-05-16 13:12:16', 0.848994),
(595, 9, 8, '2018-05-16 13:12:17', 1.000125),
(596, 9, 10, '2018-05-16 13:12:18', 62.3425),
(597, 10, 6, '2018-05-16 13:12:19', 0.0584189),
(598, 10, 7, '2018-05-16 13:12:20', 0.013617),
(599, 10, 8, '2018-05-16 13:12:20', 0.0160464),
(600, 10, 9, '2018-05-16 13:12:21', 0.0160413),
(601, 6, 7, '2018-05-17 13:12:02', 0.232883),
(602, 6, 8, '2018-05-17 13:12:03', 0.275433),
(603, 6, 9, '2018-05-17 13:12:06', 0.274827),
(604, 6, 10, '2018-05-17 13:12:06', 17.02742),
(605, 7, 6, '2018-05-17 13:12:07', 4.2949),
(606, 7, 8, '2018-05-17 13:12:08', 1.18296),
(607, 7, 9, '2018-05-17 13:12:09', 1.18036),
(608, 7, 10, '2018-05-17 13:12:10', 73.1229),
(609, 8, 6, '2018-05-17 13:12:11', 3.63055),
(610, 8, 7, '2018-05-17 13:12:12', 0.845316),
(611, 8, 9, '2018-05-17 13:12:13', 0.997954),
(612, 8, 10, '2018-05-17 13:12:14', 61.82528),
(613, 9, 6, '2018-05-17 13:12:15', 3.6358),
(614, 9, 7, '2018-05-17 13:12:16', 0.847145),
(615, 9, 8, '2018-05-17 13:12:17', 1.00206),
(616, 9, 10, '2018-05-17 13:12:18', 61.9514),
(617, 10, 6, '2018-05-17 13:12:19', 0.0587301),
(618, 10, 7, '2018-05-17 13:12:20', 0.0136764),
(619, 10, 8, '2018-05-17 13:12:21', 0.0161786),
(620, 10, 9, '2018-05-17 13:12:22', 0.0161416),
(621, 6, 7, '2018-05-18 13:12:02', 0.232439),
(622, 6, 8, '2018-05-18 13:12:03', 0.273291),
(623, 6, 9, '2018-05-18 13:12:04', 0.273344),
(624, 6, 10, '2018-05-18 13:12:05', 17.10716),
(625, 7, 6, '2018-05-18 13:12:07', 4.3017),
(626, 7, 8, '2018-05-18 13:12:08', 1.1756),
(627, 7, 9, '2018-05-18 13:12:12', 1.17577),
(628, 7, 10, '2018-05-18 13:12:13', 73.6391),
(629, 8, 6, '2018-05-18 13:12:14', 3.66),
(630, 8, 7, '2018-05-18 13:12:15', 0.850626),
(631, 8, 9, '2018-05-18 13:12:16', 1.00021),
(632, 8, 10, '2018-05-18 13:12:16', 62.63937),
(633, 9, 6, '2018-05-18 13:12:17', 3.65835),
(634, 9, 7, '2018-05-18 13:12:18', 0.850503),
(635, 9, 8, '2018-05-18 13:12:19', 0.99977),
(636, 9, 10, '2018-05-18 13:12:20', 62.605),
(637, 10, 6, '2018-05-18 13:12:21', 0.0584108),
(638, 10, 7, '2018-05-18 13:12:22', 0.0135946),
(639, 10, 8, '2018-05-18 13:12:23', 0.0159644),
(640, 10, 9, '2018-05-18 13:12:24', 0.0159696),
(641, 6, 7, '2018-05-19 13:12:02', 0.232466),
(642, 6, 8, '2018-05-19 13:12:03', 0.272926),
(643, 6, 9, '2018-05-19 13:12:04', 0.273714),
(644, 6, 10, '2018-05-19 13:12:05', 17.0679),
(645, 7, 6, '2018-05-19 13:12:05', 4.3017),
(646, 7, 8, '2018-05-19 13:12:07', 1.174595),
(647, 7, 9, '2018-05-19 13:12:08', 1.177165),
(648, 7, 10, '2018-05-19 13:12:09', 73.419),
(649, 8, 6, '2018-05-19 13:12:10', 3.664),
(650, 8, 7, '2018-05-19 13:12:11', 0.851357),
(651, 8, 9, '2018-05-19 13:12:12', 1.002295),
(652, 8, 10, '2018-05-19 13:12:13', 62.52557),
(653, 9, 6, '2018-05-19 13:12:14', 3.65345),
(654, 9, 7, '2018-05-19 13:12:15', 0.849499),
(655, 9, 8, '2018-05-19 13:12:16', 0.99771),
(656, 9, 10, '2018-05-19 13:12:17', 62.3754),
(657, 10, 6, '2018-05-19 13:12:17', 0.0585895),
(658, 10, 7, '2018-05-19 13:12:18', 0.0136205),
(659, 10, 8, '2018-05-19 13:12:19', 0.0159935),
(660, 10, 9, '2018-05-19 13:12:20', 0.016032),
(661, 6, 7, '2018-05-20 13:12:03', 0.232466),
(662, 6, 8, '2018-05-20 13:12:04', 0.272926),
(663, 6, 9, '2018-05-20 13:12:05', 0.273714),
(664, 6, 10, '2018-05-20 13:12:06', 17.0679),
(665, 7, 6, '2018-05-20 13:12:08', 4.3017),
(666, 7, 8, '2018-05-20 13:12:09', 1.174595),
(667, 7, 9, '2018-05-20 13:12:10', 1.177165),
(668, 7, 10, '2018-05-20 13:12:11', 73.419),
(669, 8, 6, '2018-05-20 13:12:11', 3.664),
(670, 8, 7, '2018-05-20 13:12:12', 0.851357),
(671, 8, 9, '2018-05-20 13:12:13', 1.002295),
(672, 8, 10, '2018-05-20 13:12:14', 62.52557),
(673, 9, 6, '2018-05-20 13:12:15', 3.65345),
(674, 9, 7, '2018-05-20 13:12:16', 0.849499),
(675, 9, 8, '2018-05-20 13:12:17', 0.99771),
(676, 9, 10, '2018-05-20 13:12:18', 62.3754),
(677, 10, 6, '2018-05-20 13:12:19', 0.0585895),
(678, 10, 7, '2018-05-20 13:12:19', 0.0136205),
(679, 10, 8, '2018-05-20 13:12:20', 0.0159935),
(680, 10, 9, '2018-05-20 13:12:21', 0.016032),
(681, 6, 7, '2018-05-21 13:12:03', 0.23211),
(682, 6, 8, '2018-05-21 13:12:04', 0.272711),
(683, 6, 9, '2018-05-21 13:12:05', 0.273064),
(684, 6, 10, '2018-05-21 13:12:06', 16.99092),
(685, 7, 6, '2018-05-21 13:12:07', 4.3083),
(686, 7, 8, '2018-05-21 13:12:09', 1.174965),
(687, 7, 9, '2018-05-21 13:12:09', 1.17654),
(688, 7, 10, '2018-05-21 13:12:10', 73.192),
(689, 8, 6, '2018-05-21 13:12:11', 3.667),
(690, 8, 7, '2018-05-21 13:12:12', 0.851093),
(691, 8, 9, '2018-05-21 13:12:13', 1.001317),
(692, 8, 10, '2018-05-21 13:12:14', 62.31014),
(693, 9, 6, '2018-05-21 13:12:15', 3.6613),
(694, 9, 7, '2018-05-21 13:12:16', 0.849968),
(695, 9, 8, '2018-05-21 13:12:17', 0.9987),
(696, 9, 10, '2018-05-21 13:12:18', 62.2168),
(697, 10, 6, '2018-05-21 13:12:19', 0.0588554),
(698, 10, 7, '2018-05-21 13:12:20', 0.0136616),
(699, 10, 8, '2018-05-21 13:12:21', 0.0160488),
(700, 10, 9, '2018-05-21 13:12:22', 0.0160724),
(781, 6, 7, '2018-05-26 13:12:04', 0.231849),
(782, 6, 8, '2018-05-26 13:12:05', 0.267288),
(783, 6, 9, '2018-05-26 13:12:06', 0.27007),
(784, 6, 10, '2018-05-26 13:12:07', 16.8131),
(785, 7, 6, '2018-05-26 13:12:07', 4.3131),
(786, 7, 8, '2018-05-26 13:12:09', 1.15339),
(787, 7, 9, '2018-05-26 13:12:09', 1.165105),
(788, 7, 10, '2018-05-26 13:12:10', 72.5097),
(789, 8, 6, '2018-05-26 13:12:11', 3.734),
(790, 8, 7, '2018-05-26 13:12:12', 0.867414),
(791, 8, 9, '2018-05-26 13:12:13', 1.010407),
(792, 8, 10, '2018-05-26 13:12:14', 62.90261),
(793, 9, 6, '2018-05-26 13:12:16', 3.70275),
(794, 9, 7, '2018-05-26 13:12:17', 0.85848),
(795, 9, 8, '2018-05-26 13:12:18', 0.990095),
(796, 9, 10, '2018-05-26 13:12:19', 62.2547),
(797, 10, 6, '2018-05-26 13:12:19', 0.0594775),
(798, 10, 7, '2018-05-26 13:12:20', 0.0137898),
(799, 10, 8, '2018-05-26 13:12:21', 0.0158976),
(800, 10, 9, '2018-05-26 13:12:22', 0.016063),
(801, 6, 7, '2018-05-27 13:12:03', 0.231849),
(802, 6, 8, '2018-05-27 13:12:05', 0.267288),
(803, 6, 9, '2018-05-27 13:12:06', 0.27007),
(804, 6, 10, '2018-05-27 13:12:07', 16.8131),
(805, 7, 6, '2018-05-27 13:12:08', 4.3131),
(806, 7, 8, '2018-05-27 13:12:09', 1.15339),
(807, 7, 9, '2018-05-27 13:12:10', 1.165105),
(808, 7, 10, '2018-05-27 13:12:11', 72.5097),
(809, 8, 6, '2018-05-27 13:12:12', 3.734),
(810, 8, 7, '2018-05-27 13:12:13', 0.867414),
(811, 8, 9, '2018-05-27 13:12:14', 1.010407),
(812, 8, 10, '2018-05-27 13:12:15', 62.90261),
(813, 9, 6, '2018-05-27 13:12:16', 3.70275),
(814, 9, 7, '2018-05-27 13:12:17', 0.85848),
(815, 9, 8, '2018-05-27 13:12:18', 0.990095),
(816, 9, 10, '2018-05-27 13:12:19', 62.2547),
(817, 10, 6, '2018-05-27 13:12:20', 0.0594775),
(818, 10, 7, '2018-05-27 13:12:21', 0.0137898),
(819, 10, 8, '2018-05-27 13:12:22', 0.0158976),
(820, 10, 9, '2018-05-27 13:12:23', 0.016063),
(821, 6, 7, '2018-05-28 13:12:03', 0.232473),
(822, 6, 8, '2018-05-28 13:12:04', 0.26874),
(823, 6, 9, '2018-05-28 13:12:05', 0.269982),
(824, 6, 10, '2018-05-28 13:12:09', 16.84394),
(825, 7, 6, '2018-05-28 13:12:10', 4.3017),
(826, 7, 8, '2018-05-28 13:12:12', 1.155845),
(827, 7, 9, '2018-05-28 13:12:13', 1.161225),
(828, 7, 10, '2018-05-28 13:12:14', 72.4615),
(829, 8, 6, '2018-05-28 13:12:15', 3.722),
(830, 8, 7, '2018-05-28 13:12:16', 0.864972),
(831, 8, 9, '2018-05-28 13:12:17', 1.004621),
(832, 8, 10, '2018-05-28 13:12:18', 62.67702),
(833, 9, 6, '2018-05-28 13:12:19', 3.7037),
(834, 9, 7, '2018-05-28 13:12:20', 0.860993),
(835, 9, 8, '2018-05-28 13:12:21', 0.9953),
(836, 9, 10, '2018-05-28 13:12:22', 62.3902),
(837, 10, 6, '2018-05-28 13:12:22', 0.0593657),
(838, 10, 7, '2018-05-28 13:12:23', 0.0138025),
(839, 10, 8, '2018-05-28 13:12:24', 0.0159512),
(840, 10, 9, '2018-05-28 13:12:25', 0.0160282),
(841, 6, 7, '2018-05-29 13:12:03', 0.232423),
(842, 6, 8, '2018-05-29 13:12:04', 0.267831),
(843, 6, 9, '2018-05-29 13:12:05', 0.269204),
(844, 6, 10, '2018-05-29 13:12:06', 16.82328),
(845, 7, 6, '2018-05-29 13:12:07', 4.3025),
(846, 7, 8, '2018-05-29 13:12:08', 1.15255),
(847, 7, 9, '2018-05-29 13:12:09', 1.15835),
(848, 7, 10, '2018-05-29 13:12:11', 72.3795),
(849, 8, 6, '2018-05-29 13:12:12', 3.7335),
(850, 8, 7, '2018-05-29 13:12:14', 0.867548),
(851, 8, 9, '2018-05-29 13:12:15', 1.004924),
(852, 8, 10, '2018-05-29 13:12:16', 62.80053),
(853, 9, 6, '2018-05-29 13:12:18', 3.71525),
(854, 9, 7, '2018-05-29 13:12:18', 0.863446),
(855, 9, 8, '2018-05-29 13:12:19', 0.995),
(856, 9, 10, '2018-05-29 13:12:20', 62.4935),
(857, 10, 6, '2018-05-29 13:12:21', 0.0594429),
(858, 10, 7, '2018-05-29 13:12:22', 0.0138163),
(859, 10, 8, '2018-05-29 13:12:23', 0.0159214),
(860, 10, 9, '2018-05-29 13:12:24', 0.0160014),
(861, 6, 7, '2018-05-30 13:12:02', 0.231658),
(862, 6, 8, '2018-05-30 13:12:03', 0.266331),
(863, 6, 9, '2018-05-30 13:12:04', 0.26932),
(864, 6, 10, '2018-05-30 13:12:05', 16.78108),
(865, 7, 6, '2018-05-30 13:12:06', 4.3171),
(866, 7, 8, '2018-05-30 13:12:11', 1.149655),
(867, 7, 9, '2018-05-30 13:12:12', 1.16271),
(868, 7, 10, '2018-05-30 13:12:13', 72.4009),
(869, 8, 6, '2018-05-30 13:12:13', 3.75605),
(870, 8, 7, '2018-05-30 13:12:14', 0.869684),
(871, 8, 9, '2018-05-30 13:12:16', 1.011225),
(872, 8, 10, '2018-05-30 13:12:17', 62.97847),
(873, 9, 6, '2018-05-30 13:12:18', 3.71285),
(874, 9, 7, '2018-05-30 13:12:19', 0.86003),
(875, 9, 8, '2018-05-30 13:12:20', 0.988725),
(876, 9, 10, '2018-05-30 13:12:21', 62.2743),
(877, 10, 6, '2018-05-30 13:12:22', 0.0596192),
(878, 10, 7, '2018-05-30 13:12:23', 0.0138092),
(879, 10, 8, '2018-05-30 13:12:24', 0.0158782),
(880, 10, 9, '2018-05-30 13:12:25', 0.0160581),
(881, 6, 7, '2018-05-31 13:12:03', 0.231923),
(882, 6, 8, '2018-05-31 13:12:04', 0.266616),
(883, 6, 9, '2018-05-31 13:12:05', 0.270457),
(884, 6, 10, '2018-05-31 13:12:06', 16.81756),
(885, 7, 6, '2018-05-31 13:12:07', 4.3118),
(886, 7, 8, '2018-05-31 13:12:08', 1.149155),
(887, 7, 9, '2018-05-31 13:12:09', 1.165925),
(888, 7, 10, '2018-05-31 13:12:10', 72.5141),
(889, 8, 6, '2018-05-31 13:12:11', 3.75145),
(890, 8, 7, '2018-05-31 13:12:12', 0.869875),
(891, 8, 9, '2018-05-31 13:12:13', 1.014405),
(892, 8, 10, '2018-05-31 13:12:14', 63.07781),
(893, 9, 6, '2018-05-31 13:12:15', 3.6982),
(894, 9, 7, '2018-05-31 13:12:16', 0.857523),
(895, 9, 8, '2018-05-31 13:12:17', 0.9857),
(896, 9, 10, '2018-05-31 13:12:18', 62.1845),
(897, 10, 6, '2018-05-31 13:12:18', 0.0594617),
(898, 10, 7, '2018-05-31 13:12:19', 0.0137905),
(899, 10, 8, '2018-05-31 13:12:20', 0.0158534),
(900, 10, 9, '2018-05-31 13:12:21', 0.0160817),
(901, 6, 7, '2018-06-01 13:12:03', 0.231833),
(902, 6, 8, '2018-06-01 13:12:05', 0.267942),
(903, 6, 9, '2018-06-01 13:12:06', 0.270695),
(904, 6, 10, '2018-06-01 13:12:06', 16.80827),
(905, 7, 6, '2018-06-01 13:12:08', 4.313746),
(906, 7, 8, '2018-06-01 13:12:09', 1.156055),
(907, 7, 9, '2018-06-01 13:12:10', 1.167515),
(908, 7, 10, '2018-06-01 13:12:11', 72.508),
(909, 8, 6, '2018-06-01 13:12:12', 3.73275),
(910, 8, 7, '2018-06-01 13:12:13', 0.864924),
(911, 8, 9, '2018-06-01 13:12:13', 1.010101),
(912, 8, 10, '2018-06-01 13:12:15', 62.72759),
(913, 9, 6, '2018-06-01 13:12:16', 3.69485),
(914, 9, 7, '2018-06-01 13:12:17', 0.856274),
(915, 9, 8, '2018-06-01 13:12:17', 0.990225),
(916, 9, 10, '2018-06-01 13:12:19', 62.1135),
(917, 10, 6, '2018-06-01 13:12:20', 0.0594968),
(918, 10, 7, '2018-06-01 13:12:20', 0.0137906),
(919, 10, 8, '2018-06-01 13:12:21', 0.0159432),
(920, 10, 9, '2018-06-01 13:12:22', 0.0161026),
(1081, 6, 7, '2018-06-10 13:12:03', 0.233721),
(1082, 6, 8, '2018-06-10 13:12:04', 0.270956),
(1083, 6, 9, '2018-06-10 13:12:05', 0.275054),
(1084, 6, 10, '2018-06-10 13:12:06', 17.14453),
(1085, 7, 6, '2018-06-10 13:12:07', 4.2793),
(1086, 7, 8, '2018-06-10 13:12:08', 1.159115),
(1087, 7, 9, '2018-06-10 13:12:09', 1.17705),
(1088, 7, 10, '2018-06-10 13:12:10', 73.3673),
(1089, 8, 6, '2018-06-10 13:12:11', 3.690641),
(1090, 8, 7, '2018-06-10 13:12:12', 0.862578),
(1091, 8, 9, '2018-06-10 13:12:13', 1.015125),
(1092, 8, 10, '2018-06-10 13:12:14', 63.2743),
(1093, 9, 6, '2018-06-10 13:12:15', 3.63565),
(1094, 9, 7, '2018-06-10 13:12:15', 0.849726),
(1095, 9, 8, '2018-06-10 13:12:16', 0.98517),
(1096, 9, 10, '2018-06-10 13:12:17', 62.3315),
(1097, 10, 6, '2018-06-10 13:12:18', 0.0583277),
(1098, 10, 7, '2018-06-10 13:12:19', 0.0136324),
(1099, 10, 8, '2018-06-10 13:12:20', 0.0158042),
(1100, 10, 9, '2018-06-10 13:12:21', 0.0160433),
(1101, 6, 7, '2018-06-11 13:12:04', 0.23432),
(1102, 6, 8, '2018-06-11 13:12:05', 0.272357),
(1103, 6, 9, '2018-06-11 13:12:06', 0.276392),
(1104, 6, 10, '2018-06-11 13:12:07', 17.28835),
(1105, 7, 6, '2018-06-11 13:12:07', 4.268),
(1106, 7, 8, '2018-06-11 13:12:08', 1.16243),
(1107, 7, 9, '2018-06-11 13:12:09', 1.17955),
(1108, 7, 10, '2018-06-11 13:12:10', 73.7739),
(1109, 8, 6, '2018-06-11 13:12:11', 3.672334),
(1110, 8, 7, '2018-06-11 13:12:12', 0.860283),
(1111, 8, 9, '2018-06-11 13:12:13', 1.014919),
(1112, 8, 10, '2018-06-11 13:12:14', 63.47865),
(1113, 9, 6, '2018-06-11 13:12:15', 3.61805),
(1114, 9, 7, '2018-06-11 13:12:16', 0.847637),
(1115, 9, 8, '2018-06-11 13:12:17', 0.98549),
(1116, 9, 10, '2018-06-11 13:12:18', 62.541),
(1117, 10, 6, '2018-06-11 13:12:19', 0.0578515),
(1118, 10, 7, '2018-06-11 13:12:19', 0.0135523),
(1119, 10, 8, '2018-06-11 13:12:20', 0.0157566),
(1120, 10, 9, '2018-06-11 13:12:21', 0.0159885),
(1121, 6, 7, '2018-06-12 13:12:02', 0.234009),
(1122, 6, 8, '2018-06-12 13:12:04', 0.271582),
(1123, 6, 9, '2018-06-12 13:12:05', 0.276026),
(1124, 6, 10, '2018-06-12 13:12:06', 17.30511),
(1125, 7, 6, '2018-06-12 13:12:07', 4.2735),
(1126, 7, 8, '2018-06-12 13:12:08', 1.16065),
(1127, 7, 9, '2018-06-12 13:12:09', 1.179625),
(1128, 7, 10, '2018-06-12 13:12:10', 73.933),
(1129, 8, 6, '2018-06-12 13:12:11', 3.682),
(1130, 8, 7, '2018-06-12 13:12:12', 0.861814),
(1131, 8, 9, '2018-06-12 13:12:12', 1.016467),
(1132, 8, 10, '2018-06-12 13:12:13', 63.72628),
(1133, 9, 6, '2018-06-12 13:12:14', 3.6227),
(1134, 9, 7, '2018-06-12 13:12:15', 0.847853),
(1135, 9, 8, '2018-06-12 13:12:16', 0.98403),
(1136, 9, 10, '2018-06-12 13:12:25', 62.68139),
(1137, 10, 6, '2018-06-12 13:12:26', 0.0577832),
(1138, 10, 7, '2018-06-12 13:12:27', 0.0135214),
(1139, 10, 8, '2018-06-12 13:12:28', 0.0156937),
(1140, 10, 9, '2018-06-12 13:12:29', 0.0159505),
(1141, 6, 7, '2018-06-13 13:12:02', 0.233947),
(1142, 6, 8, '2018-06-13 13:12:03', 0.271641),
(1143, 6, 9, '2018-06-13 13:12:05', 0.275554),
(1144, 6, 10, '2018-06-13 13:12:06', 17.2427),
(1145, 7, 6, '2018-06-13 13:12:06', 4.2739),
(1146, 7, 8, '2018-06-13 13:12:07', 1.16086),
(1147, 7, 9, '2018-06-13 13:12:08', 1.17785),
(1148, 7, 10, '2018-06-13 13:12:09', 73.7053),
(1149, 8, 6, '2018-06-13 13:12:10', 3.6818),
(1150, 8, 7, '2018-06-13 13:12:11', 0.861234),
(1151, 8, 9, '2018-06-13 13:12:12', 1.014405),
(1152, 8, 10, '2018-06-13 13:12:13', 63.47769),
(1153, 9, 6, '2018-06-13 13:12:14', 3.6291),
(1154, 9, 7, '2018-06-13 13:12:15', 0.849005),
(1155, 9, 8, '2018-06-13 13:12:16', 0.985705),
(1156, 9, 10, '2018-06-13 13:12:17', 62.575),
(1157, 10, 6, '2018-06-13 13:12:18', 0.0579972),
(1158, 10, 7, '2018-06-13 13:12:19', 0.0135675),
(1159, 10, 8, '2018-06-13 13:12:20', 0.0157536),
(1160, 10, 9, '2018-06-13 13:12:21', 0.0159805),
(1161, 6, 7, '2018-06-14 13:12:02', 0.233999),
(1162, 6, 8, '2018-06-14 13:12:03', 0.270636),
(1163, 6, 9, '2018-06-14 13:12:06', 0.2734),
(1164, 6, 10, '2018-06-14 13:12:07', 17.00362),
(1165, 7, 6, '2018-06-14 13:12:08', 4.2746),
(1166, 7, 8, '2018-06-14 13:12:09', 1.15713),
(1167, 7, 9, '2018-06-14 13:12:10', 1.16871),
(1168, 7, 10, '2018-06-14 13:12:11', 72.655),
(1169, 8, 6, '2018-06-14 13:12:12', 3.695),
(1170, 8, 7, '2018-06-14 13:12:13', 0.864419),
(1171, 8, 9, '2018-06-14 13:12:14', 1.010203),
(1172, 8, 10, '2018-06-14 13:12:15', 62.82787),
(1173, 9, 6, '2018-06-14 13:12:16', 3.65825),
(1174, 9, 7, '2018-06-14 13:12:17', 0.855688),
(1175, 9, 8, '2018-06-14 13:12:18', 0.990275),
(1176, 9, 10, '2018-06-14 13:12:19', 62.1685),
(1177, 10, 6, '2018-06-14 13:12:21', 0.0588226),
(1178, 10, 7, '2018-06-14 13:12:22', 0.0137601),
(1179, 10, 8, '2018-06-14 13:12:23', 0.0159183),
(1180, 10, 9, '2018-06-14 13:12:24', 0.0160812),
(1181, 6, 7, '2018-06-15 13:12:02', 0.233407),
(1182, 6, 8, '2018-06-15 13:12:03', 0.27001),
(1183, 6, 9, '2018-06-15 13:12:04', 0.270904),
(1184, 6, 10, '2018-06-15 13:12:05', 17.00589),
(1185, 7, 6, '2018-06-15 13:12:07', 4.2837),
(1186, 7, 8, '2018-06-15 13:12:08', 1.15664),
(1187, 7, 9, '2018-06-15 13:12:09', 1.160425),
(1188, 7, 10, '2018-06-15 13:12:10', 72.843),
(1189, 8, 6, '2018-06-15 13:12:11', 3.7035),
(1190, 8, 7, '2018-06-15 13:12:12', 0.864427),
(1191, 8, 9, '2018-06-15 13:12:13', 1.00321),
(1192, 8, 10, '2018-06-15 13:12:14', 62.97423),
(1193, 9, 6, '2018-06-15 13:12:15', 3.69155),
(1194, 9, 7, '2018-06-15 13:12:16', 0.86166),
(1195, 9, 8, '2018-06-15 13:12:17', 0.99665),
(1196, 9, 10, '2018-06-15 13:12:18', 62.7595),
(1197, 10, 6, '2018-06-15 13:12:19', 0.0588098),
(1198, 10, 7, '2018-06-15 13:12:20', 0.0137267),
(1199, 10, 8, '2018-06-15 13:12:21', 0.0158795),
(1200, 10, 9, '2018-06-15 13:12:21', 0.0159305),
(1201, 6, 7, '2018-06-16 13:12:02', 0.23331),
(1202, 6, 8, '2018-06-16 13:12:03', 0.270215),
(1203, 6, 9, '2018-06-16 13:12:04', 0.270838),
(1204, 6, 10, '2018-06-16 13:12:05', 17.10635),
(1205, 7, 6, '2018-06-16 13:12:06', 4.286148),
(1206, 7, 8, '2018-06-16 13:12:08', 1.15818),
(1207, 7, 9, '2018-06-16 13:12:09', 1.16105),
(1208, 7, 10, '2018-06-16 13:12:10', 73.333),
(1209, 8, 6, '2018-06-16 13:12:11', 3.700762),
(1210, 8, 7, '2018-06-16 13:12:12', 0.863424),
(1211, 8, 9, '2018-06-16 13:12:12', 1.002305),
(1212, 8, 10, '2018-06-16 13:12:13', 63.30651),
(1213, 9, 6, '2018-06-16 13:12:14', 3.69225),
(1214, 9, 7, '2018-06-16 13:12:15', 0.861438),
(1215, 9, 8, '2018-06-16 13:12:16', 0.9977),
(1216, 9, 10, '2018-06-16 13:12:17', 63.1609),
(1217, 10, 6, '2018-06-16 13:12:18', 0.0584579),
(1218, 10, 7, '2018-06-16 13:12:19', 0.0136388),
(1219, 10, 8, '2018-06-16 13:12:20', 0.0157962),
(1220, 10, 9, '2018-06-16 13:12:21', 0.0158326),
(1221, 6, 7, '2018-06-17 13:12:02', 0),
(1222, 6, 8, '2018-06-17 13:12:03', 0),
(1223, 6, 9, '2018-06-17 13:12:04', 0),
(1224, 6, 10, '2018-06-17 13:12:05', 0),
(1225, 7, 6, '2018-06-17 13:12:05', 0),
(1226, 7, 8, '2018-06-17 13:12:06', 0),
(1227, 7, 9, '2018-06-17 13:12:07', 0),
(1228, 7, 10, '2018-06-17 13:12:09', 0),
(1229, 8, 6, '2018-06-17 13:12:10', 0),
(1230, 8, 7, '2018-06-17 13:12:11', 0),
(1231, 8, 9, '2018-06-17 13:12:12', 0),
(1232, 8, 10, '2018-06-17 13:12:13', 0),
(1233, 9, 6, '2018-06-17 13:12:14', 0),
(1234, 9, 7, '2018-06-17 13:12:15', 0),
(1235, 9, 8, '2018-06-17 13:12:16', 0),
(1236, 9, 10, '2018-06-17 13:12:16', 0),
(1237, 10, 6, '2018-06-17 13:12:17', 0),
(1238, 10, 7, '2018-06-17 13:12:18', 0),
(1239, 10, 8, '2018-06-17 13:12:19', 0),
(1240, 10, 9, '2018-06-17 13:12:20', 0),
(1241, 6, 7, '2018-06-18 13:12:03', 0),
(1242, 6, 8, '2018-06-18 13:12:04', 0),
(1243, 6, 9, '2018-06-18 13:12:05', 0),
(1244, 6, 10, '2018-06-18 13:12:06', 0),
(1245, 7, 6, '2018-06-18 13:12:07', 0),
(1246, 7, 8, '2018-06-18 13:12:08', 0),
(1247, 7, 9, '2018-06-18 13:12:09', 0),
(1248, 7, 10, '2018-06-18 13:12:11', 0),
(1249, 8, 6, '2018-06-18 13:12:12', 0),
(1250, 8, 7, '2018-06-18 13:12:13', 0),
(1251, 8, 9, '2018-06-18 13:12:14', 0),
(1252, 8, 10, '2018-06-18 13:12:14', 0),
(1253, 9, 6, '2018-06-18 13:12:15', 0),
(1254, 9, 7, '2018-06-18 13:12:16', 0),
(1255, 9, 8, '2018-06-18 13:12:17', 0),
(1256, 9, 10, '2018-06-18 13:12:18', 0),
(1257, 10, 6, '2018-06-18 13:12:19', 0),
(1258, 10, 7, '2018-06-18 13:12:20', 0),
(1259, 10, 8, '2018-06-18 13:12:21', 0),
(1260, 10, 9, '2018-06-18 13:12:22', 0),
(1261, 6, 7, '2018-06-19 13:12:03', 0),
(1262, 6, 8, '2018-06-19 13:12:07', 0),
(1263, 6, 9, '2018-06-19 13:12:08', 0),
(1264, 6, 10, '2018-06-19 13:12:10', 0),
(1265, 7, 6, '2018-06-19 13:12:11', 0),
(1266, 7, 8, '2018-06-19 13:12:12', 0),
(1267, 7, 9, '2018-06-19 13:12:13', 0),
(1268, 7, 10, '2018-06-19 13:12:14', 0),
(1269, 8, 6, '2018-06-19 13:12:15', 0),
(1270, 8, 7, '2018-06-19 13:12:16', 0),
(1271, 8, 9, '2018-06-19 13:12:16', 0),
(1272, 8, 10, '2018-06-19 13:12:17', 0),
(1273, 9, 6, '2018-06-19 13:12:18', 0),
(1274, 9, 7, '2018-06-19 13:12:19', 0),
(1275, 9, 8, '2018-06-19 13:12:20', 0),
(1276, 9, 10, '2018-06-19 13:12:21', 0),
(1277, 10, 6, '2018-06-19 13:12:22', 0),
(1278, 10, 7, '2018-06-19 13:12:23', 0),
(1279, 10, 8, '2018-06-19 13:12:24', 0),
(1280, 10, 9, '2018-06-19 13:12:24', 0),
(1281, 6, 7, '2018-06-20 13:12:03', 0),
(1282, 6, 8, '2018-06-20 13:12:04', 0),
(1283, 6, 9, '2018-06-20 13:12:04', 0),
(1284, 6, 10, '2018-06-20 13:12:05', 0),
(1285, 7, 6, '2018-06-20 13:12:06', 0),
(1286, 7, 8, '2018-06-20 13:12:07', 0),
(1287, 7, 9, '2018-06-20 13:12:08', 0),
(1288, 7, 10, '2018-06-20 13:12:09', 0),
(1289, 8, 6, '2018-06-20 13:12:10', 0),
(1290, 8, 7, '2018-06-20 13:12:12', 0),
(1291, 8, 9, '2018-06-20 13:12:12', 0),
(1292, 8, 10, '2018-06-20 13:12:13', 0),
(1293, 9, 6, '2018-06-20 13:12:14', 0),
(1294, 9, 7, '2018-06-20 13:12:15', 0),
(1295, 9, 8, '2018-06-20 13:12:16', 0),
(1296, 9, 10, '2018-06-20 13:12:17', 0),
(1297, 10, 6, '2018-06-20 13:12:18', 0),
(1298, 10, 7, '2018-06-20 13:12:19', 0),
(1299, 10, 8, '2018-06-20 13:12:23', 0),
(1300, 10, 9, '2018-06-20 13:12:24', 0),
(1301, 6, 7, '2018-06-21 13:12:02', 0),
(1302, 6, 8, '2018-06-21 13:12:03', 0),
(1303, 6, 9, '2018-06-21 13:12:04', 0),
(1304, 6, 10, '2018-06-21 13:12:05', 0),
(1305, 7, 6, '2018-06-21 13:12:06', 0),
(1306, 7, 8, '2018-06-21 13:12:07', 0),
(1307, 7, 9, '2018-06-21 13:12:08', 0),
(1308, 7, 10, '2018-06-21 13:12:09', 0),
(1309, 8, 6, '2018-06-21 13:12:10', 0),
(1310, 8, 7, '2018-06-21 13:12:11', 0),
(1311, 8, 9, '2018-06-21 13:12:13', 0),
(1312, 8, 10, '2018-06-21 13:12:14', 0),
(1313, 9, 6, '2018-06-21 13:12:14', 0),
(1314, 9, 7, '2018-06-21 13:12:15', 0),
(1315, 9, 8, '2018-06-21 13:12:16', 0),
(1316, 9, 10, '2018-06-21 13:12:17', 0),
(1317, 10, 6, '2018-06-21 13:12:18', 0),
(1318, 10, 7, '2018-06-21 13:12:19', 0),
(1319, 10, 8, '2018-06-21 13:12:20', 0),
(1320, 10, 9, '2018-06-21 13:12:21', 0),
(1321, 6, 7, '2018-06-22 13:12:06', 0),
(1322, 6, 8, '2018-06-22 13:12:07', 0),
(1323, 6, 9, '2018-06-22 13:12:08', 0),
(1324, 6, 10, '2018-06-22 13:12:09', 0),
(1325, 7, 6, '2018-06-22 13:12:10', 0),
(1326, 7, 8, '2018-06-22 13:12:11', 0),
(1327, 7, 9, '2018-06-22 13:12:12', 0),
(1328, 7, 10, '2018-06-22 13:12:13', 0),
(1329, 8, 6, '2018-06-22 13:12:14', 0),
(1330, 8, 7, '2018-06-22 13:12:15', 0),
(1331, 8, 9, '2018-06-22 13:12:16', 0),
(1332, 8, 10, '2018-06-22 13:12:17', 0),
(1333, 9, 6, '2018-06-22 13:12:18', 0),
(1334, 9, 7, '2018-06-22 13:12:19', 0),
(1335, 9, 8, '2018-06-22 13:12:20', 0),
(1336, 9, 10, '2018-06-22 13:12:21', 0),
(1337, 10, 6, '2018-06-22 13:12:22', 0),
(1338, 10, 7, '2018-06-22 13:12:23', 0),
(1339, 10, 8, '2018-06-22 13:12:24', 0),
(1340, 10, 9, '2018-06-22 13:12:25', 0),
(1341, 6, 7, '2018-06-23 13:12:02', 0),
(1342, 6, 8, '2018-06-23 13:12:03', 0),
(1343, 6, 9, '2018-06-23 13:12:04', 0),
(1344, 6, 10, '2018-06-23 13:12:05', 0),
(1345, 7, 6, '2018-06-23 13:12:06', 0),
(1346, 7, 8, '2018-06-23 13:12:07', 0),
(1347, 7, 9, '2018-06-23 13:12:08', 0),
(1348, 7, 10, '2018-06-23 13:12:09', 0),
(1349, 8, 6, '2018-06-23 13:12:10', 0),
(1350, 8, 7, '2018-06-23 13:12:11', 0),
(1351, 8, 9, '2018-06-23 13:12:12', 0),
(1352, 8, 10, '2018-06-23 13:12:13', 0),
(1353, 9, 6, '2018-06-23 13:12:14', 0),
(1354, 9, 7, '2018-06-23 13:12:16', 0),
(1355, 9, 8, '2018-06-23 13:12:17', 0),
(1356, 9, 10, '2018-06-23 13:12:17', 0),
(1357, 10, 6, '2018-06-23 13:12:18', 0),
(1358, 10, 7, '2018-06-23 13:12:19', 0),
(1359, 10, 8, '2018-06-23 13:12:20', 0),
(1360, 10, 9, '2018-06-23 13:12:21', 0),
(1361, 6, 7, '2018-06-24 13:12:03', 0),
(1362, 6, 8, '2018-06-24 13:12:04', 0),
(1363, 6, 9, '2018-06-24 13:12:04', 0),
(1364, 6, 10, '2018-06-24 13:12:05', 0),
(1365, 7, 6, '2018-06-24 13:12:06', 0),
(1366, 7, 8, '2018-06-24 13:12:08', 0),
(1367, 7, 9, '2018-06-24 13:12:08', 0),
(1368, 7, 10, '2018-06-24 13:12:09', 0),
(1369, 8, 6, '2018-06-24 13:12:10', 0),
(1370, 8, 7, '2018-06-24 13:12:11', 0),
(1371, 8, 9, '2018-06-24 13:12:12', 0),
(1372, 8, 10, '2018-06-24 13:12:13', 0),
(1373, 9, 6, '2018-06-24 13:12:14', 0),
(1374, 9, 7, '2018-06-24 13:12:15', 0),
(1375, 9, 8, '2018-06-24 13:12:17', 0),
(1376, 9, 10, '2018-06-24 13:12:18', 0),
(1377, 10, 6, '2018-06-24 13:12:19', 0),
(1378, 10, 7, '2018-06-24 13:12:19', 0),
(1379, 10, 8, '2018-06-24 13:12:20', 0),
(1380, 10, 9, '2018-06-24 13:12:21', 0),
(1381, 6, 7, '2018-06-25 13:12:02', 0),
(1382, 6, 8, '2018-06-25 13:12:03', 0),
(1383, 6, 9, '2018-06-25 13:12:04', 0),
(1384, 6, 10, '2018-06-25 13:12:05', 0),
(1385, 7, 6, '2018-06-25 13:12:06', 0),
(1386, 7, 8, '2018-06-25 13:12:07', 0),
(1387, 7, 9, '2018-06-25 13:12:11', 0),
(1388, 7, 10, '2018-06-25 13:12:12', 0),
(1389, 8, 6, '2018-06-25 13:12:13', 0),
(1390, 8, 7, '2018-06-25 13:12:14', 0),
(1391, 8, 9, '2018-06-25 13:12:18', 0),
(1392, 8, 10, '2018-06-25 13:12:19', 0),
(1393, 9, 6, '2018-06-25 13:12:21', 0),
(1394, 9, 7, '2018-06-25 13:12:22', 0),
(1395, 9, 8, '2018-06-25 13:12:23', 0),
(1396, 9, 10, '2018-06-25 13:12:23', 0),
(1397, 10, 6, '2018-06-25 13:12:24', 0),
(1398, 10, 7, '2018-06-25 13:12:25', 0),
(1399, 10, 8, '2018-06-25 13:12:26', 0),
(1400, 10, 9, '2018-06-25 13:12:27', 0),
(1401, 6, 7, '2018-06-26 13:12:03', 0),
(1402, 6, 8, '2018-06-26 13:12:04', 0),
(1403, 6, 9, '2018-06-26 13:12:05', 0),
(1404, 6, 10, '2018-06-26 13:12:05', 0),
(1405, 7, 6, '2018-06-26 13:12:06', 0),
(1406, 7, 8, '2018-06-26 13:12:07', 0),
(1407, 7, 9, '2018-06-26 13:12:08', 0),
(1408, 7, 10, '2018-06-26 13:12:09', 0),
(1409, 8, 6, '2018-06-26 13:12:10', 0),
(1410, 8, 7, '2018-06-26 13:12:11', 0),
(1411, 8, 9, '2018-06-26 13:12:12', 0),
(1412, 8, 10, '2018-06-26 13:12:13', 0),
(1413, 9, 6, '2018-06-26 13:12:14', 0),
(1414, 9, 7, '2018-06-26 13:12:15', 0),
(1415, 9, 8, '2018-06-26 13:12:16', 0),
(1416, 9, 10, '2018-06-26 13:12:17', 0),
(1417, 10, 6, '2018-06-26 13:12:18', 0),
(1418, 10, 7, '2018-06-26 13:12:19', 0),
(1419, 10, 8, '2018-06-26 13:12:20', 0),
(1420, 10, 9, '2018-06-26 13:12:21', 0),
(1421, 6, 7, '2018-06-27 13:12:03', 0),
(1422, 6, 8, '2018-06-27 13:12:04', 0),
(1423, 6, 9, '2018-06-27 13:12:05', 0),
(1424, 6, 10, '2018-06-27 13:12:06', 0),
(1425, 7, 6, '2018-06-27 13:12:08', 0),
(1426, 7, 8, '2018-06-27 13:12:09', 0),
(1427, 7, 9, '2018-06-27 13:12:09', 0),
(1428, 7, 10, '2018-06-27 13:12:10', 0),
(1429, 8, 6, '2018-06-27 13:12:11', 0),
(1430, 8, 7, '2018-06-27 13:12:12', 0),
(1431, 8, 9, '2018-06-27 13:12:13', 0),
(1432, 8, 10, '2018-06-27 13:12:14', 0),
(1433, 9, 6, '2018-06-27 13:12:16', 0),
(1434, 9, 7, '2018-06-27 13:12:17', 0),
(1435, 9, 8, '2018-06-27 13:12:18', 0),
(1436, 9, 10, '2018-06-27 13:12:19', 0),
(1437, 10, 6, '2018-06-27 13:12:20', 0),
(1438, 10, 7, '2018-06-27 13:12:21', 0),
(1439, 10, 8, '2018-06-27 13:12:22', 0),
(1440, 10, 9, '2018-06-27 13:12:23', 0),
(1441, 6, 7, '2018-06-28 13:12:03', 0),
(1442, 6, 8, '2018-06-28 13:12:04', 0),
(1443, 6, 9, '2018-06-28 13:12:06', 0),
(1444, 6, 10, '2018-06-28 13:12:07', 0),
(1445, 7, 6, '2018-06-28 13:12:08', 0),
(1446, 7, 8, '2018-06-28 13:12:09', 0),
(1447, 7, 9, '2018-06-28 13:12:10', 0),
(1448, 7, 10, '2018-06-28 13:12:11', 0),
(1449, 8, 6, '2018-06-28 13:12:12', 0),
(1450, 8, 7, '2018-06-28 13:12:13', 0),
(1451, 8, 9, '2018-06-28 13:12:14', 0),
(1452, 8, 10, '2018-06-28 13:12:15', 0),
(1453, 9, 6, '2018-06-28 13:12:16', 0),
(1454, 9, 7, '2018-06-28 13:12:16', 0),
(1455, 9, 8, '2018-06-28 13:12:17', 0),
(1456, 9, 10, '2018-06-28 13:12:19', 0),
(1457, 10, 6, '2018-06-28 13:12:20', 0),
(1458, 10, 7, '2018-06-28 13:12:20', 0),
(1459, 10, 8, '2018-06-28 13:12:21', 0),
(1460, 10, 9, '2018-06-28 13:12:22', 0),
(1461, 6, 7, '2018-06-29 13:12:02', 0),
(1462, 6, 8, '2018-06-29 13:12:04', 0),
(1463, 6, 9, '2018-06-29 13:12:05', 0),
(1464, 6, 10, '2018-06-29 13:12:06', 0),
(1465, 7, 6, '2018-06-29 13:12:07', 0),
(1466, 7, 8, '2018-06-29 13:12:08', 0),
(1467, 7, 9, '2018-06-29 13:12:09', 0),
(1468, 7, 10, '2018-06-29 13:12:10', 0),
(1469, 8, 6, '2018-06-29 13:12:11', 0),
(1470, 8, 7, '2018-06-29 13:12:13', 0),
(1471, 8, 9, '2018-06-29 13:12:13', 0),
(1472, 8, 10, '2018-06-29 13:12:16', 0),
(1473, 9, 6, '2018-06-29 13:12:17', 0),
(1474, 9, 7, '2018-06-29 13:12:18', 0),
(1475, 9, 8, '2018-06-29 13:12:19', 0),
(1476, 9, 10, '2018-06-29 13:12:20', 0),
(1477, 10, 6, '2018-06-29 13:12:22', 0),
(1478, 10, 7, '2018-06-29 13:12:24', 0),
(1479, 10, 8, '2018-06-29 13:12:25', 0),
(1480, 10, 9, '2018-06-29 13:12:26', 0),
(1481, 6, 7, '2018-06-30 13:12:02', 0),
(1482, 6, 8, '2018-06-30 13:12:03', 0),
(1483, 6, 9, '2018-06-30 13:12:04', 0),
(1484, 6, 10, '2018-06-30 13:12:05', 0),
(1485, 7, 6, '2018-06-30 13:12:06', 0),
(1486, 7, 8, '2018-06-30 13:12:08', 0),
(1487, 7, 9, '2018-06-30 13:12:09', 0),
(1488, 7, 10, '2018-06-30 13:12:10', 0),
(1489, 8, 6, '2018-06-30 13:12:11', 0),
(1490, 8, 7, '2018-06-30 13:12:11', 0),
(1491, 8, 9, '2018-06-30 13:12:12', 0),
(1492, 8, 10, '2018-06-30 13:12:13', 0),
(1493, 9, 6, '2018-06-30 13:12:14', 0),
(1494, 9, 7, '2018-06-30 13:12:15', 0),
(1495, 9, 8, '2018-06-30 13:12:16', 0),
(1496, 9, 10, '2018-06-30 13:12:17', 0),
(1497, 10, 6, '2018-06-30 13:12:18', 0),
(1498, 10, 7, '2018-06-30 13:12:19', 0),
(1499, 10, 8, '2018-06-30 13:12:20', 0),
(1500, 10, 9, '2018-06-30 13:12:21', 0),
(1501, 6, 7, '2018-07-01 13:12:03', 0),
(1502, 6, 8, '2018-07-01 13:12:04', 0),
(1503, 6, 9, '2018-07-01 13:12:04', 0),
(1504, 6, 10, '2018-07-01 13:12:06', 0),
(1505, 7, 6, '2018-07-01 13:12:07', 0),
(1506, 7, 8, '2018-07-01 13:12:08', 0),
(1507, 7, 9, '2018-07-01 13:12:09', 0),
(1508, 7, 10, '2018-07-01 13:12:10', 0),
(1509, 8, 6, '2018-07-01 13:12:11', 0),
(1510, 8, 7, '2018-07-01 13:12:12', 0),
(1511, 8, 9, '2018-07-01 13:12:13', 0),
(1512, 8, 10, '2018-07-01 13:12:14', 0),
(1513, 9, 6, '2018-07-01 13:12:15', 0),
(1514, 9, 7, '2018-07-01 13:12:15', 0),
(1515, 9, 8, '2018-07-01 13:12:17', 0),
(1516, 9, 10, '2018-07-01 13:12:18', 0),
(1517, 10, 6, '2018-07-01 13:12:19', 0),
(1518, 10, 7, '2018-07-01 13:12:19', 0),
(1519, 10, 8, '2018-07-01 13:12:20', 0),
(1520, 10, 9, '2018-07-01 13:12:21', 0),
(1521, 6, 7, '2018-07-02 13:12:02', 0),
(1522, 6, 8, '2018-07-02 13:12:03', 0),
(1523, 6, 9, '2018-07-02 13:12:04', 0),
(1524, 6, 10, '2018-07-02 13:12:05', 0),
(1525, 7, 6, '2018-07-02 13:12:07', 0),
(1526, 7, 8, '2018-07-02 13:12:08', 0),
(1527, 7, 9, '2018-07-02 13:12:09', 0),
(1528, 7, 10, '2018-07-02 13:12:10', 0),
(1529, 8, 6, '2018-07-02 13:12:11', 0),
(1530, 8, 7, '2018-07-02 13:12:12', 0),
(1531, 8, 9, '2018-07-02 13:12:13', 0),
(1532, 8, 10, '2018-07-02 13:12:14', 0),
(1533, 9, 6, '2018-07-02 13:12:15', 0),
(1534, 9, 7, '2018-07-02 13:12:16', 0),
(1535, 9, 8, '2018-07-02 13:12:17', 0),
(1536, 9, 10, '2018-07-02 13:12:18', 0),
(1537, 10, 6, '2018-07-02 13:12:19', 0),
(1538, 10, 7, '2018-07-02 13:12:20', 0),
(1539, 10, 8, '2018-07-02 13:12:21', 0),
(1540, 10, 9, '2018-07-02 13:12:22', 0),
(1541, 6, 7, '2018-07-03 13:12:03', 0),
(1542, 6, 8, '2018-07-03 13:12:04', 0),
(1543, 6, 9, '2018-07-03 13:12:05', 0),
(1544, 6, 10, '2018-07-03 13:12:06', 0),
(1545, 7, 6, '2018-07-03 13:12:07', 0),
(1546, 7, 8, '2018-07-03 13:12:08', 0),
(1547, 7, 9, '2018-07-03 13:12:09', 0),
(1548, 7, 10, '2018-07-03 13:12:11', 0),
(1549, 8, 6, '2018-07-03 13:12:12', 0),
(1550, 8, 7, '2018-07-03 13:12:13', 0),
(1551, 8, 9, '2018-07-03 13:12:14', 0),
(1552, 8, 10, '2018-07-03 13:12:15', 0),
(1553, 9, 6, '2018-07-03 13:12:16', 0),
(1554, 9, 7, '2018-07-03 13:12:17', 0),
(1555, 9, 8, '2018-07-03 13:12:18', 0),
(1556, 9, 10, '2018-07-03 13:12:18', 0),
(1557, 10, 6, '2018-07-03 13:12:20', 0),
(1558, 10, 7, '2018-07-03 13:12:20', 0),
(1559, 10, 8, '2018-07-03 13:12:21', 0),
(1560, 10, 9, '2018-07-03 13:12:22', 0),
(1561, 6, 7, '2018-07-04 13:12:03', 0),
(1562, 6, 8, '2018-07-04 13:12:05', 0),
(1563, 6, 9, '2018-07-04 13:12:06', 0),
(1564, 6, 10, '2018-07-04 13:12:07', 0),
(1565, 7, 6, '2018-07-04 13:12:08', 0),
(1566, 7, 8, '2018-07-04 13:12:10', 0),
(1567, 7, 9, '2018-07-04 13:12:11', 0),
(1568, 7, 10, '2018-07-04 13:12:13', 0),
(1569, 8, 6, '2018-07-04 13:12:15', 0),
(1570, 8, 7, '2018-07-04 13:12:16', 0),
(1571, 8, 9, '2018-07-04 13:12:17', 0),
(1572, 8, 10, '2018-07-04 13:12:19', 0),
(1573, 9, 6, '2018-07-04 13:12:20', 0),
(1574, 9, 7, '2018-07-04 13:12:21', 0),
(1575, 9, 8, '2018-07-04 13:12:22', 0),
(1576, 9, 10, '2018-07-04 13:12:23', 0),
(1577, 10, 6, '2018-07-04 13:12:24', 0),
(1578, 10, 7, '2018-07-04 13:12:25', 0),
(1579, 10, 8, '2018-07-04 13:12:26', 0),
(1580, 10, 9, '2018-07-04 13:12:28', 0),
(1581, 6, 7, '2018-07-05 13:12:02', 0),
(1582, 6, 8, '2018-07-05 13:12:03', 0),
(1583, 6, 9, '2018-07-05 13:12:04', 0),
(1584, 6, 10, '2018-07-05 13:12:06', 0),
(1585, 7, 6, '2018-07-05 13:12:07', 0),
(1586, 7, 8, '2018-07-05 13:12:08', 0),
(1587, 7, 9, '2018-07-05 13:12:09', 0),
(1588, 7, 10, '2018-07-05 13:12:10', 0),
(1589, 8, 6, '2018-07-05 13:12:11', 0),
(1590, 8, 7, '2018-07-05 13:12:12', 0),
(1591, 8, 9, '2018-07-05 13:12:13', 0),
(1592, 8, 10, '2018-07-05 13:12:14', 0),
(1593, 9, 6, '2018-07-05 13:12:15', 0),
(1594, 9, 7, '2018-07-05 13:12:16', 0),
(1595, 9, 8, '2018-07-05 13:12:17', 0),
(1596, 9, 10, '2018-07-05 13:12:18', 0),
(1597, 10, 6, '2018-07-05 13:12:19', 0),
(1598, 10, 7, '2018-07-05 13:12:20', 0),
(1599, 10, 8, '2018-07-05 13:12:21', 0),
(1600, 10, 9, '2018-07-05 13:12:22', 0),
(1601, 6, 7, '2018-07-06 13:12:02', 0),
(1602, 6, 8, '2018-07-06 13:12:03', 0),
(1603, 6, 9, '2018-07-06 13:12:04', 0),
(1604, 6, 10, '2018-07-06 13:12:05', 0),
(1605, 7, 6, '2018-07-06 13:12:06', 0),
(1606, 7, 8, '2018-07-06 13:12:07', 0),
(1607, 7, 9, '2018-07-06 13:12:08', 0),
(1608, 7, 10, '2018-07-06 13:12:09', 0),
(1609, 8, 6, '2018-07-06 13:12:10', 0),
(1610, 8, 7, '2018-07-06 13:12:11', 0),
(1611, 8, 9, '2018-07-06 13:12:12', 0),
(1612, 8, 10, '2018-07-06 13:12:13', 0),
(1613, 9, 6, '2018-07-06 13:12:14', 0),
(1614, 9, 7, '2018-07-06 13:12:15', 0),
(1615, 9, 8, '2018-07-06 13:12:17', 0),
(1616, 9, 10, '2018-07-06 13:12:17', 0),
(1617, 10, 6, '2018-07-06 13:12:18', 0),
(1618, 10, 7, '2018-07-06 13:12:19', 0),
(1619, 10, 8, '2018-07-06 13:12:20', 0),
(1620, 10, 9, '2018-07-06 13:12:21', 0),
(1621, 6, 7, '2018-07-07 13:12:06', 0),
(1622, 6, 8, '2018-07-07 13:12:07', 0),
(1623, 6, 9, '2018-07-07 13:12:08', 0),
(1624, 6, 10, '2018-07-07 13:12:09', 0),
(1625, 7, 6, '2018-07-07 13:12:11', 0),
(1626, 7, 8, '2018-07-07 13:12:12', 0),
(1627, 7, 9, '2018-07-07 13:12:13', 0),
(1628, 7, 10, '2018-07-07 13:12:14', 0),
(1629, 8, 6, '2018-07-07 13:12:14', 0),
(1630, 8, 7, '2018-07-07 13:12:15', 0),
(1631, 8, 9, '2018-07-07 13:12:17', 0),
(1632, 8, 10, '2018-07-07 13:12:18', 0),
(1633, 9, 6, '2018-07-07 13:12:19', 0),
(1634, 9, 7, '2018-07-07 13:12:20', 0),
(1635, 9, 8, '2018-07-07 13:12:21', 0),
(1636, 9, 10, '2018-07-07 13:12:22', 0),
(1637, 10, 6, '2018-07-07 13:12:23', 0),
(1638, 10, 7, '2018-07-07 13:12:24', 0),
(1639, 10, 8, '2018-07-07 13:12:25', 0),
(1640, 10, 9, '2018-07-07 13:12:26', 0),
(1641, 6, 7, '2018-07-08 13:12:03', 0),
(1642, 6, 8, '2018-07-08 13:12:04', 0),
(1643, 6, 9, '2018-07-08 13:12:05', 0),
(1644, 6, 10, '2018-07-08 13:12:05', 0),
(1645, 7, 6, '2018-07-08 13:12:06', 0),
(1646, 7, 8, '2018-07-08 13:12:07', 0),
(1647, 7, 9, '2018-07-08 13:12:08', 0),
(1648, 7, 10, '2018-07-08 13:12:09', 0),
(1649, 8, 6, '2018-07-08 13:12:10', 0),
(1650, 8, 7, '2018-07-08 13:12:12', 0),
(1651, 8, 9, '2018-07-08 13:12:12', 0),
(1652, 8, 10, '2018-07-08 13:12:13', 0),
(1653, 9, 6, '2018-07-08 13:12:15', 0),
(1654, 9, 7, '2018-07-08 13:12:15', 0),
(1655, 9, 8, '2018-07-08 13:12:17', 0),
(1656, 9, 10, '2018-07-08 13:12:18', 0),
(1657, 10, 6, '2018-07-08 13:12:19', 0),
(1658, 10, 7, '2018-07-08 13:12:19', 0),
(1659, 10, 8, '2018-07-08 13:12:20', 0),
(1660, 10, 9, '2018-07-08 13:12:22', 0),
(1661, 6, 7, '2018-07-09 13:12:03', 0),
(1662, 6, 8, '2018-07-09 13:12:04', 0),
(1663, 6, 9, '2018-07-09 13:12:04', 0),
(1664, 6, 10, '2018-07-09 13:12:05', 0),
(1665, 7, 6, '2018-07-09 13:12:06', 0),
(1666, 7, 8, '2018-07-09 13:12:07', 0),
(1667, 7, 9, '2018-07-09 13:12:08', 0),
(1668, 7, 10, '2018-07-09 13:12:09', 0),
(1669, 8, 6, '2018-07-09 13:12:10', 0),
(1670, 8, 7, '2018-07-09 13:12:11', 0),
(1671, 8, 9, '2018-07-09 13:12:12', 0),
(1672, 8, 10, '2018-07-09 13:12:14', 0),
(1673, 9, 6, '2018-07-09 13:12:14', 0),
(1674, 9, 7, '2018-07-09 13:12:16', 0),
(1675, 9, 8, '2018-07-09 13:12:17', 0),
(1676, 9, 10, '2018-07-09 13:12:17', 0),
(1677, 10, 6, '2018-07-09 13:12:18', 0),
(1678, 10, 7, '2018-07-09 13:12:19', 0),
(1679, 10, 8, '2018-07-09 13:12:20', 0),
(1680, 10, 9, '2018-07-09 13:12:21', 0),
(1681, 6, 7, '2018-07-10 13:12:04', 0),
(1682, 6, 8, '2018-07-10 13:12:05', 0),
(1683, 6, 9, '2018-07-10 13:12:05', 0),
(1684, 6, 10, '2018-07-10 13:12:06', 0),
(1685, 7, 6, '2018-07-10 13:12:07', 0),
(1686, 7, 8, '2018-07-10 13:12:08', 0),
(1687, 7, 9, '2018-07-10 13:12:09', 0),
(1688, 7, 10, '2018-07-10 13:12:10', 0),
(1689, 8, 6, '2018-07-10 13:12:11', 0),
(1690, 8, 7, '2018-07-10 13:12:12', 0),
(1691, 8, 9, '2018-07-10 13:12:13', 0),
(1692, 8, 10, '2018-07-10 13:12:14', 0),
(1693, 9, 6, '2018-07-10 13:12:15', 0),
(1694, 9, 7, '2018-07-10 13:12:16', 0),
(1695, 9, 8, '2018-07-10 13:12:17', 0),
(1696, 9, 10, '2018-07-10 13:12:18', 0),
(1697, 10, 6, '2018-07-10 13:12:19', 0),
(1698, 10, 7, '2018-07-10 13:12:20', 0),
(1699, 10, 8, '2018-07-10 13:12:21', 0),
(1700, 10, 9, '2018-07-10 13:12:21', 0),
(1701, 6, 7, '2018-07-11 13:12:07', 0),
(1702, 6, 8, '2018-07-11 13:12:07', 0),
(1703, 6, 9, '2018-07-11 13:12:08', 0),
(1704, 6, 10, '2018-07-11 13:12:09', 0),
(1705, 7, 6, '2018-07-11 13:12:10', 0),
(1706, 7, 8, '2018-07-11 13:12:11', 0),
(1707, 7, 9, '2018-07-11 13:12:12', 0),
(1708, 7, 10, '2018-07-11 13:12:13', 0),
(1709, 8, 6, '2018-07-11 13:12:14', 0),
(1710, 8, 7, '2018-07-11 13:12:15', 0),
(1711, 8, 9, '2018-07-11 13:12:16', 0),
(1712, 8, 10, '2018-07-11 13:12:17', 0),
(1713, 9, 6, '2018-07-11 13:12:18', 0),
(1714, 9, 7, '2018-07-11 13:12:19', 0),
(1715, 9, 8, '2018-07-11 13:12:20', 0),
(1716, 9, 10, '2018-07-11 13:12:20', 0),
(1717, 10, 6, '2018-07-11 13:12:21', 0),
(1718, 10, 7, '2018-07-11 13:12:22', 0),
(1719, 10, 8, '2018-07-11 13:12:23', 0),
(1720, 10, 9, '2018-07-11 13:12:24', 0),
(1721, 6, 7, '2018-07-12 13:12:04', 0),
(1722, 6, 8, '2018-07-12 13:12:05', 0),
(1723, 6, 9, '2018-07-12 13:12:10', 0),
(1724, 6, 10, '2018-07-12 13:12:11', 0),
(1725, 7, 6, '2018-07-12 13:12:12', 0),
(1726, 7, 8, '2018-07-12 13:12:13', 0),
(1727, 7, 9, '2018-07-12 13:12:14', 0),
(1728, 7, 10, '2018-07-12 13:12:15', 0),
(1729, 8, 6, '2018-07-12 13:12:16', 0),
(1730, 8, 7, '2018-07-12 13:12:17', 0),
(1731, 8, 9, '2018-07-12 13:12:18', 0),
(1732, 8, 10, '2018-07-12 13:12:19', 0),
(1733, 9, 6, '2018-07-12 13:12:19', 0),
(1734, 9, 7, '2018-07-12 13:12:20', 0),
(1735, 9, 8, '2018-07-12 13:12:21', 0),
(1736, 9, 10, '2018-07-12 13:12:22', 0),
(1737, 10, 6, '2018-07-12 13:12:23', 0),
(1738, 10, 7, '2018-07-12 13:12:24', 0),
(1739, 10, 8, '2018-07-12 13:12:25', 0),
(1740, 10, 9, '2018-07-12 13:12:26', 0),
(1741, 6, 7, '2018-07-13 13:12:01', 0),
(1742, 6, 8, '2018-07-13 13:12:02', 0),
(1743, 6, 9, '2018-07-13 13:12:02', 0),
(1744, 6, 10, '2018-07-13 13:12:03', 0),
(1745, 7, 6, '2018-07-13 13:12:04', 0),
(1746, 7, 8, '2018-07-13 13:12:04', 0),
(1747, 7, 9, '2018-07-13 13:12:05', 0),
(1748, 7, 10, '2018-07-13 13:12:05', 0),
(1749, 8, 6, '2018-07-13 13:12:06', 0),
(1750, 8, 7, '2018-07-13 13:12:06', 0),
(1751, 8, 9, '2018-07-13 13:12:07', 0),
(1752, 8, 10, '2018-07-13 13:12:08', 0),
(1753, 9, 6, '2018-07-13 13:12:08', 0),
(1754, 9, 7, '2018-07-13 13:12:09', 0),
(1755, 9, 8, '2018-07-13 13:12:09', 0),
(1756, 9, 10, '2018-07-13 13:12:10', 0),
(1757, 10, 6, '2018-07-13 13:12:10', 0),
(1758, 10, 7, '2018-07-13 13:12:11', 0),
(1759, 10, 8, '2018-07-13 13:12:12', 0),
(1760, 10, 9, '2018-07-13 13:12:12', 0),
(1761, 6, 7, '2018-07-14 13:12:02', 0),
(1762, 6, 8, '2018-07-14 13:12:03', 0),
(1763, 6, 9, '2018-07-14 13:12:03', 0),
(1764, 6, 10, '2018-07-14 13:12:04', 0),
(1765, 7, 6, '2018-07-14 13:12:05', 0),
(1766, 7, 8, '2018-07-14 13:12:05', 0),
(1767, 7, 9, '2018-07-14 13:12:06', 0),
(1768, 7, 10, '2018-07-14 13:12:06', 0),
(1769, 8, 6, '2018-07-14 13:12:07', 0),
(1770, 8, 7, '2018-07-14 13:12:07', 0),
(1771, 8, 9, '2018-07-14 13:12:08', 0),
(1772, 8, 10, '2018-07-14 13:12:08', 0),
(1773, 9, 6, '2018-07-14 13:12:09', 0),
(1774, 9, 7, '2018-07-14 13:12:10', 0),
(1775, 9, 8, '2018-07-14 13:12:10', 0),
(1776, 9, 10, '2018-07-14 13:12:11', 0),
(1777, 10, 6, '2018-07-14 13:12:11', 0),
(1778, 10, 7, '2018-07-14 13:12:12', 0),
(1779, 10, 8, '2018-07-14 13:12:12', 0),
(1780, 10, 9, '2018-07-14 13:12:13', 0),
(1781, 6, 7, '2018-07-15 13:12:02', 0),
(1782, 6, 8, '2018-07-15 13:12:03', 0),
(1783, 6, 9, '2018-07-15 13:12:03', 0),
(1784, 6, 10, '2018-07-15 13:12:04', 0),
(1785, 7, 6, '2018-07-15 13:12:04', 0),
(1786, 7, 8, '2018-07-15 13:12:05', 0),
(1787, 7, 9, '2018-07-15 13:12:05', 0),
(1788, 7, 10, '2018-07-15 13:12:06', 0),
(1789, 8, 6, '2018-07-15 13:12:06', 0),
(1790, 8, 7, '2018-07-15 13:12:07', 0),
(1791, 8, 9, '2018-07-15 13:12:07', 0),
(1792, 8, 10, '2018-07-15 13:12:08', 0),
(1793, 9, 6, '2018-07-15 13:12:08', 0),
(1794, 9, 7, '2018-07-15 13:12:09', 0),
(1795, 9, 8, '2018-07-15 13:12:09', 0),
(1796, 9, 10, '2018-07-15 13:12:10', 0),
(1797, 10, 6, '2018-07-15 13:12:10', 0),
(1798, 10, 7, '2018-07-15 13:12:11', 0),
(1799, 10, 8, '2018-07-15 13:12:12', 0),
(1800, 10, 9, '2018-07-15 13:12:12', 0),
(1801, 6, 7, '2018-07-16 13:12:02', 0),
(1802, 6, 8, '2018-07-16 13:12:02', 0),
(1803, 6, 9, '2018-07-16 13:12:03', 0),
(1804, 6, 10, '2018-07-16 13:12:04', 0),
(1805, 7, 6, '2018-07-16 13:12:04', 0),
(1806, 7, 8, '2018-07-16 13:12:05', 0),
(1807, 7, 9, '2018-07-16 13:12:05', 0),
(1808, 7, 10, '2018-07-16 13:12:06', 0),
(1809, 8, 6, '2018-07-16 13:12:06', 0),
(1810, 8, 7, '2018-07-16 13:12:07', 0),
(1811, 8, 9, '2018-07-16 13:12:07', 0),
(1812, 8, 10, '2018-07-16 13:12:08', 0),
(1813, 9, 6, '2018-07-16 13:12:08', 0),
(1814, 9, 7, '2018-07-16 13:12:09', 0),
(1815, 9, 8, '2018-07-16 13:12:09', 0),
(1816, 9, 10, '2018-07-16 13:12:10', 0),
(1817, 10, 6, '2018-07-16 13:12:10', 0),
(1818, 10, 7, '2018-07-16 13:12:11', 0),
(1819, 10, 8, '2018-07-16 13:12:11', 0),
(1820, 10, 9, '2018-07-16 13:12:12', 0),
(1821, 6, 7, '2018-07-17 13:12:02', 0),
(1822, 6, 8, '2018-07-17 13:12:02', 0),
(1823, 6, 9, '2018-07-17 13:12:03', 0),
(1824, 6, 10, '2018-07-17 13:12:04', 0),
(1825, 7, 6, '2018-07-17 13:12:04', 0),
(1826, 7, 8, '2018-07-17 13:12:05', 0),
(1827, 7, 9, '2018-07-17 13:12:05', 0),
(1828, 7, 10, '2018-07-17 13:12:06', 0),
(1829, 8, 6, '2018-07-17 13:12:06', 0),
(1830, 8, 7, '2018-07-17 13:12:07', 0),
(1831, 8, 9, '2018-07-17 13:12:08', 0),
(1832, 8, 10, '2018-07-17 13:12:08', 0),
(1833, 9, 6, '2018-07-17 13:12:08', 0),
(1834, 9, 7, '2018-07-17 13:12:09', 0),
(1835, 9, 8, '2018-07-17 13:12:09', 0),
(1836, 9, 10, '2018-07-17 13:12:10', 0),
(1837, 10, 6, '2018-07-17 13:12:11', 0),
(1838, 10, 7, '2018-07-17 13:12:11', 0),
(1839, 10, 8, '2018-07-17 13:12:12', 0),
(1840, 10, 9, '2018-07-17 13:12:12', 0),
(1841, 6, 7, '2018-07-18 13:12:02', 0),
(1842, 6, 8, '2018-07-18 13:12:03', 0),
(1843, 6, 9, '2018-07-18 13:12:03', 0),
(1844, 6, 10, '2018-07-18 13:12:04', 0),
(1845, 7, 6, '2018-07-18 13:12:05', 0),
(1846, 7, 8, '2018-07-18 13:12:05', 0),
(1847, 7, 9, '2018-07-18 13:12:06', 0),
(1848, 7, 10, '2018-07-18 13:12:06', 0),
(1849, 8, 6, '2018-07-18 13:12:07', 0),
(1850, 8, 7, '2018-07-18 13:12:07', 0),
(1851, 8, 9, '2018-07-18 13:12:08', 0);
INSERT INTO `waluty_notowania` (`id`, `id_waluta_pierwsza`, `id_waluta_druga`, `czas`, `cena`) VALUES
(1852, 8, 10, '2018-07-18 13:12:08', 0),
(1853, 9, 6, '2018-07-18 13:12:09', 0),
(1854, 9, 7, '2018-07-18 13:12:10', 0),
(1855, 9, 8, '2018-07-18 13:12:10', 0),
(1856, 9, 10, '2018-07-18 13:12:11', 0),
(1857, 10, 6, '2018-07-18 13:12:11', 0),
(1858, 10, 7, '2018-07-18 13:12:12', 0),
(1859, 10, 8, '2018-07-18 13:12:12', 0),
(1860, 10, 9, '2018-07-18 13:12:13', 0),
(1861, 6, 7, '2018-07-19 13:12:02', 0),
(1862, 6, 8, '2018-07-19 13:12:02', 0),
(1863, 6, 9, '2018-07-19 13:12:03', 0),
(1864, 6, 10, '2018-07-19 13:12:04', 0),
(1865, 7, 6, '2018-07-19 13:12:04', 0),
(1866, 7, 8, '2018-07-19 13:12:05', 0),
(1867, 7, 9, '2018-07-19 13:12:05', 0),
(1868, 7, 10, '2018-07-19 13:12:06', 0),
(1869, 8, 6, '2018-07-19 13:12:07', 0),
(1870, 8, 7, '2018-07-19 13:12:07', 0),
(1871, 8, 9, '2018-07-19 13:12:08', 0),
(1872, 8, 10, '2018-07-19 13:12:08', 0),
(1873, 9, 6, '2018-07-19 13:12:09', 0),
(1874, 9, 7, '2018-07-19 13:12:10', 0),
(1875, 9, 8, '2018-07-19 13:12:10', 0),
(1876, 9, 10, '2018-07-19 13:12:11', 0),
(1877, 10, 6, '2018-07-19 13:12:11', 0),
(1878, 10, 7, '2018-07-19 13:12:12', 0),
(1879, 10, 8, '2018-07-19 13:12:12', 0),
(1880, 10, 9, '2018-07-19 13:12:13', 0),
(1881, 6, 7, '2018-07-20 13:12:01', 0),
(1882, 6, 8, '2018-07-20 13:12:02', 0),
(1883, 6, 9, '2018-07-20 13:12:02', 0),
(1884, 6, 10, '2018-07-20 13:12:03', 0),
(1885, 7, 6, '2018-07-20 13:12:04', 0),
(1886, 7, 8, '2018-07-20 13:12:04', 0),
(1887, 7, 9, '2018-07-20 13:12:05', 0),
(1888, 7, 10, '2018-07-20 13:12:05', 0),
(1889, 8, 6, '2018-07-20 13:12:06', 0),
(1890, 8, 7, '2018-07-20 13:12:06', 0),
(1891, 8, 9, '2018-07-20 13:12:07', 0),
(1892, 8, 10, '2018-07-20 13:12:07', 0),
(1893, 9, 6, '2018-07-20 13:12:08', 0),
(1894, 9, 7, '2018-07-20 13:12:09', 0),
(1895, 9, 8, '2018-07-20 13:12:09', 0),
(1896, 9, 10, '2018-07-20 13:12:10', 0),
(1897, 10, 6, '2018-07-20 13:12:10', 0),
(1898, 10, 7, '2018-07-20 13:12:11', 0),
(1899, 10, 8, '2018-07-20 13:12:12', 0),
(1900, 10, 9, '2018-07-20 13:12:12', 0),
(1901, 6, 7, '2018-07-21 13:12:02', 0),
(1902, 6, 8, '2018-07-21 13:12:03', 0),
(1903, 6, 9, '2018-07-21 13:12:03', 0),
(1904, 6, 10, '2018-07-21 13:12:04', 0),
(1905, 7, 6, '2018-07-21 13:12:04', 0),
(1906, 7, 8, '2018-07-21 13:12:05', 0),
(1907, 7, 9, '2018-07-21 13:12:05', 0),
(1908, 7, 10, '2018-07-21 13:12:06', 0),
(1909, 8, 6, '2018-07-21 13:12:07', 0),
(1910, 8, 7, '2018-07-21 13:12:07', 0),
(1911, 8, 9, '2018-07-21 13:12:08', 0),
(1912, 8, 10, '2018-07-21 13:12:08', 0),
(1913, 9, 6, '2018-07-21 13:12:09', 0),
(1914, 9, 7, '2018-07-21 13:12:10', 0),
(1915, 9, 8, '2018-07-21 13:12:10', 0),
(1916, 9, 10, '2018-07-21 13:12:11', 0),
(1917, 10, 6, '2018-07-21 13:12:11', 0),
(1918, 10, 7, '2018-07-21 13:12:12', 0),
(1919, 10, 8, '2018-07-21 13:12:13', 0),
(1920, 10, 9, '2018-07-21 13:12:13', 0),
(1921, 6, 7, '2018-07-22 13:12:02', 0),
(1922, 6, 8, '2018-07-22 13:12:03', 0),
(1923, 6, 9, '2018-07-22 13:12:03', 0),
(1924, 6, 10, '2018-07-22 13:12:04', 0),
(1925, 7, 6, '2018-07-22 13:12:04', 0),
(1926, 7, 8, '2018-07-22 13:12:05', 0),
(1927, 7, 9, '2018-07-22 13:12:05', 0),
(1928, 7, 10, '2018-07-22 13:12:06', 0),
(1929, 8, 6, '2018-07-22 13:12:06', 0),
(1930, 8, 7, '2018-07-22 13:12:07', 0),
(1931, 8, 9, '2018-07-22 13:12:07', 0),
(1932, 8, 10, '2018-07-22 13:12:08', 0),
(1933, 9, 6, '2018-07-22 13:12:09', 0),
(1934, 9, 7, '2018-07-22 13:12:09', 0),
(1935, 9, 8, '2018-07-22 13:12:10', 0),
(1936, 9, 10, '2018-07-22 13:12:10', 0),
(1937, 10, 6, '2018-07-22 13:12:11', 0),
(1938, 10, 7, '2018-07-22 13:12:11', 0),
(1939, 10, 8, '2018-07-22 13:12:12', 0),
(1940, 10, 9, '2018-07-22 13:12:12', 0),
(1941, 6, 7, '2018-07-23 13:12:02', 0),
(1942, 6, 8, '2018-07-23 13:12:03', 0),
(1943, 6, 9, '2018-07-23 13:12:03', 0),
(1944, 6, 10, '2018-07-23 13:12:04', 0),
(1945, 7, 6, '2018-07-23 13:12:05', 0),
(1946, 7, 8, '2018-07-23 13:12:05', 0),
(1947, 7, 9, '2018-07-23 13:12:06', 0),
(1948, 7, 10, '2018-07-23 13:12:06', 0),
(1949, 8, 6, '2018-07-23 13:12:07', 0),
(1950, 8, 7, '2018-07-23 13:12:07', 0),
(1951, 8, 9, '2018-07-23 13:12:08', 0),
(1952, 8, 10, '2018-07-23 13:12:08', 0),
(1953, 9, 6, '2018-07-23 13:12:09', 0),
(1954, 9, 7, '2018-07-23 13:12:10', 0),
(1955, 9, 8, '2018-07-23 13:12:10', 0),
(1956, 9, 10, '2018-07-23 13:12:11', 0),
(1957, 10, 6, '2018-07-23 13:12:11', 0),
(1958, 10, 7, '2018-07-23 13:12:12', 0),
(1959, 10, 8, '2018-07-23 13:12:13', 0),
(1960, 10, 9, '2018-07-23 13:12:13', 0),
(1961, 6, 7, '2018-07-24 13:12:02', 0),
(1962, 6, 8, '2018-07-24 13:12:02', 0),
(1963, 6, 9, '2018-07-24 13:12:03', 0),
(1964, 6, 10, '2018-07-24 13:12:03', 0),
(1965, 7, 6, '2018-07-24 13:12:04', 0),
(1966, 7, 8, '2018-07-24 13:12:05', 0),
(1967, 7, 9, '2018-07-24 13:12:07', 0),
(1968, 7, 10, '2018-07-24 13:12:08', 0),
(1969, 8, 6, '2018-07-24 13:12:09', 0),
(1970, 8, 7, '2018-07-24 13:12:09', 0),
(1971, 8, 9, '2018-07-24 13:12:10', 0),
(1972, 8, 10, '2018-07-24 13:12:11', 0),
(1973, 9, 6, '2018-07-24 13:12:11', 0),
(1974, 9, 7, '2018-07-24 13:12:12', 0),
(1975, 9, 8, '2018-07-24 13:12:13', 0),
(1976, 9, 10, '2018-07-24 13:12:13', 0),
(1977, 10, 6, '2018-07-24 13:12:14', 0),
(1978, 10, 7, '2018-07-24 13:12:14', 0),
(1979, 10, 8, '2018-07-24 13:12:15', 0),
(1980, 10, 9, '2018-07-24 13:12:15', 0),
(1981, 6, 7, '2018-07-25 13:12:02', 0),
(1982, 6, 8, '2018-07-25 13:12:03', 0),
(1983, 6, 9, '2018-07-25 13:12:03', 0),
(1984, 6, 10, '2018-07-25 13:12:04', 0),
(1985, 7, 6, '2018-07-25 13:12:04', 0),
(1986, 7, 8, '2018-07-25 13:12:05', 0),
(1987, 7, 9, '2018-07-25 13:12:06', 0),
(1988, 7, 10, '2018-07-25 13:12:06', 0),
(1989, 8, 6, '2018-07-25 13:12:07', 0),
(1990, 8, 7, '2018-07-25 13:12:07', 0),
(1991, 8, 9, '2018-07-25 13:12:08', 0),
(1992, 8, 10, '2018-07-25 13:12:08', 0),
(1993, 9, 6, '2018-07-25 13:12:09', 0),
(1994, 9, 7, '2018-07-25 13:12:10', 0),
(1995, 9, 8, '2018-07-25 13:12:10', 0),
(1996, 9, 10, '2018-07-25 13:12:11', 0),
(1997, 10, 6, '2018-07-25 13:12:11', 0),
(1998, 10, 7, '2018-07-25 13:12:12', 0),
(1999, 10, 8, '2018-07-25 13:12:13', 0),
(2000, 10, 9, '2018-07-25 13:12:13', 0),
(2001, 6, 7, '2018-07-26 13:12:01', 0),
(2002, 6, 8, '2018-07-26 13:12:02', 0),
(2003, 6, 9, '2018-07-26 13:12:02', 0),
(2004, 6, 10, '2018-07-26 13:12:03', 0),
(2005, 7, 6, '2018-07-26 13:12:04', 0),
(2006, 7, 8, '2018-07-26 13:12:04', 0),
(2007, 7, 9, '2018-07-26 13:12:05', 0),
(2008, 7, 10, '2018-07-26 13:12:05', 0),
(2009, 8, 6, '2018-07-26 13:12:06', 0),
(2010, 8, 7, '2018-07-26 13:12:06', 0),
(2011, 8, 9, '2018-07-26 13:12:07', 0),
(2012, 8, 10, '2018-07-26 13:12:07', 0),
(2013, 9, 6, '2018-07-26 13:12:08', 0),
(2014, 9, 7, '2018-07-26 13:12:08', 0),
(2015, 9, 8, '2018-07-26 13:12:09', 0),
(2016, 9, 10, '2018-07-26 13:12:09', 0),
(2017, 10, 6, '2018-07-26 13:12:10', 0),
(2018, 10, 7, '2018-07-26 13:12:10', 0),
(2019, 10, 8, '2018-07-26 13:12:11', 0),
(2020, 10, 9, '2018-07-26 13:12:12', 0),
(2021, 6, 7, '2018-07-27 13:12:01', 0),
(2022, 6, 8, '2018-07-27 13:12:02', 0),
(2023, 6, 9, '2018-07-27 13:12:03', 0),
(2024, 6, 10, '2018-07-27 13:12:03', 0),
(2025, 7, 6, '2018-07-27 13:12:04', 0),
(2026, 7, 8, '2018-07-27 13:12:04', 0),
(2027, 7, 9, '2018-07-27 13:12:05', 0),
(2028, 7, 10, '2018-07-27 13:12:05', 0),
(2029, 8, 6, '2018-07-27 13:12:06', 0),
(2030, 8, 7, '2018-07-27 13:12:06', 0),
(2031, 8, 9, '2018-07-27 13:12:07', 0),
(2032, 8, 10, '2018-07-27 13:12:07', 0),
(2033, 9, 6, '2018-07-27 13:12:08', 0),
(2034, 9, 7, '2018-07-27 13:12:08', 0),
(2035, 9, 8, '2018-07-27 13:12:09', 0),
(2036, 9, 10, '2018-07-27 13:12:09', 0),
(2037, 10, 6, '2018-07-27 13:12:10', 0),
(2038, 10, 7, '2018-07-27 13:12:10', 0),
(2039, 10, 8, '2018-07-27 13:12:11', 0),
(2040, 10, 9, '2018-07-27 13:12:11', 0),
(2041, 6, 7, '2018-07-28 13:12:02', 0),
(2042, 6, 8, '2018-07-28 13:12:02', 0),
(2043, 6, 9, '2018-07-28 13:12:03', 0),
(2044, 6, 10, '2018-07-28 13:12:03', 0),
(2045, 7, 6, '2018-07-28 13:12:04', 0),
(2046, 7, 8, '2018-07-28 13:12:04', 0),
(2047, 7, 9, '2018-07-28 13:12:05', 0),
(2048, 7, 10, '2018-07-28 13:12:05', 0),
(2049, 8, 6, '2018-07-28 13:12:06', 0),
(2050, 8, 7, '2018-07-28 13:12:06', 0),
(2051, 8, 9, '2018-07-28 13:12:07', 0),
(2052, 8, 10, '2018-07-28 13:12:08', 0),
(2053, 9, 6, '2018-07-28 13:12:08', 0),
(2054, 9, 7, '2018-07-28 13:12:09', 0),
(2055, 9, 8, '2018-07-28 13:12:09', 0),
(2056, 9, 10, '2018-07-28 13:12:10', 0),
(2057, 10, 6, '2018-07-28 13:12:10', 0),
(2058, 10, 7, '2018-07-28 13:12:11', 0),
(2059, 10, 8, '2018-07-28 13:12:11', 0),
(2060, 10, 9, '2018-07-28 13:12:12', 0),
(2061, 6, 7, '2018-07-29 13:12:02', 0),
(2062, 6, 8, '2018-07-29 13:12:02', 0),
(2063, 6, 9, '2018-07-29 13:12:03', 0),
(2064, 6, 10, '2018-07-29 13:12:04', 0),
(2065, 7, 6, '2018-07-29 13:12:04', 0),
(2066, 7, 8, '2018-07-29 13:12:05', 0),
(2067, 7, 9, '2018-07-29 13:12:05', 0),
(2068, 7, 10, '2018-07-29 13:12:06', 0),
(2069, 8, 6, '2018-07-29 13:12:06', 0),
(2070, 8, 7, '2018-07-29 13:12:07', 0),
(2071, 8, 9, '2018-07-29 13:12:07', 0),
(2072, 8, 10, '2018-07-29 13:12:08', 0),
(2073, 9, 6, '2018-07-29 13:12:09', 0),
(2074, 9, 7, '2018-07-29 13:12:09', 0),
(2075, 9, 8, '2018-07-29 13:12:10', 0),
(2076, 9, 10, '2018-07-29 13:12:10', 0),
(2077, 10, 6, '2018-07-29 13:12:11', 0),
(2078, 10, 7, '2018-07-29 13:12:11', 0),
(2079, 10, 8, '2018-07-29 13:12:12', 0),
(2080, 10, 9, '2018-07-29 13:12:12', 0),
(2081, 6, 7, '2018-07-30 13:12:02', 0),
(2082, 6, 8, '2018-07-30 13:12:02', 0),
(2083, 6, 9, '2018-07-30 13:12:03', 0),
(2084, 6, 10, '2018-07-30 13:12:03', 0),
(2085, 7, 6, '2018-07-30 13:12:04', 0),
(2086, 7, 8, '2018-07-30 13:12:04', 0),
(2087, 7, 9, '2018-07-30 13:12:05', 0),
(2088, 7, 10, '2018-07-30 13:12:05', 0),
(2089, 8, 6, '2018-07-30 13:12:06', 0),
(2090, 8, 7, '2018-07-30 13:12:07', 0),
(2091, 8, 9, '2018-07-30 13:12:07', 0),
(2092, 8, 10, '2018-07-30 13:12:08', 0),
(2093, 9, 6, '2018-07-30 13:12:08', 0),
(2094, 9, 7, '2018-07-30 13:12:09', 0),
(2095, 9, 8, '2018-07-30 13:12:09', 0),
(2096, 9, 10, '2018-07-30 13:12:10', 0),
(2097, 10, 6, '2018-07-30 13:12:11', 0),
(2098, 10, 7, '2018-07-30 13:12:11', 0),
(2099, 10, 8, '2018-07-30 13:12:12', 0),
(2100, 10, 9, '2018-07-30 13:12:12', 0),
(2101, 6, 7, '2018-07-31 13:12:02', 0),
(2102, 6, 8, '2018-07-31 13:12:02', 0),
(2103, 6, 9, '2018-07-31 13:12:03', 0),
(2104, 6, 10, '2018-07-31 13:12:03', 0),
(2105, 7, 6, '2018-07-31 13:12:04', 0),
(2106, 7, 8, '2018-07-31 13:12:04', 0),
(2107, 7, 9, '2018-07-31 13:12:05', 0),
(2108, 7, 10, '2018-07-31 13:12:06', 0),
(2109, 8, 6, '2018-07-31 13:12:06', 0),
(2110, 8, 7, '2018-07-31 13:12:07', 0),
(2111, 8, 9, '2018-07-31 13:12:07', 0),
(2112, 8, 10, '2018-07-31 13:12:08', 0),
(2113, 9, 6, '2018-07-31 13:12:08', 0),
(2114, 9, 7, '2018-07-31 13:12:09', 0),
(2115, 9, 8, '2018-07-31 13:12:09', 0),
(2116, 9, 10, '2018-07-31 13:12:10', 0),
(2117, 10, 6, '2018-07-31 13:12:11', 0),
(2118, 10, 7, '2018-07-31 13:12:11', 0),
(2119, 10, 8, '2018-07-31 13:12:12', 0),
(2120, 10, 9, '2018-07-31 13:12:12', 0),
(2121, 6, 7, '2018-08-01 13:12:03', 0),
(2122, 6, 8, '2018-08-01 13:12:04', 0),
(2123, 6, 9, '2018-08-01 13:12:04', 0),
(2124, 6, 10, '2018-08-01 13:12:05', 0),
(2125, 7, 6, '2018-08-01 13:12:05', 0),
(2126, 7, 8, '2018-08-01 13:12:06', 0),
(2127, 7, 9, '2018-08-01 13:12:07', 0),
(2128, 7, 10, '2018-08-01 13:12:07', 0),
(2129, 8, 6, '2018-08-01 13:12:08', 0),
(2130, 8, 7, '2018-08-01 13:12:08', 0),
(2131, 8, 9, '2018-08-01 13:12:09', 0),
(2132, 8, 10, '2018-08-01 13:12:09', 0),
(2133, 9, 6, '2018-08-01 13:12:10', 0),
(2134, 9, 7, '2018-08-01 13:12:11', 0),
(2135, 9, 8, '2018-08-01 13:12:11', 0),
(2136, 9, 10, '2018-08-01 13:12:12', 0),
(2137, 10, 6, '2018-08-01 13:12:12', 0),
(2138, 10, 7, '2018-08-01 13:12:13', 0),
(2139, 10, 8, '2018-08-01 13:12:13', 0),
(2140, 10, 9, '2018-08-01 13:12:14', 0),
(2141, 6, 7, '2018-08-02 13:12:02', 0),
(2142, 6, 8, '2018-08-02 13:12:03', 0),
(2143, 6, 9, '2018-08-02 13:12:03', 0),
(2144, 6, 10, '2018-08-02 13:12:04', 0),
(2145, 7, 6, '2018-08-02 13:12:04', 0),
(2146, 7, 8, '2018-08-02 13:12:05', 0),
(2147, 7, 9, '2018-08-02 13:12:06', 0),
(2148, 7, 10, '2018-08-02 13:12:06', 0),
(2149, 8, 6, '2018-08-02 13:12:07', 0),
(2150, 8, 7, '2018-08-02 13:12:07', 0),
(2151, 8, 9, '2018-08-02 13:12:08', 0),
(2152, 8, 10, '2018-08-02 13:12:08', 0),
(2153, 9, 6, '2018-08-02 13:12:09', 0),
(2154, 9, 7, '2018-08-02 13:12:09', 0),
(2155, 9, 8, '2018-08-02 13:12:10', 0),
(2156, 9, 10, '2018-08-02 13:12:11', 0),
(2157, 10, 6, '2018-08-02 13:12:11', 0),
(2158, 10, 7, '2018-08-02 13:12:12', 0),
(2159, 10, 8, '2018-08-02 13:12:12', 0),
(2160, 10, 9, '2018-08-02 13:12:13', 0),
(2161, 6, 7, '2018-08-03 13:12:01', 0),
(2162, 6, 8, '2018-08-03 13:12:02', 0),
(2163, 6, 9, '2018-08-03 13:12:03', 0),
(2164, 6, 10, '2018-08-03 13:12:03', 0),
(2165, 7, 6, '2018-08-03 13:12:04', 0),
(2166, 7, 8, '2018-08-03 13:12:04', 0),
(2167, 7, 9, '2018-08-03 13:12:05', 0),
(2168, 7, 10, '2018-08-03 13:12:05', 0),
(2169, 8, 6, '2018-08-03 13:12:06', 0),
(2170, 8, 7, '2018-08-03 13:12:07', 0),
(2171, 8, 9, '2018-08-03 13:12:07', 0),
(2172, 8, 10, '2018-08-03 13:12:08', 0),
(2173, 9, 6, '2018-08-03 13:12:08', 0),
(2174, 9, 7, '2018-08-03 13:12:09', 0),
(2175, 9, 8, '2018-08-03 13:12:09', 0),
(2176, 9, 10, '2018-08-03 13:12:10', 0),
(2177, 10, 6, '2018-08-03 13:12:11', 0),
(2178, 10, 7, '2018-08-03 13:12:11', 0),
(2179, 10, 8, '2018-08-03 13:12:12', 0),
(2180, 10, 9, '2018-08-03 13:12:12', 0),
(2181, 6, 7, '2018-08-04 13:12:01', 0),
(2182, 6, 8, '2018-08-04 13:12:02', 0),
(2183, 6, 9, '2018-08-04 13:12:03', 0),
(2184, 6, 10, '2018-08-04 13:12:03', 0),
(2185, 7, 6, '2018-08-04 13:12:04', 0),
(2186, 7, 8, '2018-08-04 13:12:04', 0),
(2187, 7, 9, '2018-08-04 13:12:05', 0),
(2188, 7, 10, '2018-08-04 13:12:06', 0),
(2189, 8, 6, '2018-08-04 13:12:06', 0),
(2190, 8, 7, '2018-08-04 13:12:07', 0),
(2191, 8, 9, '2018-08-04 13:12:07', 0),
(2192, 8, 10, '2018-08-04 13:12:08', 0),
(2193, 9, 6, '2018-08-04 13:12:09', 0),
(2194, 9, 7, '2018-08-04 13:12:09', 0),
(2195, 9, 8, '2018-08-04 13:12:10', 0),
(2196, 9, 10, '2018-08-04 13:12:10', 0),
(2197, 10, 6, '2018-08-04 13:12:11', 0),
(2198, 10, 7, '2018-08-04 13:12:11', 0),
(2199, 10, 8, '2018-08-04 13:12:12', 0),
(2200, 10, 9, '2018-08-04 13:12:12', 0),
(2201, 6, 7, '2018-08-05 13:12:01', 0),
(2202, 6, 8, '2018-08-05 13:12:02', 0),
(2203, 6, 9, '2018-08-05 13:12:02', 0),
(2204, 6, 10, '2018-08-05 13:12:03', 0),
(2205, 7, 6, '2018-08-05 13:12:04', 0),
(2206, 7, 8, '2018-08-05 13:12:04', 0),
(2207, 7, 9, '2018-08-05 13:12:05', 0),
(2208, 7, 10, '2018-08-05 13:12:05', 0),
(2209, 8, 6, '2018-08-05 13:12:06', 0),
(2210, 8, 7, '2018-08-05 13:12:06', 0),
(2211, 8, 9, '2018-08-05 13:12:07', 0),
(2212, 8, 10, '2018-08-05 13:12:08', 0),
(2213, 9, 6, '2018-08-05 13:12:08', 0),
(2214, 9, 7, '2018-08-05 13:12:09', 0),
(2215, 9, 8, '2018-08-05 13:12:09', 0),
(2216, 9, 10, '2018-08-05 13:12:10', 0),
(2217, 10, 6, '2018-08-05 13:12:10', 0),
(2218, 10, 7, '2018-08-05 13:12:11', 0),
(2219, 10, 8, '2018-08-05 13:12:11', 0),
(2220, 10, 9, '2018-08-05 13:12:12', 0),
(2221, 6, 7, '2018-08-06 13:12:01', 0),
(2222, 6, 8, '2018-08-06 13:12:02', 0),
(2223, 6, 9, '2018-08-06 13:12:03', 0),
(2224, 6, 10, '2018-08-06 13:12:03', 0),
(2225, 7, 6, '2018-08-06 13:12:04', 0),
(2226, 7, 8, '2018-08-06 13:12:04', 0),
(2227, 7, 9, '2018-08-06 13:12:05', 0),
(2228, 7, 10, '2018-08-06 13:12:05', 0),
(2229, 8, 6, '2018-08-06 13:12:06', 0),
(2230, 8, 7, '2018-08-06 13:12:07', 0),
(2231, 8, 9, '2018-08-06 13:12:07', 0),
(2232, 8, 10, '2018-08-06 13:12:08', 0),
(2233, 9, 6, '2018-08-06 13:12:09', 0),
(2234, 9, 7, '2018-08-06 13:12:09', 0),
(2235, 9, 8, '2018-08-06 13:12:10', 0),
(2236, 9, 10, '2018-08-06 13:12:10', 0),
(2237, 10, 6, '2018-08-06 13:12:11', 0),
(2238, 10, 7, '2018-08-06 13:12:12', 0),
(2239, 10, 8, '2018-08-06 13:12:12', 0),
(2240, 10, 9, '2018-08-06 13:12:13', 0),
(2241, 6, 7, '2018-08-07 13:12:02', 0),
(2242, 6, 8, '2018-08-07 13:12:02', 0),
(2243, 6, 9, '2018-08-07 13:12:03', 0),
(2244, 6, 10, '2018-08-07 13:12:03', 0),
(2245, 7, 6, '2018-08-07 13:12:04', 0),
(2246, 7, 8, '2018-08-07 13:12:04', 0),
(2247, 7, 9, '2018-08-07 13:12:05', 0),
(2248, 7, 10, '2018-08-07 13:12:05', 0),
(2249, 8, 6, '2018-08-07 13:12:06', 0),
(2250, 8, 7, '2018-08-07 13:12:07', 0),
(2251, 8, 9, '2018-08-07 13:12:07', 0),
(2252, 8, 10, '2018-08-07 13:12:08', 0),
(2253, 9, 6, '2018-08-07 13:12:08', 0),
(2254, 9, 7, '2018-08-07 13:12:09', 0),
(2255, 9, 8, '2018-08-07 13:12:09', 0),
(2256, 9, 10, '2018-08-07 13:12:10', 0),
(2257, 10, 6, '2018-08-07 13:12:10', 0),
(2258, 10, 7, '2018-08-07 13:12:11', 0),
(2259, 10, 8, '2018-08-07 13:12:12', 0),
(2260, 10, 9, '2018-08-07 13:12:12', 0),
(2261, 6, 7, '2018-08-08 13:12:02', 0),
(2262, 6, 8, '2018-08-08 13:12:03', 0),
(2263, 6, 9, '2018-08-08 13:12:03', 0),
(2264, 6, 10, '2018-08-08 13:12:04', 0),
(2265, 7, 6, '2018-08-08 13:12:04', 0),
(2266, 7, 8, '2018-08-08 13:12:05', 0),
(2267, 7, 9, '2018-08-08 13:12:05', 0),
(2268, 7, 10, '2018-08-08 13:12:06', 0),
(2269, 8, 6, '2018-08-08 13:12:07', 0),
(2270, 8, 7, '2018-08-08 13:12:07', 0),
(2271, 8, 9, '2018-08-08 13:12:08', 0),
(2272, 8, 10, '2018-08-08 13:12:08', 0),
(2273, 9, 6, '2018-08-08 13:12:09', 0),
(2274, 9, 7, '2018-08-08 13:12:10', 0),
(2275, 9, 8, '2018-08-08 13:12:10', 0),
(2276, 9, 10, '2018-08-08 13:12:11', 0),
(2277, 10, 6, '2018-08-08 13:12:11', 0),
(2278, 10, 7, '2018-08-08 13:12:12', 0),
(2279, 10, 8, '2018-08-08 13:12:12', 0),
(2280, 10, 9, '2018-08-08 13:12:13', 0),
(2281, 6, 7, '2018-08-09 13:12:02', 0),
(2282, 6, 8, '2018-08-09 13:12:02', 0),
(2283, 6, 9, '2018-08-09 13:12:03', 0),
(2284, 6, 10, '2018-08-09 13:12:03', 0),
(2285, 7, 6, '2018-08-09 13:12:04', 0),
(2286, 7, 8, '2018-08-09 13:12:04', 0),
(2287, 7, 9, '2018-08-09 13:12:05', 0),
(2288, 7, 10, '2018-08-09 13:12:05', 0),
(2289, 8, 6, '2018-08-09 13:12:06', 0),
(2290, 8, 7, '2018-08-09 13:12:07', 0),
(2291, 8, 9, '2018-08-09 13:12:07', 0),
(2292, 8, 10, '2018-08-09 13:12:08', 0),
(2293, 9, 6, '2018-08-09 13:12:08', 0),
(2294, 9, 7, '2018-08-09 13:12:09', 0),
(2295, 9, 8, '2018-08-09 13:12:09', 0),
(2296, 9, 10, '2018-08-09 13:12:10', 0),
(2297, 10, 6, '2018-08-09 13:12:11', 0),
(2298, 10, 7, '2018-08-09 13:12:11', 0),
(2299, 10, 8, '2018-08-09 13:12:12', 0),
(2300, 10, 9, '2018-08-09 13:12:12', 0),
(2301, 6, 7, '2018-08-10 13:12:02', 0),
(2302, 6, 8, '2018-08-10 13:12:02', 0),
(2303, 6, 9, '2018-08-10 13:12:03', 0),
(2304, 6, 10, '2018-08-10 13:12:03', 0),
(2305, 7, 6, '2018-08-10 13:12:04', 0),
(2306, 7, 8, '2018-08-10 13:12:04', 0),
(2307, 7, 9, '2018-08-10 13:12:05', 0),
(2308, 7, 10, '2018-08-10 13:12:06', 0),
(2309, 8, 6, '2018-08-10 13:12:06', 0),
(2310, 8, 7, '2018-08-10 13:12:07', 0),
(2311, 8, 9, '2018-08-10 13:12:07', 0),
(2312, 8, 10, '2018-08-10 13:12:08', 0),
(2313, 9, 6, '2018-08-10 13:12:08', 0),
(2314, 9, 7, '2018-08-10 13:12:09', 0),
(2315, 9, 8, '2018-08-10 13:12:09', 0),
(2316, 9, 10, '2018-08-10 13:12:10', 0),
(2317, 10, 6, '2018-08-10 13:12:11', 0),
(2318, 10, 7, '2018-08-10 13:12:11', 0),
(2319, 10, 8, '2018-08-10 13:12:12', 0),
(2320, 10, 9, '2018-08-10 13:12:12', 0),
(2321, 6, 7, '2018-08-11 13:12:02', 0),
(2322, 6, 8, '2018-08-11 13:12:03', 0),
(2323, 6, 9, '2018-08-11 13:12:03', 0),
(2324, 6, 10, '2018-08-11 13:12:04', 0),
(2325, 7, 6, '2018-08-11 13:12:04', 0),
(2326, 7, 8, '2018-08-11 13:12:05', 0),
(2327, 7, 9, '2018-08-11 13:12:05', 0),
(2328, 7, 10, '2018-08-11 13:12:06', 0),
(2329, 8, 6, '2018-08-11 13:12:07', 0),
(2330, 8, 7, '2018-08-11 13:12:07', 0),
(2331, 8, 9, '2018-08-11 13:12:08', 0),
(2332, 8, 10, '2018-08-11 13:12:08', 0),
(2333, 9, 6, '2018-08-11 13:12:09', 0),
(2334, 9, 7, '2018-08-11 13:12:10', 0),
(2335, 9, 8, '2018-08-11 13:12:10', 0),
(2336, 9, 10, '2018-08-11 13:12:11', 0),
(2337, 10, 6, '2018-08-11 13:12:11', 0),
(2338, 10, 7, '2018-08-11 13:12:12', 0),
(2339, 10, 8, '2018-08-11 13:12:12', 0),
(2340, 10, 9, '2018-08-11 13:12:13', 0),
(2341, 6, 7, '2018-08-12 13:12:02', 0),
(2342, 6, 8, '2018-08-12 13:12:03', 0),
(2343, 6, 9, '2018-08-12 13:12:03', 0),
(2344, 6, 10, '2018-08-12 13:12:04', 0),
(2345, 7, 6, '2018-08-12 13:12:04', 0),
(2346, 7, 8, '2018-08-12 13:12:05', 0),
(2347, 7, 9, '2018-08-12 13:12:05', 0),
(2348, 7, 10, '2018-08-12 13:12:06', 0),
(2349, 8, 6, '2018-08-12 13:12:06', 0),
(2350, 8, 7, '2018-08-12 13:12:07', 0),
(2351, 8, 9, '2018-08-12 13:12:08', 0),
(2352, 8, 10, '2018-08-12 13:12:08', 0),
(2353, 9, 6, '2018-08-12 13:12:09', 0),
(2354, 9, 7, '2018-08-12 13:12:09', 0),
(2355, 9, 8, '2018-08-12 13:12:10', 0),
(2356, 9, 10, '2018-08-12 13:12:10', 0),
(2357, 10, 6, '2018-08-12 13:12:11', 0),
(2358, 10, 7, '2018-08-12 13:12:11', 0),
(2359, 10, 8, '2018-08-12 13:12:12', 0),
(2360, 10, 9, '2018-08-12 13:12:13', 0),
(2361, 6, 7, '2018-08-13 13:12:02', 0),
(2362, 6, 8, '2018-08-13 13:12:02', 0),
(2363, 6, 9, '2018-08-13 13:12:03', 0),
(2364, 6, 10, '2018-08-13 13:12:03', 0),
(2365, 7, 6, '2018-08-13 13:12:04', 0),
(2366, 7, 8, '2018-08-13 13:12:04', 0),
(2367, 7, 9, '2018-08-13 13:12:05', 0),
(2368, 7, 10, '2018-08-13 13:12:06', 0),
(2369, 8, 6, '2018-08-13 13:12:06', 0),
(2370, 8, 7, '2018-08-13 13:12:07', 0),
(2371, 8, 9, '2018-08-13 13:12:07', 0),
(2372, 8, 10, '2018-08-13 13:12:08', 0),
(2373, 9, 6, '2018-08-13 13:12:08', 0),
(2374, 9, 7, '2018-08-13 13:12:09', 0),
(2375, 9, 8, '2018-08-13 13:12:09', 0),
(2376, 9, 10, '2018-08-13 13:12:10', 0),
(2377, 10, 6, '2018-08-13 13:12:10', 0),
(2378, 10, 7, '2018-08-13 13:12:11', 0),
(2379, 10, 8, '2018-08-13 13:12:11', 0),
(2380, 10, 9, '2018-08-13 13:12:12', 0),
(2381, 6, 7, '2018-08-14 13:12:02', 0),
(2382, 6, 8, '2018-08-14 13:12:03', 0),
(2383, 6, 9, '2018-08-14 13:12:03', 0),
(2384, 6, 10, '2018-08-14 13:12:04', 0),
(2385, 7, 6, '2018-08-14 13:12:04', 0),
(2386, 7, 8, '2018-08-14 13:12:05', 0),
(2387, 7, 9, '2018-08-14 13:12:05', 0),
(2388, 7, 10, '2018-08-14 13:12:06', 0),
(2389, 8, 6, '2018-08-14 13:12:07', 0),
(2390, 8, 7, '2018-08-14 13:12:07', 0),
(2391, 8, 9, '2018-08-14 13:12:08', 0),
(2392, 8, 10, '2018-08-14 13:12:08', 0),
(2393, 9, 6, '2018-08-14 13:12:09', 0),
(2394, 9, 7, '2018-08-14 13:12:09', 0),
(2395, 9, 8, '2018-08-14 13:12:10', 0),
(2396, 9, 10, '2018-08-14 13:12:10', 0),
(2397, 10, 6, '2018-08-14 13:12:11', 0),
(2398, 10, 7, '2018-08-14 13:12:12', 0),
(2399, 10, 8, '2018-08-14 13:12:12', 0),
(2400, 10, 9, '2018-08-14 13:12:13', 0),
(2401, 6, 7, '2018-08-15 13:12:02', 0),
(2402, 6, 8, '2018-08-15 13:12:03', 0),
(2403, 6, 9, '2018-08-15 13:12:03', 0),
(2404, 6, 10, '2018-08-15 13:12:04', 0),
(2405, 7, 6, '2018-08-15 13:12:04', 0),
(2406, 7, 8, '2018-08-15 13:12:05', 0),
(2407, 7, 9, '2018-08-15 13:12:06', 0),
(2408, 7, 10, '2018-08-15 13:12:06', 0),
(2409, 8, 6, '2018-08-15 13:12:07', 0),
(2410, 8, 7, '2018-08-15 13:12:07', 0),
(2411, 8, 9, '2018-08-15 13:12:08', 0),
(2412, 8, 10, '2018-08-15 13:12:08', 0),
(2413, 9, 6, '2018-08-15 13:12:09', 0),
(2414, 9, 7, '2018-08-15 13:12:10', 0),
(2415, 9, 8, '2018-08-15 13:12:10', 0),
(2416, 9, 10, '2018-08-15 13:12:11', 0),
(2417, 10, 6, '2018-08-15 13:12:11', 0),
(2418, 10, 7, '2018-08-15 13:12:12', 0),
(2419, 10, 8, '2018-08-15 13:12:12', 0),
(2420, 10, 9, '2018-08-15 13:12:13', 0),
(2421, 6, 7, '2018-08-16 13:12:02', 0),
(2422, 6, 8, '2018-08-16 13:12:03', 0),
(2423, 6, 9, '2018-08-16 13:12:04', 0),
(2424, 6, 10, '2018-08-16 13:12:04', 0),
(2425, 7, 6, '2018-08-16 13:12:05', 0),
(2426, 7, 8, '2018-08-16 13:12:05', 0),
(2427, 7, 9, '2018-08-16 13:12:06', 0),
(2428, 7, 10, '2018-08-16 13:12:06', 0),
(2429, 8, 6, '2018-08-16 13:12:07', 0),
(2430, 8, 7, '2018-08-16 13:12:07', 0),
(2431, 8, 9, '2018-08-16 13:12:08', 0),
(2432, 8, 10, '2018-08-16 13:12:08', 0),
(2433, 9, 6, '2018-08-16 13:12:09', 0),
(2434, 9, 7, '2018-08-16 13:12:09', 0),
(2435, 9, 8, '2018-08-16 13:12:10', 0),
(2436, 9, 10, '2018-08-16 13:12:11', 0),
(2437, 10, 6, '2018-08-16 13:12:11', 0),
(2438, 10, 7, '2018-08-16 13:12:12', 0),
(2439, 10, 8, '2018-08-16 13:12:12', 0),
(2440, 10, 9, '2018-08-16 13:12:13', 0),
(2441, 6, 7, '2018-08-17 13:12:02', 0),
(2442, 6, 8, '2018-08-17 13:12:02', 0),
(2443, 6, 9, '2018-08-17 13:12:03', 0),
(2444, 6, 10, '2018-08-17 13:12:04', 0),
(2445, 7, 6, '2018-08-17 13:12:04', 0),
(2446, 7, 8, '2018-08-17 13:12:05', 0),
(2447, 7, 9, '2018-08-17 13:12:05', 0),
(2448, 7, 10, '2018-08-17 13:12:06', 0),
(2449, 8, 6, '2018-08-17 13:12:06', 0),
(2450, 8, 7, '2018-08-17 13:12:07', 0),
(2451, 8, 9, '2018-08-17 13:12:07', 0),
(2452, 8, 10, '2018-08-17 13:12:08', 0),
(2453, 9, 6, '2018-08-17 13:12:08', 0),
(2454, 9, 7, '2018-08-17 13:12:09', 0),
(2455, 9, 8, '2018-08-17 13:12:09', 0),
(2456, 9, 10, '2018-08-17 13:12:10', 0),
(2457, 10, 6, '2018-08-17 13:12:10', 0),
(2458, 10, 7, '2018-08-17 13:12:11', 0),
(2459, 10, 8, '2018-08-17 13:12:12', 0),
(2460, 10, 9, '2018-08-17 13:12:12', 0),
(2461, 6, 7, '2018-08-18 13:12:02', 0),
(2462, 6, 8, '2018-08-18 13:12:02', 0),
(2463, 6, 9, '2018-08-18 13:12:03', 0),
(2464, 6, 10, '2018-08-18 13:12:03', 0),
(2465, 7, 6, '2018-08-18 13:12:04', 0),
(2466, 7, 8, '2018-08-18 13:12:05', 0),
(2467, 7, 9, '2018-08-18 13:12:05', 0),
(2468, 7, 10, '2018-08-18 13:12:06', 0),
(2469, 8, 6, '2018-08-18 13:12:06', 0),
(2470, 8, 7, '2018-08-18 13:12:07', 0),
(2471, 8, 9, '2018-08-18 13:12:07', 0),
(2472, 8, 10, '2018-08-18 13:12:08', 0),
(2473, 9, 6, '2018-08-18 13:12:09', 0),
(2474, 9, 7, '2018-08-18 13:12:09', 0),
(2475, 9, 8, '2018-08-18 13:12:10', 0),
(2476, 9, 10, '2018-08-18 13:12:10', 0),
(2477, 10, 6, '2018-08-18 13:12:11', 0),
(2478, 10, 7, '2018-08-18 13:12:11', 0),
(2479, 10, 8, '2018-08-18 13:12:12', 0),
(2480, 10, 9, '2018-08-18 13:12:13', 0),
(2481, 6, 7, '2018-08-19 13:12:01', 0),
(2482, 6, 8, '2018-08-19 13:12:02', 0),
(2483, 6, 9, '2018-08-19 13:12:03', 0),
(2484, 6, 10, '2018-08-19 13:12:03', 0),
(2485, 7, 6, '2018-08-19 13:12:04', 0),
(2486, 7, 8, '2018-08-19 13:12:04', 0),
(2487, 7, 9, '2018-08-19 13:12:05', 0),
(2488, 7, 10, '2018-08-19 13:12:06', 0),
(2489, 8, 6, '2018-08-19 13:12:06', 0),
(2490, 8, 7, '2018-08-19 13:12:07', 0),
(2491, 8, 9, '2018-08-19 13:12:07', 0),
(2492, 8, 10, '2018-08-19 13:12:08', 0),
(2493, 9, 6, '2018-08-19 13:12:08', 0),
(2494, 9, 7, '2018-08-19 13:12:09', 0),
(2495, 9, 8, '2018-08-19 13:12:10', 0),
(2496, 9, 10, '2018-08-19 13:12:10', 0),
(2497, 10, 6, '2018-08-19 13:12:11', 0),
(2498, 10, 7, '2018-08-19 13:12:11', 0),
(2499, 10, 8, '2018-08-19 13:12:12', 0),
(2500, 10, 9, '2018-08-19 13:12:12', 0),
(2501, 6, 7, '2018-08-20 13:12:02', 0),
(2502, 6, 8, '2018-08-20 13:12:03', 0),
(2503, 6, 9, '2018-08-20 13:12:03', 0),
(2504, 6, 10, '2018-08-20 13:12:04', 0),
(2505, 7, 6, '2018-08-20 13:12:04', 0),
(2506, 7, 8, '2018-08-20 13:12:05', 0),
(2507, 7, 9, '2018-08-20 13:12:05', 0),
(2508, 7, 10, '2018-08-20 13:12:06', 0),
(2509, 8, 6, '2018-08-20 13:12:07', 0),
(2510, 8, 7, '2018-08-20 13:12:07', 0),
(2511, 8, 9, '2018-08-20 13:12:08', 0),
(2512, 8, 10, '2018-08-20 13:12:08', 0),
(2513, 9, 6, '2018-08-20 13:12:09', 0),
(2514, 9, 7, '2018-08-20 13:12:09', 0),
(2515, 9, 8, '2018-08-20 13:12:10', 0),
(2516, 9, 10, '2018-08-20 13:12:11', 0),
(2517, 10, 6, '2018-08-20 13:12:11', 0),
(2518, 10, 7, '2018-08-20 13:12:12', 0),
(2519, 10, 8, '2018-08-20 13:12:12', 0),
(2520, 10, 9, '2018-08-20 13:12:13', 0),
(2521, 6, 7, '2018-08-21 13:12:01', 0),
(2522, 6, 8, '2018-08-21 13:12:02', 0),
(2523, 6, 9, '2018-08-21 13:12:02', 0),
(2524, 6, 10, '2018-08-21 13:12:03', 0),
(2525, 7, 6, '2018-08-21 13:12:04', 0),
(2526, 7, 8, '2018-08-21 13:12:04', 0),
(2527, 7, 9, '2018-08-21 13:12:05', 0),
(2528, 7, 10, '2018-08-21 13:12:05', 0),
(2529, 8, 6, '2018-08-21 13:12:06', 0),
(2530, 8, 7, '2018-08-21 13:12:06', 0),
(2531, 8, 9, '2018-08-21 13:12:07', 0),
(2532, 8, 10, '2018-08-21 13:12:08', 0),
(2533, 9, 6, '2018-08-21 13:12:08', 0),
(2534, 9, 7, '2018-08-21 13:12:09', 0),
(2535, 9, 8, '2018-08-21 13:12:09', 0),
(2536, 9, 10, '2018-08-21 13:12:10', 0),
(2537, 10, 6, '2018-08-21 13:12:10', 0),
(2538, 10, 7, '2018-08-21 13:12:11', 0),
(2539, 10, 8, '2018-08-21 13:12:11', 0),
(2540, 10, 9, '2018-08-21 13:12:12', 0),
(2541, 6, 7, '2018-08-22 13:12:02', 0),
(2542, 6, 8, '2018-08-22 13:12:03', 0),
(2543, 6, 9, '2018-08-22 13:12:03', 0),
(2544, 6, 10, '2018-08-22 13:12:04', 0),
(2545, 7, 6, '2018-08-22 13:12:04', 0),
(2546, 7, 8, '2018-08-22 13:12:05', 0),
(2547, 7, 9, '2018-08-22 13:12:05', 0),
(2548, 7, 10, '2018-08-22 13:12:06', 0),
(2549, 8, 6, '2018-08-22 13:12:07', 0),
(2550, 8, 7, '2018-08-22 13:12:07', 0),
(2551, 8, 9, '2018-08-22 13:12:08', 0),
(2552, 8, 10, '2018-08-22 13:12:08', 0),
(2553, 9, 6, '2018-08-22 13:12:09', 0),
(2554, 9, 7, '2018-08-22 13:12:09', 0),
(2555, 9, 8, '2018-08-22 13:12:10', 0),
(2556, 9, 10, '2018-08-22 13:12:10', 0),
(2557, 10, 6, '2018-08-22 13:12:11', 0),
(2558, 10, 7, '2018-08-22 13:12:12', 0),
(2559, 10, 8, '2018-08-22 13:12:12', 0),
(2560, 10, 9, '2018-08-22 13:12:13', 0),
(2561, 6, 7, '2018-08-23 13:12:02', 0),
(2562, 6, 8, '2018-08-23 13:12:02', 0),
(2563, 6, 9, '2018-08-23 13:12:03', 0),
(2564, 6, 10, '2018-08-23 13:12:04', 0),
(2565, 7, 6, '2018-08-23 13:12:04', 0),
(2566, 7, 8, '2018-08-23 13:12:05', 0),
(2567, 7, 9, '2018-08-23 13:12:05', 0),
(2568, 7, 10, '2018-08-23 13:12:06', 0),
(2569, 8, 6, '2018-08-23 13:12:07', 0),
(2570, 8, 7, '2018-08-23 13:12:07', 0),
(2571, 8, 9, '2018-08-23 13:12:08', 0),
(2572, 8, 10, '2018-08-23 13:12:08', 0),
(2573, 9, 6, '2018-08-23 13:12:09', 0),
(2574, 9, 7, '2018-08-23 13:12:09', 0),
(2575, 9, 8, '2018-08-23 13:12:10', 0),
(2576, 9, 10, '2018-08-23 13:12:10', 0),
(2577, 10, 6, '2018-08-23 13:12:11', 0),
(2578, 10, 7, '2018-08-23 13:12:12', 0),
(2579, 10, 8, '2018-08-23 13:12:12', 0),
(2580, 10, 9, '2018-08-23 13:12:13', 0),
(2581, 6, 7, '2018-08-24 13:12:02', 0),
(2582, 6, 8, '2018-08-24 13:12:02', 0),
(2583, 6, 9, '2018-08-24 13:12:03', 0),
(2584, 6, 10, '2018-08-24 13:12:03', 0),
(2585, 7, 6, '2018-08-24 13:12:04', 0),
(2586, 7, 8, '2018-08-24 13:12:04', 0),
(2587, 7, 9, '2018-08-24 13:12:05', 0),
(2588, 7, 10, '2018-08-24 13:12:05', 0),
(2589, 8, 6, '2018-08-24 13:12:06', 0),
(2590, 8, 7, '2018-08-24 13:12:06', 0),
(2591, 8, 9, '2018-08-24 13:12:07', 0),
(2592, 8, 10, '2018-08-24 13:12:08', 0),
(2593, 9, 6, '2018-08-24 13:12:08', 0),
(2594, 9, 7, '2018-08-24 13:12:09', 0),
(2595, 9, 8, '2018-08-24 13:12:09', 0),
(2596, 9, 10, '2018-08-24 13:12:10', 0),
(2597, 10, 6, '2018-08-24 13:12:10', 0),
(2598, 10, 7, '2018-08-24 13:12:11', 0),
(2599, 10, 8, '2018-08-24 13:12:11', 0),
(2600, 10, 9, '2018-08-24 13:12:12', 0),
(2601, 6, 7, '2018-08-25 13:12:01', 0),
(2602, 6, 8, '2018-08-25 13:12:02', 0),
(2603, 6, 9, '2018-08-25 13:12:03', 0),
(2604, 6, 10, '2018-08-25 13:12:03', 0),
(2605, 7, 6, '2018-08-25 13:12:04', 0),
(2606, 7, 8, '2018-08-25 13:12:04', 0),
(2607, 7, 9, '2018-08-25 13:12:05', 0),
(2608, 7, 10, '2018-08-25 13:12:05', 0),
(2609, 8, 6, '2018-08-25 13:12:06', 0),
(2610, 8, 7, '2018-08-25 13:12:06', 0),
(2611, 8, 9, '2018-08-25 13:12:07', 0),
(2612, 8, 10, '2018-08-25 13:12:07', 0),
(2613, 9, 6, '2018-08-25 13:12:08', 0),
(2614, 9, 7, '2018-08-25 13:12:08', 0),
(2615, 9, 8, '2018-08-25 13:12:09', 0),
(2616, 9, 10, '2018-08-25 13:12:10', 0),
(2617, 10, 6, '2018-08-25 13:12:10', 0),
(2618, 10, 7, '2018-08-25 13:12:11', 0),
(2619, 10, 8, '2018-08-25 13:12:11', 0),
(2620, 10, 9, '2018-08-25 13:12:12', 0),
(2621, 6, 7, '2018-08-26 13:12:02', 0),
(2622, 6, 8, '2018-08-26 13:12:02', 0),
(2623, 6, 9, '2018-08-26 13:12:03', 0),
(2624, 6, 10, '2018-08-26 13:12:04', 0),
(2625, 7, 6, '2018-08-26 13:12:04', 0),
(2626, 7, 8, '2018-08-26 13:12:05', 0),
(2627, 7, 9, '2018-08-26 13:12:05', 0),
(2628, 7, 10, '2018-08-26 13:12:06', 0),
(2629, 8, 6, '2018-08-26 13:12:06', 0),
(2630, 8, 7, '2018-08-26 13:12:07', 0),
(2631, 8, 9, '2018-08-26 13:12:07', 0),
(2632, 8, 10, '2018-08-26 13:12:08', 0),
(2633, 9, 6, '2018-08-26 13:12:08', 0),
(2634, 9, 7, '2018-08-26 13:12:09', 0),
(2635, 9, 8, '2018-08-26 13:12:10', 0),
(2636, 9, 10, '2018-08-26 13:12:10', 0),
(2637, 10, 6, '2018-08-26 13:12:11', 0),
(2638, 10, 7, '2018-08-26 13:12:11', 0),
(2639, 10, 8, '2018-08-26 13:12:12', 0),
(2640, 10, 9, '2018-08-26 13:12:12', 0),
(2641, 6, 7, '2018-08-27 13:12:01', 0),
(2642, 6, 8, '2018-08-27 13:12:02', 0),
(2643, 6, 9, '2018-08-27 13:12:02', 0),
(2644, 6, 10, '2018-08-27 13:12:03', 0),
(2645, 7, 6, '2018-08-27 13:12:04', 0),
(2646, 7, 8, '2018-08-27 13:12:04', 0),
(2647, 7, 9, '2018-08-27 13:12:05', 0),
(2648, 7, 10, '2018-08-27 13:12:05', 0),
(2649, 8, 6, '2018-08-27 13:12:06', 0),
(2650, 8, 7, '2018-08-27 13:12:06', 0),
(2651, 8, 9, '2018-08-27 13:12:07', 0),
(2652, 8, 10, '2018-08-27 13:12:07', 0),
(2653, 9, 6, '2018-08-27 13:12:08', 0),
(2654, 9, 7, '2018-08-27 13:12:08', 0),
(2655, 9, 8, '2018-08-27 13:12:09', 0),
(2656, 9, 10, '2018-08-27 13:12:09', 0),
(2657, 10, 6, '2018-08-27 13:12:10', 0),
(2658, 10, 7, '2018-08-27 13:12:10', 0),
(2659, 10, 8, '2018-08-27 13:12:11', 0),
(2660, 10, 9, '2018-08-27 13:12:11', 0),
(2661, 6, 7, '2018-08-28 13:12:03', 0),
(2662, 6, 8, '2018-08-28 13:12:03', 0),
(2663, 6, 9, '2018-08-28 13:12:04', 0),
(2664, 6, 10, '2018-08-28 13:12:04', 0),
(2665, 7, 6, '2018-08-28 13:12:05', 0),
(2666, 7, 8, '2018-08-28 13:12:05', 0),
(2667, 7, 9, '2018-08-28 13:12:06', 0),
(2668, 7, 10, '2018-08-28 13:12:06', 0),
(2669, 8, 6, '2018-08-28 13:12:07', 0),
(2670, 8, 7, '2018-08-28 13:12:07', 0),
(2671, 8, 9, '2018-08-28 13:12:08', 0),
(2672, 8, 10, '2018-08-28 13:12:08', 0),
(2673, 9, 6, '2018-08-28 13:12:09', 0),
(2674, 9, 7, '2018-08-28 13:12:09', 0),
(2675, 9, 8, '2018-08-28 13:12:10', 0),
(2676, 9, 10, '2018-08-28 13:12:11', 0),
(2677, 10, 6, '2018-08-28 13:12:11', 0),
(2678, 10, 7, '2018-08-28 13:12:12', 0),
(2679, 10, 8, '2018-08-28 13:12:12', 0),
(2680, 10, 9, '2018-08-28 13:12:13', 0),
(2681, 6, 7, '2018-08-29 13:12:02', 0),
(2682, 6, 8, '2018-08-29 13:12:02', 0),
(2683, 6, 9, '2018-08-29 13:12:03', 0),
(2684, 6, 10, '2018-08-29 13:12:03', 0),
(2685, 7, 6, '2018-08-29 13:12:04', 0),
(2686, 7, 8, '2018-08-29 13:12:04', 0),
(2687, 7, 9, '2018-08-29 13:12:05', 0),
(2688, 7, 10, '2018-08-29 13:12:05', 0),
(2689, 8, 6, '2018-08-29 13:12:06', 0),
(2690, 8, 7, '2018-08-29 13:12:07', 0),
(2691, 8, 9, '2018-08-29 13:12:07', 0),
(2692, 8, 10, '2018-08-29 13:12:08', 0),
(2693, 9, 6, '2018-08-29 13:12:08', 0),
(2694, 9, 7, '2018-08-29 13:12:09', 0),
(2695, 9, 8, '2018-08-29 13:12:09', 0),
(2696, 9, 10, '2018-08-29 13:12:10', 0),
(2697, 10, 6, '2018-08-29 13:12:10', 0),
(2698, 10, 7, '2018-08-29 13:12:11', 0),
(2699, 10, 8, '2018-08-29 13:12:11', 0),
(2700, 10, 9, '2018-08-29 13:12:12', 0),
(2701, 6, 7, '2018-08-30 13:12:02', 0),
(2702, 6, 8, '2018-08-30 13:12:02', 0),
(2703, 6, 9, '2018-08-30 13:12:03', 0),
(2704, 6, 10, '2018-08-30 13:12:03', 0),
(2705, 7, 6, '2018-08-30 13:12:04', 0),
(2706, 7, 8, '2018-08-30 13:12:05', 0),
(2707, 7, 9, '2018-08-30 13:12:05', 0),
(2708, 7, 10, '2018-08-30 13:12:06', 0),
(2709, 8, 6, '2018-08-30 13:12:06', 0),
(2710, 8, 7, '2018-08-30 13:12:07', 0),
(2711, 8, 9, '2018-08-30 13:12:07', 0),
(2712, 8, 10, '2018-08-30 13:12:08', 0),
(2713, 9, 6, '2018-08-30 13:12:08', 0),
(2714, 9, 7, '2018-08-30 13:12:09', 0),
(2715, 9, 8, '2018-08-30 13:12:09', 0),
(2716, 9, 10, '2018-08-30 13:12:10', 0),
(2717, 10, 6, '2018-08-30 13:12:11', 0),
(2718, 10, 7, '2018-08-30 13:12:11', 0),
(2719, 10, 8, '2018-08-30 13:12:12', 0),
(2720, 10, 9, '2018-08-30 13:12:12', 0),
(2721, 6, 7, '2018-08-31 13:12:02', 0),
(2722, 6, 8, '2018-08-31 13:12:03', 0),
(2723, 6, 9, '2018-08-31 13:12:03', 0),
(2724, 6, 10, '2018-08-31 13:12:04', 0),
(2725, 7, 6, '2018-08-31 13:12:04', 0),
(2726, 7, 8, '2018-08-31 13:12:05', 0),
(2727, 7, 9, '2018-08-31 13:12:06', 0),
(2728, 7, 10, '2018-08-31 13:12:06', 0),
(2729, 8, 6, '2018-08-31 13:12:07', 0),
(2730, 8, 7, '2018-08-31 13:12:07', 0),
(2731, 8, 9, '2018-08-31 13:12:08', 0),
(2732, 8, 10, '2018-08-31 13:12:08', 0),
(2733, 9, 6, '2018-08-31 13:12:09', 0),
(2734, 9, 7, '2018-08-31 13:12:09', 0),
(2735, 9, 8, '2018-08-31 13:12:10', 0),
(2736, 9, 10, '2018-08-31 13:12:10', 0),
(2737, 10, 6, '2018-08-31 13:12:11', 0),
(2738, 10, 7, '2018-08-31 13:12:11', 0),
(2739, 10, 8, '2018-08-31 13:12:12', 0),
(2740, 10, 9, '2018-08-31 13:12:12', 0),
(2741, 6, 7, '2018-09-01 13:12:02', 0),
(2742, 6, 8, '2018-09-01 13:12:02', 0),
(2743, 6, 9, '2018-09-01 13:12:03', 0),
(2744, 6, 10, '2018-09-01 13:12:03', 0),
(2745, 7, 6, '2018-09-01 13:12:04', 0),
(2746, 7, 8, '2018-09-01 13:12:04', 0),
(2747, 7, 9, '2018-09-01 13:12:05', 0),
(2748, 7, 10, '2018-09-01 13:12:05', 0),
(2749, 8, 6, '2018-09-01 13:12:06', 0),
(2750, 8, 7, '2018-09-01 13:12:07', 0),
(2751, 8, 9, '2018-09-01 13:12:07', 0),
(2752, 8, 10, '2018-09-01 13:12:08', 0),
(2753, 9, 6, '2018-09-01 13:12:08', 0),
(2754, 9, 7, '2018-09-01 13:12:09', 0),
(2755, 9, 8, '2018-09-01 13:12:09', 0),
(2756, 9, 10, '2018-09-01 13:12:10', 0),
(2757, 10, 6, '2018-09-01 13:12:10', 0),
(2758, 10, 7, '2018-09-01 13:12:11', 0),
(2759, 10, 8, '2018-09-01 13:12:11', 0),
(2760, 10, 9, '2018-09-01 13:12:12', 0),
(2761, 6, 7, '2018-09-02 13:12:02', 0),
(2762, 6, 8, '2018-09-02 13:12:02', 0),
(2763, 6, 9, '2018-09-02 13:12:03', 0),
(2764, 6, 10, '2018-09-02 13:12:03', 0),
(2765, 7, 6, '2018-09-02 13:12:04', 0),
(2766, 7, 8, '2018-09-02 13:12:04', 0),
(2767, 7, 9, '2018-09-02 13:12:05', 0),
(2768, 7, 10, '2018-09-02 13:12:05', 0),
(2769, 8, 6, '2018-09-02 13:12:06', 0),
(2770, 8, 7, '2018-09-02 13:12:06', 0),
(2771, 8, 9, '2018-09-02 13:12:07', 0),
(2772, 8, 10, '2018-09-02 13:12:07', 0),
(2773, 9, 6, '2018-09-02 13:12:08', 0),
(2774, 9, 7, '2018-09-02 13:12:08', 0),
(2775, 9, 8, '2018-09-02 13:12:09', 0),
(2776, 9, 10, '2018-09-02 13:12:10', 0),
(2777, 10, 6, '2018-09-02 13:12:10', 0),
(2778, 10, 7, '2018-09-02 13:12:11', 0),
(2779, 10, 8, '2018-09-02 13:12:11', 0),
(2780, 10, 9, '2018-09-02 13:12:12', 0),
(2781, 6, 7, '2018-09-03 13:12:01', 0),
(2782, 6, 8, '2018-09-03 13:12:02', 0),
(2783, 6, 9, '2018-09-03 13:12:03', 0),
(2784, 6, 10, '2018-09-03 13:12:03', 0),
(2785, 7, 6, '2018-09-03 13:12:04', 0),
(2786, 7, 8, '2018-09-03 13:12:04', 0),
(2787, 7, 9, '2018-09-03 13:12:05', 0),
(2788, 7, 10, '2018-09-03 13:12:05', 0),
(2789, 8, 6, '2018-09-03 13:12:06', 0),
(2790, 8, 7, '2018-09-03 13:12:06', 0),
(2791, 8, 9, '2018-09-03 13:12:07', 0),
(2792, 8, 10, '2018-09-03 13:12:07', 0),
(2793, 9, 6, '2018-09-03 13:12:08', 0),
(2794, 9, 7, '2018-09-03 13:12:08', 0),
(2795, 9, 8, '2018-09-03 13:12:09', 0),
(2796, 9, 10, '2018-09-03 13:12:09', 0),
(2797, 10, 6, '2018-09-03 13:12:10', 0),
(2798, 10, 7, '2018-09-03 13:12:10', 0),
(2799, 10, 8, '2018-09-03 13:12:11', 0),
(2800, 10, 9, '2018-09-03 13:12:12', 0),
(2801, 6, 7, '2018-09-04 13:12:02', 0),
(2802, 6, 8, '2018-09-04 13:12:02', 0),
(2803, 6, 9, '2018-09-04 13:12:03', 0),
(2804, 6, 10, '2018-09-04 13:12:03', 0),
(2805, 7, 6, '2018-09-04 13:12:04', 0),
(2806, 7, 8, '2018-09-04 13:12:04', 0),
(2807, 7, 9, '2018-09-04 13:12:05', 0),
(2808, 7, 10, '2018-09-04 13:12:05', 0),
(2809, 8, 6, '2018-09-04 13:12:06', 0),
(2810, 8, 7, '2018-09-04 13:12:06', 0),
(2811, 8, 9, '2018-09-04 13:12:07', 0),
(2812, 8, 10, '2018-09-04 13:12:08', 0),
(2813, 9, 6, '2018-09-04 13:12:08', 0),
(2814, 9, 7, '2018-09-04 13:12:09', 0),
(2815, 9, 8, '2018-09-04 13:12:09', 0),
(2816, 9, 10, '2018-09-04 13:12:10', 0),
(2817, 10, 6, '2018-09-04 13:12:10', 0),
(2818, 10, 7, '2018-09-04 13:12:11', 0),
(2819, 10, 8, '2018-09-04 13:12:11', 0),
(2820, 10, 9, '2018-09-04 13:12:12', 0),
(2821, 6, 7, '2018-09-05 13:12:02', 0),
(2822, 6, 8, '2018-09-05 13:12:03', 0),
(2823, 6, 9, '2018-09-05 13:12:03', 0),
(2824, 6, 10, '2018-09-05 13:12:04', 0),
(2825, 7, 6, '2018-09-05 13:12:04', 0),
(2826, 7, 8, '2018-09-05 13:12:05', 0),
(2827, 7, 9, '2018-09-05 13:12:05', 0),
(2828, 7, 10, '2018-09-05 13:12:06', 0),
(2829, 8, 6, '2018-09-05 13:12:07', 0),
(2830, 8, 7, '2018-09-05 13:12:07', 0),
(2831, 8, 9, '2018-09-05 13:12:08', 0),
(2832, 8, 10, '2018-09-05 13:12:08', 0),
(2833, 9, 6, '2018-09-05 13:12:09', 0),
(2834, 9, 7, '2018-09-05 13:12:09', 0),
(2835, 9, 8, '2018-09-05 13:12:10', 0),
(2836, 9, 10, '2018-09-05 13:12:10', 0),
(2837, 10, 6, '2018-09-05 13:12:11', 0),
(2838, 10, 7, '2018-09-05 13:12:11', 0),
(2839, 10, 8, '2018-09-05 13:12:12', 0),
(2840, 10, 9, '2018-09-05 13:12:12', 0),
(2841, 6, 7, '2018-09-06 13:12:02', 0),
(2842, 6, 8, '2018-09-06 13:12:02', 0),
(2843, 6, 9, '2018-09-06 13:12:03', 0),
(2844, 6, 10, '2018-09-06 13:12:04', 0),
(2845, 7, 6, '2018-09-06 13:12:04', 0),
(2846, 7, 8, '2018-09-06 13:12:05', 0),
(2847, 7, 9, '2018-09-06 13:12:05', 0),
(2848, 7, 10, '2018-09-06 13:12:06', 0),
(2849, 8, 6, '2018-09-06 13:12:06', 0),
(2850, 8, 7, '2018-09-06 13:12:07', 0),
(2851, 8, 9, '2018-09-06 13:12:07', 0),
(2852, 8, 10, '2018-09-06 13:12:08', 0),
(2853, 9, 6, '2018-09-06 13:12:08', 0),
(2854, 9, 7, '2018-09-06 13:12:09', 0),
(2855, 9, 8, '2018-09-06 13:12:09', 0),
(2856, 9, 10, '2018-09-06 13:12:10', 0),
(2857, 10, 6, '2018-09-06 13:12:10', 0),
(2858, 10, 7, '2018-09-06 13:12:11', 0),
(2859, 10, 8, '2018-09-06 13:12:12', 0),
(2860, 10, 9, '2018-09-06 13:12:12', 0),
(2861, 6, 7, '2018-09-07 13:12:01', 0),
(2862, 6, 8, '2018-09-07 13:12:02', 0),
(2863, 6, 9, '2018-09-07 13:12:02', 0),
(2864, 6, 10, '2018-09-07 13:12:03', 0),
(2865, 7, 6, '2018-09-07 13:12:04', 0),
(2866, 7, 8, '2018-09-07 13:12:04', 0),
(2867, 7, 9, '2018-09-07 13:12:05', 0),
(2868, 7, 10, '2018-09-07 13:12:05', 0),
(2869, 8, 6, '2018-09-07 13:12:06', 0),
(2870, 8, 7, '2018-09-07 13:12:06', 0),
(2871, 8, 9, '2018-09-07 13:12:07', 0),
(2872, 8, 10, '2018-09-07 13:12:07', 0),
(2873, 9, 6, '2018-09-07 13:12:08', 0),
(2874, 9, 7, '2018-09-07 13:12:08', 0),
(2875, 9, 8, '2018-09-07 13:12:09', 0),
(2876, 9, 10, '2018-09-07 13:12:10', 0),
(2877, 10, 6, '2018-09-07 13:12:10', 0),
(2878, 10, 7, '2018-09-07 13:12:11', 0),
(2879, 10, 8, '2018-09-07 13:12:11', 0),
(2880, 10, 9, '2018-09-07 13:12:12', 0),
(2881, 6, 7, '2018-09-08 13:12:02', 0),
(2882, 6, 8, '2018-09-08 13:12:03', 0),
(2883, 6, 9, '2018-09-08 13:12:03', 0),
(2884, 6, 10, '2018-09-08 13:12:04', 0),
(2885, 7, 6, '2018-09-08 13:12:04', 0),
(2886, 7, 8, '2018-09-08 13:12:05', 0),
(2887, 7, 9, '2018-09-08 13:12:05', 0),
(2888, 7, 10, '2018-09-08 13:12:06', 0),
(2889, 8, 6, '2018-09-08 13:12:06', 0),
(2890, 8, 7, '2018-09-08 13:12:07', 0),
(2891, 8, 9, '2018-09-08 13:12:07', 0),
(2892, 8, 10, '2018-09-08 13:12:08', 0),
(2893, 9, 6, '2018-09-08 13:12:09', 0),
(2894, 9, 7, '2018-09-08 13:12:09', 0),
(2895, 9, 8, '2018-09-08 13:12:10', 0),
(2896, 9, 10, '2018-09-08 13:12:10', 0),
(2897, 10, 6, '2018-09-08 13:12:11', 0),
(2898, 10, 7, '2018-09-08 13:12:11', 0),
(2899, 10, 8, '2018-09-08 13:12:12', 0),
(2900, 10, 9, '2018-09-08 13:12:12', 0),
(2901, 6, 7, '2018-09-09 13:12:02', 0),
(2902, 6, 8, '2018-09-09 13:12:03', 0),
(2903, 6, 9, '2018-09-09 13:12:03', 0),
(2904, 6, 10, '2018-09-09 13:12:04', 0),
(2905, 7, 6, '2018-09-09 13:12:04', 0),
(2906, 7, 8, '2018-09-09 13:12:05', 0),
(2907, 7, 9, '2018-09-09 13:12:05', 0),
(2908, 7, 10, '2018-09-09 13:12:06', 0),
(2909, 8, 6, '2018-09-09 13:12:06', 0),
(2910, 8, 7, '2018-09-09 13:12:07', 0),
(2911, 8, 9, '2018-09-09 13:12:07', 0),
(2912, 8, 10, '2018-09-09 13:12:08', 0),
(2913, 9, 6, '2018-09-09 13:12:08', 0),
(2914, 9, 7, '2018-09-09 13:12:09', 0),
(2915, 9, 8, '2018-09-09 13:12:09', 0),
(2916, 9, 10, '2018-09-09 13:12:10', 0),
(2917, 10, 6, '2018-09-09 13:12:10', 0),
(2918, 10, 7, '2018-09-09 13:12:11', 0),
(2919, 10, 8, '2018-09-09 13:12:11', 0),
(2920, 10, 9, '2018-09-09 13:12:12', 0),
(2921, 6, 7, '2018-09-10 13:12:02', 0),
(2922, 6, 8, '2018-09-10 13:12:03', 0),
(2923, 6, 9, '2018-09-10 13:12:03', 0),
(2924, 6, 10, '2018-09-10 13:12:04', 0),
(2925, 7, 6, '2018-09-10 13:12:04', 0),
(2926, 7, 8, '2018-09-10 13:12:05', 0),
(2927, 7, 9, '2018-09-10 13:12:05', 0),
(2928, 7, 10, '2018-09-10 13:12:06', 0),
(2929, 8, 6, '2018-09-10 13:12:06', 0),
(2930, 8, 7, '2018-09-10 13:12:07', 0),
(2931, 8, 9, '2018-09-10 13:12:07', 0),
(2932, 8, 10, '2018-09-10 13:12:08', 0),
(2933, 9, 6, '2018-09-10 13:12:08', 0),
(2934, 9, 7, '2018-09-10 13:12:09', 0),
(2935, 9, 8, '2018-09-10 13:12:10', 0),
(2936, 9, 10, '2018-09-10 13:12:10', 0),
(2937, 10, 6, '2018-09-10 13:12:11', 0),
(2938, 10, 7, '2018-09-10 13:12:11', 0),
(2939, 10, 8, '2018-09-10 13:12:12', 0),
(2940, 10, 9, '2018-09-10 13:12:12', 0),
(2941, 6, 7, '2018-09-11 13:12:01', 0),
(2942, 6, 8, '2018-09-11 13:12:02', 0),
(2943, 6, 9, '2018-09-11 13:12:02', 0),
(2944, 6, 10, '2018-09-11 13:12:03', 0),
(2945, 7, 6, '2018-09-11 13:12:03', 0),
(2946, 7, 8, '2018-09-11 13:12:04', 0),
(2947, 7, 9, '2018-09-11 13:12:05', 0),
(2948, 7, 10, '2018-09-11 13:12:05', 0),
(2949, 8, 6, '2018-09-11 13:12:06', 0),
(2950, 8, 7, '2018-09-11 13:12:06', 0),
(2951, 8, 9, '2018-09-11 13:12:07', 0),
(2952, 8, 10, '2018-09-11 13:12:07', 0),
(2953, 9, 6, '2018-09-11 13:12:08', 0),
(2954, 9, 7, '2018-09-11 13:12:08', 0),
(2955, 9, 8, '2018-09-11 13:12:09', 0),
(2956, 9, 10, '2018-09-11 13:12:09', 0),
(2957, 10, 6, '2018-09-11 13:12:10', 0),
(2958, 10, 7, '2018-09-11 13:12:10', 0),
(2959, 10, 8, '2018-09-11 13:12:11', 0),
(2960, 10, 9, '2018-09-11 13:12:11', 0),
(2961, 6, 7, '2018-09-12 13:12:02', 0),
(2962, 6, 8, '2018-09-12 13:12:03', 0),
(2963, 6, 9, '2018-09-12 13:12:03', 0),
(2964, 6, 10, '2018-09-12 13:12:04', 0),
(2965, 7, 6, '2018-09-12 13:12:04', 0),
(2966, 7, 8, '2018-09-12 13:12:05', 0),
(2967, 7, 9, '2018-09-12 13:12:05', 0),
(2968, 7, 10, '2018-09-12 13:12:06', 0),
(2969, 8, 6, '2018-09-12 13:12:06', 0),
(2970, 8, 7, '2018-09-12 13:12:07', 0),
(2971, 8, 9, '2018-09-12 13:12:07', 0),
(2972, 8, 10, '2018-09-12 13:12:08', 0),
(2973, 9, 6, '2018-09-12 13:12:08', 0),
(2974, 9, 7, '2018-09-12 13:12:09', 0),
(2975, 9, 8, '2018-09-12 13:12:10', 0),
(2976, 9, 10, '2018-09-12 13:12:10', 0),
(2977, 10, 6, '2018-09-12 13:12:11', 0),
(2978, 10, 7, '2018-09-12 13:12:11', 0),
(2979, 10, 8, '2018-09-12 13:12:12', 0),
(2980, 10, 9, '2018-09-12 13:12:12', 0),
(2981, 6, 7, '2018-09-13 13:12:01', 0),
(2982, 6, 8, '2018-09-13 13:12:02', 0),
(2983, 6, 9, '2018-09-13 13:12:02', 0),
(2984, 6, 10, '2018-09-13 13:12:03', 0),
(2985, 7, 6, '2018-09-13 13:12:04', 0),
(2986, 7, 8, '2018-09-13 13:12:04', 0),
(2987, 7, 9, '2018-09-13 13:12:05', 0),
(2988, 7, 10, '2018-09-13 13:12:05', 0),
(2989, 8, 6, '2018-09-13 13:12:06', 0),
(2990, 8, 7, '2018-09-13 13:12:06', 0),
(2991, 8, 9, '2018-09-13 13:12:07', 0),
(2992, 8, 10, '2018-09-13 13:12:07', 0),
(2993, 9, 6, '2018-09-13 13:12:08', 0),
(2994, 9, 7, '2018-09-13 13:12:08', 0),
(2995, 9, 8, '2018-09-13 13:12:09', 0),
(2996, 9, 10, '2018-09-13 13:12:09', 0),
(2997, 10, 6, '2018-09-13 13:12:10', 0),
(2998, 10, 7, '2018-09-13 13:12:10', 0),
(2999, 10, 8, '2018-09-13 13:12:11', 0),
(3000, 10, 9, '2018-09-13 13:12:12', 0),
(3001, 6, 7, '2018-09-14 13:12:02', 0),
(3002, 6, 8, '2018-09-14 13:12:02', 0),
(3003, 6, 9, '2018-09-14 13:12:03', 0),
(3004, 6, 10, '2018-09-14 13:12:04', 0),
(3005, 7, 6, '2018-09-14 13:12:04', 0),
(3006, 7, 8, '2018-09-14 13:12:05', 0),
(3007, 7, 9, '2018-09-14 13:12:05', 0),
(3008, 7, 10, '2018-09-14 13:12:06', 0),
(3009, 8, 6, '2018-09-14 13:12:06', 0),
(3010, 8, 7, '2018-09-14 13:12:07', 0),
(3011, 8, 9, '2018-09-14 13:12:07', 0),
(3012, 8, 10, '2018-09-14 13:12:08', 0),
(3013, 9, 6, '2018-09-14 13:12:08', 0),
(3014, 9, 7, '2018-09-14 13:12:09', 0),
(3015, 9, 8, '2018-09-14 13:12:10', 0),
(3016, 9, 10, '2018-09-14 13:12:10', 0),
(3017, 10, 6, '2018-09-14 13:12:11', 0),
(3018, 10, 7, '2018-09-14 13:12:11', 0),
(3019, 10, 8, '2018-09-14 13:12:12', 0),
(3020, 10, 9, '2018-09-14 13:12:12', 0),
(3021, 6, 7, '2018-09-15 13:12:02', 0),
(3022, 6, 8, '2018-09-15 13:12:02', 0),
(3023, 6, 9, '2018-09-15 13:12:03', 0),
(3024, 6, 10, '2018-09-15 13:12:03', 0),
(3025, 7, 6, '2018-09-15 13:12:04', 0),
(3026, 7, 8, '2018-09-15 13:12:05', 0),
(3027, 7, 9, '2018-09-15 13:12:05', 0),
(3028, 7, 10, '2018-09-15 13:12:06', 0),
(3029, 8, 6, '2018-09-15 13:12:06', 0),
(3030, 8, 7, '2018-09-15 13:12:07', 0),
(3031, 8, 9, '2018-09-15 13:12:07', 0),
(3032, 8, 10, '2018-09-15 13:12:08', 0),
(3033, 9, 6, '2018-09-15 13:12:08', 0),
(3034, 9, 7, '2018-09-15 13:12:09', 0),
(3035, 9, 8, '2018-09-15 13:12:09', 0),
(3036, 9, 10, '2018-09-15 13:12:10', 0),
(3037, 10, 6, '2018-09-15 13:12:10', 0),
(3038, 10, 7, '2018-09-15 13:12:11', 0),
(3039, 10, 8, '2018-09-15 13:12:11', 0),
(3040, 10, 9, '2018-09-15 13:12:12', 0),
(3041, 6, 7, '2018-09-16 13:12:02', 0),
(3042, 6, 8, '2018-09-16 13:12:02', 0),
(3043, 6, 9, '2018-09-16 13:12:03', 0),
(3044, 6, 10, '2018-09-16 13:12:03', 0),
(3045, 7, 6, '2018-09-16 13:12:04', 0),
(3046, 7, 8, '2018-09-16 13:12:04', 0),
(3047, 7, 9, '2018-09-16 13:12:05', 0),
(3048, 7, 10, '2018-09-16 13:12:05', 0),
(3049, 8, 6, '2018-09-16 13:12:06', 0),
(3050, 8, 7, '2018-09-16 13:12:06', 0),
(3051, 8, 9, '2018-09-16 13:12:07', 0),
(3052, 8, 10, '2018-09-16 13:12:07', 0),
(3053, 9, 6, '2018-09-16 13:12:08', 0),
(3054, 9, 7, '2018-09-16 13:12:08', 0),
(3055, 9, 8, '2018-09-16 13:12:09', 0),
(3056, 9, 10, '2018-09-16 13:12:09', 0),
(3057, 10, 6, '2018-09-16 13:12:10', 0),
(3058, 10, 7, '2018-09-16 13:12:11', 0),
(3059, 10, 8, '2018-09-16 13:12:11', 0),
(3060, 10, 9, '2018-09-16 13:12:12', 0),
(3061, 6, 7, '2018-09-17 13:12:02', 0),
(3062, 6, 8, '2018-09-17 13:12:02', 0),
(3063, 6, 9, '2018-09-17 13:12:03', 0),
(3064, 6, 10, '2018-09-17 13:12:03', 0),
(3065, 7, 6, '2018-09-17 13:12:04', 0),
(3066, 7, 8, '2018-09-17 13:12:05', 0),
(3067, 7, 9, '2018-09-17 13:12:05', 0),
(3068, 7, 10, '2018-09-17 13:12:06', 0),
(3069, 8, 6, '2018-09-17 13:12:06', 0),
(3070, 8, 7, '2018-09-17 13:12:07', 0),
(3071, 8, 9, '2018-09-17 13:12:07', 0),
(3072, 8, 10, '2018-09-17 13:12:08', 0),
(3073, 9, 6, '2018-09-17 13:12:08', 0),
(3074, 9, 7, '2018-09-17 13:12:09', 0),
(3075, 9, 8, '2018-09-17 13:12:09', 0),
(3076, 9, 10, '2018-09-17 13:12:10', 0),
(3077, 10, 6, '2018-09-17 13:12:10', 0),
(3078, 10, 7, '2018-09-17 13:12:11', 0),
(3079, 10, 8, '2018-09-17 13:12:12', 0),
(3080, 10, 9, '2018-09-17 13:12:12', 0),
(3081, 6, 7, '2018-09-18 13:12:02', 0),
(3082, 6, 8, '2018-09-18 13:12:02', 0),
(3083, 6, 9, '2018-09-18 13:12:03', 0),
(3084, 6, 10, '2018-09-18 13:12:03', 0),
(3085, 7, 6, '2018-09-18 13:12:04', 0),
(3086, 7, 8, '2018-09-18 13:12:04', 0),
(3087, 7, 9, '2018-09-18 13:12:05', 0),
(3088, 7, 10, '2018-09-18 13:12:06', 0),
(3089, 8, 6, '2018-09-18 13:12:06', 0),
(3090, 8, 7, '2018-09-18 13:12:07', 0),
(3091, 8, 9, '2018-09-18 13:12:07', 0),
(3092, 8, 10, '2018-09-18 13:12:08', 0),
(3093, 9, 6, '2018-09-18 13:12:08', 0),
(3094, 9, 7, '2018-09-18 13:12:09', 0),
(3095, 9, 8, '2018-09-18 13:12:09', 0),
(3096, 9, 10, '2018-09-18 13:12:10', 0),
(3097, 10, 6, '2018-09-18 13:12:10', 0),
(3098, 10, 7, '2018-09-18 13:12:11', 0),
(3099, 10, 8, '2018-09-18 13:12:11', 0),
(3100, 10, 9, '2018-09-18 13:12:12', 0),
(3101, 6, 7, '2018-09-19 13:12:02', 0),
(3102, 6, 8, '2018-09-19 13:12:02', 0),
(3103, 6, 9, '2018-09-19 13:12:03', 0),
(3104, 6, 10, '2018-09-19 13:12:03', 0),
(3105, 7, 6, '2018-09-19 13:12:04', 0),
(3106, 7, 8, '2018-09-19 13:12:05', 0),
(3107, 7, 9, '2018-09-19 13:12:05', 0),
(3108, 7, 10, '2018-09-19 13:12:06', 0),
(3109, 8, 6, '2018-09-19 13:12:06', 0),
(3110, 8, 7, '2018-09-19 13:12:07', 0),
(3111, 8, 9, '2018-09-19 13:12:07', 0),
(3112, 8, 10, '2018-09-19 13:12:08', 0),
(3113, 9, 6, '2018-09-19 13:12:08', 0),
(3114, 9, 7, '2018-09-19 13:12:09', 0),
(3115, 9, 8, '2018-09-19 13:12:09', 0),
(3116, 9, 10, '2018-09-19 13:12:10', 0),
(3117, 10, 6, '2018-09-19 13:12:10', 0),
(3118, 10, 7, '2018-09-19 13:12:11', 0),
(3119, 10, 8, '2018-09-19 13:12:11', 0),
(3120, 10, 9, '2018-09-19 13:12:12', 0),
(3121, 6, 7, '2018-09-20 13:12:03', 0),
(3122, 6, 8, '2018-09-20 13:12:03', 0),
(3123, 6, 9, '2018-09-20 13:12:04', 0),
(3124, 6, 10, '2018-09-20 13:12:04', 0),
(3125, 7, 6, '2018-09-20 13:12:05', 0),
(3126, 7, 8, '2018-09-20 13:12:05', 0),
(3127, 7, 9, '2018-09-20 13:12:06', 0),
(3128, 7, 10, '2018-09-20 13:12:06', 0),
(3129, 8, 6, '2018-09-20 13:12:07', 0),
(3130, 8, 7, '2018-09-20 13:12:08', 0),
(3131, 8, 9, '2018-09-20 13:12:09', 0),
(3132, 8, 10, '2018-09-20 13:12:09', 0),
(3133, 9, 6, '2018-09-20 13:12:10', 0),
(3134, 9, 7, '2018-09-20 13:12:10', 0),
(3135, 9, 8, '2018-09-20 13:12:11', 0),
(3136, 9, 10, '2018-09-20 13:12:11', 0),
(3137, 10, 6, '2018-09-20 13:12:12', 0),
(3138, 10, 7, '2018-09-20 13:12:12', 0),
(3139, 10, 8, '2018-09-20 13:12:13', 0),
(3140, 10, 9, '2018-09-20 13:12:13', 0),
(3141, 6, 7, '2018-09-21 13:12:02', 0),
(3142, 6, 8, '2018-09-21 13:12:02', 0),
(3143, 6, 9, '2018-09-21 13:12:03', 0),
(3144, 6, 10, '2018-09-21 13:12:03', 0),
(3145, 7, 6, '2018-09-21 13:12:04', 0),
(3146, 7, 8, '2018-09-21 13:12:05', 0),
(3147, 7, 9, '2018-09-21 13:12:05', 0),
(3148, 7, 10, '2018-09-21 13:12:06', 0),
(3149, 8, 6, '2018-09-21 13:12:06', 0),
(3150, 8, 7, '2018-09-21 13:12:07', 0);
INSERT INTO `waluty_notowania` (`id`, `id_waluta_pierwsza`, `id_waluta_druga`, `czas`, `cena`) VALUES
(3151, 8, 9, '2018-09-21 13:12:07', 0),
(3152, 8, 10, '2018-09-21 13:12:08', 0),
(3153, 9, 6, '2018-09-21 13:12:08', 0),
(3154, 9, 7, '2018-09-21 13:12:09', 0),
(3155, 9, 8, '2018-09-21 13:12:09', 0),
(3156, 9, 10, '2018-09-21 13:12:10', 0),
(3157, 10, 6, '2018-09-21 13:12:10', 0),
(3158, 10, 7, '2018-09-21 13:12:11', 0),
(3159, 10, 8, '2018-09-21 13:12:12', 0),
(3160, 10, 9, '2018-09-21 13:12:12', 0),
(3161, 6, 7, '2018-09-22 13:12:02', 0),
(3162, 6, 8, '2018-09-22 13:12:02', 0),
(3163, 6, 9, '2018-09-22 13:12:03', 0),
(3164, 6, 10, '2018-09-22 13:12:03', 0),
(3165, 7, 6, '2018-09-22 13:12:04', 0),
(3166, 7, 8, '2018-09-22 13:12:04', 0),
(3167, 7, 9, '2018-09-22 13:12:05', 0),
(3168, 7, 10, '2018-09-22 13:12:05', 0),
(3169, 8, 6, '2018-09-22 13:12:06', 0),
(3170, 8, 7, '2018-09-22 13:12:07', 0),
(3171, 8, 9, '2018-09-22 13:12:07', 0),
(3172, 8, 10, '2018-09-22 13:12:08', 0),
(3173, 9, 6, '2018-09-22 13:12:08', 0),
(3174, 9, 7, '2018-09-22 13:12:09', 0),
(3175, 9, 8, '2018-09-22 13:12:09', 0),
(3176, 9, 10, '2018-09-22 13:12:10', 0),
(3177, 10, 6, '2018-09-22 13:12:10', 0),
(3178, 10, 7, '2018-09-22 13:12:11', 0),
(3179, 10, 8, '2018-09-22 13:12:11', 0),
(3180, 10, 9, '2018-09-22 13:12:12', 0),
(3181, 6, 7, '2018-09-23 13:12:02', 0),
(3182, 6, 8, '2018-09-23 13:12:02', 0),
(3183, 6, 9, '2018-09-23 13:12:03', 0),
(3184, 6, 10, '2018-09-23 13:12:03', 0),
(3185, 7, 6, '2018-09-23 13:12:04', 0),
(3186, 7, 8, '2018-09-23 13:12:05', 0),
(3187, 7, 9, '2018-09-23 13:12:05', 0),
(3188, 7, 10, '2018-09-23 13:12:06', 0),
(3189, 8, 6, '2018-09-23 13:12:06', 0),
(3190, 8, 7, '2018-09-23 13:12:07', 0),
(3191, 8, 9, '2018-09-23 13:12:07', 0),
(3192, 8, 10, '2018-09-23 13:12:08', 0),
(3193, 9, 6, '2018-09-23 13:12:08', 0),
(3194, 9, 7, '2018-09-23 13:12:09', 0),
(3195, 9, 8, '2018-09-23 13:12:09', 0),
(3196, 9, 10, '2018-09-23 13:12:10', 0),
(3197, 10, 6, '2018-09-23 13:12:10', 0),
(3198, 10, 7, '2018-09-23 13:12:11', 0),
(3199, 10, 8, '2018-09-23 13:12:11', 0),
(3200, 10, 9, '2018-09-23 13:12:12', 0),
(3201, 6, 7, '2018-09-24 13:12:02', 0),
(3202, 6, 8, '2018-09-24 13:12:02', 0),
(3203, 6, 9, '2018-09-24 13:12:03', 0),
(3204, 6, 10, '2018-09-24 13:12:03', 0),
(3205, 7, 6, '2018-09-24 13:12:04', 0),
(3206, 7, 8, '2018-09-24 13:12:04', 0),
(3207, 7, 9, '2018-09-24 13:12:05', 0),
(3208, 7, 10, '2018-09-24 13:12:05', 0),
(3209, 8, 6, '2018-09-24 13:12:06', 0),
(3210, 8, 7, '2018-09-24 13:12:06', 0),
(3211, 8, 9, '2018-09-24 13:12:07', 0),
(3212, 8, 10, '2018-09-24 13:12:07', 0),
(3213, 9, 6, '2018-09-24 13:12:08', 0),
(3214, 9, 7, '2018-09-24 13:12:08', 0),
(3215, 9, 8, '2018-09-24 13:12:09', 0),
(3216, 9, 10, '2018-09-24 13:12:10', 0),
(3217, 10, 6, '2018-09-24 13:12:10', 0),
(3218, 10, 7, '2018-09-24 13:12:11', 0),
(3219, 10, 8, '2018-09-24 13:12:11', 0),
(3220, 10, 9, '2018-09-24 13:12:12', 0),
(3221, 6, 7, '2018-09-25 13:12:01', 0),
(3222, 6, 8, '2018-09-25 13:12:02', 0),
(3223, 6, 9, '2018-09-25 13:12:03', 0),
(3224, 6, 10, '2018-09-25 13:12:03', 0),
(3225, 7, 6, '2018-09-25 13:12:04', 0),
(3226, 7, 8, '2018-09-25 13:12:04', 0),
(3227, 7, 9, '2018-09-25 13:12:05', 0),
(3228, 7, 10, '2018-09-25 13:12:05', 0),
(3229, 8, 6, '2018-09-25 13:12:06', 0),
(3230, 8, 7, '2018-09-25 13:12:06', 0),
(3231, 8, 9, '2018-09-25 13:12:07', 0),
(3232, 8, 10, '2018-09-25 13:12:07', 0),
(3233, 9, 6, '2018-09-25 13:12:08', 0),
(3234, 9, 7, '2018-09-25 13:12:08', 0),
(3235, 9, 8, '2018-09-25 13:12:09', 0),
(3236, 9, 10, '2018-09-25 13:12:09', 0),
(3237, 10, 6, '2018-09-25 13:12:10', 0),
(3238, 10, 7, '2018-09-25 13:12:10', 0),
(3239, 10, 8, '2018-09-25 13:12:11', 0),
(3240, 10, 9, '2018-09-25 13:12:11', 0),
(3241, 6, 7, '2018-09-26 13:12:02', 0),
(3242, 6, 8, '2018-09-26 13:12:02', 0),
(3243, 6, 9, '2018-09-26 13:12:03', 0),
(3244, 6, 10, '2018-09-26 13:12:03', 0),
(3245, 7, 6, '2018-09-26 13:12:04', 0),
(3246, 7, 8, '2018-09-26 13:12:04', 0),
(3247, 7, 9, '2018-09-26 13:12:05', 0),
(3248, 7, 10, '2018-09-26 13:12:05', 0),
(3249, 8, 6, '2018-09-26 13:12:11', 0),
(3250, 8, 7, '2018-09-26 13:12:11', 0),
(3251, 8, 9, '2018-09-26 13:12:12', 0),
(3252, 8, 10, '2018-09-26 13:12:13', 0),
(3253, 9, 6, '2018-09-26 13:12:13', 0),
(3254, 9, 7, '2018-09-26 13:12:14', 0),
(3255, 9, 8, '2018-09-26 13:12:14', 0),
(3256, 9, 10, '2018-09-26 13:12:15', 0),
(3257, 10, 6, '2018-09-26 13:12:15', 0),
(3258, 10, 7, '2018-09-26 13:12:16', 0),
(3259, 10, 8, '2018-09-26 13:12:16', 0),
(3260, 10, 9, '2018-09-26 13:12:17', 0),
(3261, 6, 7, '2018-09-27 13:12:01', 0),
(3262, 6, 8, '2018-09-27 13:12:02', 0),
(3263, 6, 9, '2018-09-27 13:12:02', 0),
(3264, 6, 10, '2018-09-27 13:12:03', 0),
(3265, 7, 6, '2018-09-27 13:12:03', 0),
(3266, 7, 8, '2018-09-27 13:12:04', 0),
(3267, 7, 9, '2018-09-27 13:12:04', 0),
(3268, 7, 10, '2018-09-27 13:12:05', 0),
(3269, 8, 6, '2018-09-27 13:12:05', 0),
(3270, 8, 7, '2018-09-27 13:12:06', 0),
(3271, 8, 9, '2018-09-27 13:12:07', 0),
(3272, 8, 10, '2018-09-27 13:12:07', 0),
(3273, 9, 6, '2018-09-27 13:12:08', 0),
(3274, 9, 7, '2018-09-27 13:12:08', 0),
(3275, 9, 8, '2018-09-27 13:12:09', 0),
(3276, 9, 10, '2018-09-27 13:12:09', 0),
(3277, 10, 6, '2018-09-27 13:12:10', 0),
(3278, 10, 7, '2018-09-27 13:12:10', 0),
(3279, 10, 8, '2018-09-27 13:12:11', 0),
(3280, 10, 9, '2018-09-27 13:12:11', 0),
(3281, 6, 7, '2018-09-28 13:12:02', 0),
(3282, 6, 8, '2018-09-28 13:12:02', 0),
(3283, 6, 9, '2018-09-28 13:12:03', 0),
(3284, 6, 10, '2018-09-28 13:12:03', 0),
(3285, 7, 6, '2018-09-28 13:12:04', 0),
(3286, 7, 8, '2018-09-28 13:12:04', 0),
(3287, 7, 9, '2018-09-28 13:12:05', 0),
(3288, 7, 10, '2018-09-28 13:12:05', 0),
(3289, 8, 6, '2018-09-28 13:12:06', 0),
(3290, 8, 7, '2018-09-28 13:12:06', 0),
(3291, 8, 9, '2018-09-28 13:12:07', 0),
(3292, 8, 10, '2018-09-28 13:12:07', 0),
(3293, 9, 6, '2018-09-28 13:12:08', 0),
(3294, 9, 7, '2018-09-28 13:12:08', 0),
(3295, 9, 8, '2018-09-28 13:12:09', 0),
(3296, 9, 10, '2018-09-28 13:12:09', 0),
(3297, 10, 6, '2018-09-28 13:12:10', 0),
(3298, 10, 7, '2018-09-28 13:12:10', 0),
(3299, 10, 8, '2018-09-28 13:12:11', 0),
(3300, 10, 9, '2018-09-28 13:12:12', 0),
(3301, 6, 7, '2018-09-29 13:12:01', 0),
(3302, 6, 8, '2018-09-29 13:12:02', 0),
(3303, 6, 9, '2018-09-29 13:12:02', 0),
(3304, 6, 10, '2018-09-29 13:12:03', 0),
(3305, 7, 6, '2018-09-29 13:12:04', 0),
(3306, 7, 8, '2018-09-29 13:12:04', 0),
(3307, 7, 9, '2018-09-29 13:12:05', 0),
(3308, 7, 10, '2018-09-29 13:12:05', 0),
(3309, 8, 6, '2018-09-29 13:12:06', 0),
(3310, 8, 7, '2018-09-29 13:12:06', 0),
(3311, 8, 9, '2018-09-29 13:12:07', 0),
(3312, 8, 10, '2018-09-29 13:12:07', 0),
(3313, 9, 6, '2018-09-29 13:12:08', 0),
(3314, 9, 7, '2018-09-29 13:12:08', 0),
(3315, 9, 8, '2018-09-29 13:12:09', 0),
(3316, 9, 10, '2018-09-29 13:12:09', 0),
(3317, 10, 6, '2018-09-29 13:12:10', 0),
(3318, 10, 7, '2018-09-29 13:12:10', 0),
(3319, 10, 8, '2018-09-29 13:12:11', 0),
(3320, 10, 9, '2018-09-29 13:12:11', 0),
(3321, 6, 7, '2018-09-30 13:12:02', 0),
(3322, 6, 8, '2018-09-30 13:12:02', 0),
(3323, 6, 9, '2018-09-30 13:12:03', 0),
(3324, 6, 10, '2018-09-30 13:12:04', 0),
(3325, 7, 6, '2018-09-30 13:12:04', 0),
(3326, 7, 8, '2018-09-30 13:12:05', 0),
(3327, 7, 9, '2018-09-30 13:12:05', 0),
(3328, 7, 10, '2018-09-30 13:12:06', 0),
(3329, 8, 6, '2018-09-30 13:12:06', 0),
(3330, 8, 7, '2018-09-30 13:12:07', 0),
(3331, 8, 9, '2018-09-30 13:12:07', 0),
(3332, 8, 10, '2018-09-30 13:12:08', 0),
(3333, 9, 6, '2018-09-30 13:12:08', 0),
(3334, 9, 7, '2018-09-30 13:12:09', 0),
(3335, 9, 8, '2018-09-30 13:12:09', 0),
(3336, 9, 10, '2018-09-30 13:12:10', 0),
(3337, 10, 6, '2018-09-30 13:12:10', 0),
(3338, 10, 7, '2018-09-30 13:12:11', 0),
(3339, 10, 8, '2018-09-30 13:12:11', 0),
(3340, 10, 9, '2018-09-30 13:12:12', 0),
(3341, 6, 7, '2018-10-01 13:12:02', 0),
(3342, 6, 8, '2018-10-01 13:12:03', 0),
(3343, 6, 9, '2018-10-01 13:12:03', 0),
(3344, 6, 10, '2018-10-01 13:12:04', 0),
(3345, 7, 6, '2018-10-01 13:12:04', 0),
(3346, 7, 8, '2018-10-01 13:12:05', 0),
(3347, 7, 9, '2018-10-01 13:12:05', 0),
(3348, 7, 10, '2018-10-01 13:12:06', 0),
(3349, 8, 6, '2018-10-01 13:12:06', 0),
(3350, 8, 7, '2018-10-01 13:12:07', 0),
(3351, 8, 9, '2018-10-01 13:12:08', 0),
(3352, 8, 10, '2018-10-01 13:12:08', 0),
(3353, 9, 6, '2018-10-01 13:12:09', 0),
(3354, 9, 7, '2018-10-01 13:12:09', 0),
(3355, 9, 8, '2018-10-01 13:12:10', 0),
(3356, 9, 10, '2018-10-01 13:12:10', 0),
(3357, 10, 6, '2018-10-01 13:12:11', 0),
(3358, 10, 7, '2018-10-01 13:12:11', 0),
(3359, 10, 8, '2018-10-01 13:12:12', 0),
(3360, 10, 9, '2018-10-01 13:12:12', 0),
(3361, 6, 7, '2018-10-02 13:12:03', 0),
(3362, 6, 8, '2018-10-02 13:12:03', 0),
(3363, 6, 9, '2018-10-02 13:12:04', 0),
(3364, 6, 10, '2018-10-02 13:12:04', 0),
(3365, 7, 6, '2018-10-02 13:12:05', 0),
(3366, 7, 8, '2018-10-02 13:12:05', 0),
(3367, 7, 9, '2018-10-02 13:12:06', 0),
(3368, 7, 10, '2018-10-02 13:12:06', 0),
(3369, 8, 6, '2018-10-02 13:12:07', 0),
(3370, 8, 7, '2018-10-02 13:12:08', 0),
(3371, 8, 9, '2018-10-02 13:12:08', 0),
(3372, 8, 10, '2018-10-02 13:12:09', 0),
(3373, 9, 6, '2018-10-02 13:12:09', 0),
(3374, 9, 7, '2018-10-02 13:12:10', 0),
(3375, 9, 8, '2018-10-02 13:12:10', 0),
(3376, 9, 10, '2018-10-02 13:12:11', 0),
(3377, 10, 6, '2018-10-02 13:12:11', 0),
(3378, 10, 7, '2018-10-02 13:12:12', 0),
(3379, 10, 8, '2018-10-02 13:12:12', 0),
(3380, 10, 9, '2018-10-02 13:12:13', 0),
(3381, 6, 7, '2018-10-03 13:12:01', 0),
(3382, 6, 8, '2018-10-03 13:12:02', 0),
(3383, 6, 9, '2018-10-03 13:12:02', 0),
(3384, 6, 10, '2018-10-03 13:12:03', 0),
(3385, 7, 6, '2018-10-03 13:12:04', 0),
(3386, 7, 8, '2018-10-03 13:12:04', 0),
(3387, 7, 9, '2018-10-03 13:12:05', 0),
(3388, 7, 10, '2018-10-03 13:12:05', 0),
(3389, 8, 6, '2018-10-03 13:12:06', 0),
(3390, 8, 7, '2018-10-03 13:12:06', 0),
(3391, 8, 9, '2018-10-03 13:12:07', 0),
(3392, 8, 10, '2018-10-03 13:12:07', 0),
(3393, 9, 6, '2018-10-03 13:12:08', 0),
(3394, 9, 7, '2018-10-03 13:12:08', 0),
(3395, 9, 8, '2018-10-03 13:12:09', 0),
(3396, 9, 10, '2018-10-03 13:12:09', 0),
(3397, 10, 6, '2018-10-03 13:12:10', 0),
(3398, 10, 7, '2018-10-03 13:12:10', 0),
(3399, 10, 8, '2018-10-03 13:12:11', 0),
(3400, 10, 9, '2018-10-03 13:12:11', 0),
(3401, 6, 7, '2018-10-04 13:12:02', 0),
(3402, 6, 8, '2018-10-04 13:12:02', 0),
(3403, 6, 9, '2018-10-04 13:12:03', 0),
(3404, 6, 10, '2018-10-04 13:12:03', 0),
(3405, 7, 6, '2018-10-04 13:12:04', 0),
(3406, 7, 8, '2018-10-04 13:12:05', 0),
(3407, 7, 9, '2018-10-04 13:12:05', 0),
(3408, 7, 10, '2018-10-04 13:12:06', 0),
(3409, 8, 6, '2018-10-04 13:12:06', 0),
(3410, 8, 7, '2018-10-04 13:12:07', 0),
(3411, 8, 9, '2018-10-04 13:12:07', 0),
(3412, 8, 10, '2018-10-04 13:12:08', 0),
(3413, 9, 6, '2018-10-04 13:12:08', 0),
(3414, 9, 7, '2018-10-04 13:12:09', 0),
(3415, 9, 8, '2018-10-04 13:12:09', 0),
(3416, 9, 10, '2018-10-04 13:12:10', 0),
(3417, 10, 6, '2018-10-04 13:12:10', 0),
(3418, 10, 7, '2018-10-04 13:12:11', 0),
(3419, 10, 8, '2018-10-04 13:12:11', 0),
(3420, 10, 9, '2018-10-04 13:12:12', 0),
(3421, 6, 7, '2018-10-05 13:12:01', 0),
(3422, 6, 8, '2018-10-05 13:12:02', 0),
(3423, 6, 9, '2018-10-05 13:12:02', 0),
(3424, 6, 10, '2018-10-05 13:12:03', 0),
(3425, 7, 6, '2018-10-05 13:12:04', 0),
(3426, 7, 8, '2018-10-05 13:12:04', 0),
(3427, 7, 9, '2018-10-05 13:12:05', 0),
(3428, 7, 10, '2018-10-05 13:12:05', 0),
(3429, 8, 6, '2018-10-05 13:12:06', 0),
(3430, 8, 7, '2018-10-05 13:12:06', 0),
(3431, 8, 9, '2018-10-05 13:12:07', 0),
(3432, 8, 10, '2018-10-05 13:12:07', 0),
(3433, 9, 6, '2018-10-05 13:12:08', 0),
(3434, 9, 7, '2018-10-05 13:12:08', 0),
(3435, 9, 8, '2018-10-05 13:12:09', 0),
(3436, 9, 10, '2018-10-05 13:12:09', 0),
(3437, 10, 6, '2018-10-05 13:12:10', 0),
(3438, 10, 7, '2018-10-05 13:12:10', 0),
(3439, 10, 8, '2018-10-05 13:12:11', 0),
(3440, 10, 9, '2018-10-05 13:12:11', 0),
(3441, 6, 7, '2018-10-06 13:12:02', 0),
(3442, 6, 8, '2018-10-06 13:12:02', 0),
(3443, 6, 9, '2018-10-06 13:12:03', 0),
(3444, 6, 10, '2018-10-06 13:12:03', 0),
(3445, 7, 6, '2018-10-06 13:12:04', 0),
(3446, 7, 8, '2018-10-06 13:12:04', 0),
(3447, 7, 9, '2018-10-06 13:12:05', 0),
(3448, 7, 10, '2018-10-06 13:12:05', 0),
(3449, 8, 6, '2018-10-06 13:12:06', 0),
(3450, 8, 7, '2018-10-06 13:12:06', 0),
(3451, 8, 9, '2018-10-06 13:12:07', 0),
(3452, 8, 10, '2018-10-06 13:12:07', 0),
(3453, 9, 6, '2018-10-06 13:12:08', 0),
(3454, 9, 7, '2018-10-06 13:12:08', 0),
(3455, 9, 8, '2018-10-06 13:12:09', 0),
(3456, 9, 10, '2018-10-06 13:12:09', 0),
(3457, 10, 6, '2018-10-06 13:12:10', 0),
(3458, 10, 7, '2018-10-06 13:12:10', 0),
(3459, 10, 8, '2018-10-06 13:12:11', 0),
(3460, 10, 9, '2018-10-06 13:12:12', 0),
(3461, 6, 7, '2018-10-07 13:12:02', 0),
(3462, 6, 8, '2018-10-07 13:12:03', 0),
(3463, 6, 9, '2018-10-07 13:12:03', 0),
(3464, 6, 10, '2018-10-07 13:12:04', 0),
(3465, 7, 6, '2018-10-07 13:12:05', 0),
(3466, 7, 8, '2018-10-07 13:12:05', 0),
(3467, 7, 9, '2018-10-07 13:12:06', 0),
(3468, 7, 10, '2018-10-07 13:12:06', 0),
(3469, 8, 6, '2018-10-07 13:12:07', 0),
(3470, 8, 7, '2018-10-07 13:12:07', 0),
(3471, 8, 9, '2018-10-07 13:12:08', 0),
(3472, 8, 10, '2018-10-07 13:12:08', 0),
(3473, 9, 6, '2018-10-07 13:12:09', 0),
(3474, 9, 7, '2018-10-07 13:12:09', 0),
(3475, 9, 8, '2018-10-07 13:12:10', 0),
(3476, 9, 10, '2018-10-07 13:12:10', 0),
(3477, 10, 6, '2018-10-07 13:12:11', 0),
(3478, 10, 7, '2018-10-07 13:12:11', 0),
(3479, 10, 8, '2018-10-07 13:12:12', 0),
(3480, 10, 9, '2018-10-07 13:12:12', 0),
(3481, 6, 7, '2018-10-08 13:12:01', 0),
(3482, 6, 8, '2018-10-08 13:12:02', 0),
(3483, 6, 9, '2018-10-08 13:12:02', 0),
(3484, 6, 10, '2018-10-08 13:12:03', 0),
(3485, 7, 6, '2018-10-08 13:12:03', 0),
(3486, 7, 8, '2018-10-08 13:12:04', 0),
(3487, 7, 9, '2018-10-08 13:12:04', 0),
(3488, 7, 10, '2018-10-08 13:12:05', 0),
(3489, 8, 6, '2018-10-08 13:12:06', 0),
(3490, 8, 7, '2018-10-08 13:12:06', 0),
(3491, 8, 9, '2018-10-08 13:12:07', 0),
(3492, 8, 10, '2018-10-08 13:12:07', 0),
(3493, 9, 6, '2018-10-08 13:12:08', 0),
(3494, 9, 7, '2018-10-08 13:12:08', 0),
(3495, 9, 8, '2018-10-08 13:12:09', 0),
(3496, 9, 10, '2018-10-08 13:12:09', 0),
(3497, 10, 6, '2018-10-08 13:12:10', 0),
(3498, 10, 7, '2018-10-08 13:12:10', 0),
(3499, 10, 8, '2018-10-08 13:12:11', 0),
(3500, 10, 9, '2018-10-08 13:12:11', 0),
(3501, 6, 7, '2018-10-09 13:12:02', 0),
(3502, 6, 8, '2018-10-09 13:12:03', 0),
(3503, 6, 9, '2018-10-09 13:12:03', 0),
(3504, 6, 10, '2018-10-09 13:12:04', 0),
(3505, 7, 6, '2018-10-09 13:12:04', 0),
(3506, 7, 8, '2018-10-09 13:12:05', 0),
(3507, 7, 9, '2018-10-09 13:12:05', 0),
(3508, 7, 10, '2018-10-09 13:12:06', 0),
(3509, 8, 6, '2018-10-09 13:12:06', 0),
(3510, 8, 7, '2018-10-09 13:12:07', 0),
(3511, 8, 9, '2018-10-09 13:12:08', 0),
(3512, 8, 10, '2018-10-09 13:12:08', 0),
(3513, 9, 6, '2018-10-09 13:12:09', 0),
(3514, 9, 7, '2018-10-09 13:12:09', 0),
(3515, 9, 8, '2018-10-09 13:12:10', 0),
(3516, 9, 10, '2018-10-09 13:12:10', 0),
(3517, 10, 6, '2018-10-09 13:12:11', 0),
(3518, 10, 7, '2018-10-09 13:12:11', 0),
(3519, 10, 8, '2018-10-09 13:12:12', 0),
(3520, 10, 9, '2018-10-09 13:12:13', 0),
(3521, 6, 7, '2018-10-10 13:12:01', 0),
(3522, 6, 8, '2018-10-10 13:12:02', 0),
(3523, 6, 9, '2018-10-10 13:12:03', 0),
(3524, 6, 10, '2018-10-10 13:12:03', 0),
(3525, 7, 6, '2018-10-10 13:12:04', 0),
(3526, 7, 8, '2018-10-10 13:12:04', 0),
(3527, 7, 9, '2018-10-10 13:12:05', 0),
(3528, 7, 10, '2018-10-10 13:12:06', 0),
(3529, 8, 6, '2018-10-10 13:12:06', 0),
(3530, 8, 7, '2018-10-10 13:12:07', 0),
(3531, 8, 9, '2018-10-10 13:12:07', 0),
(3532, 8, 10, '2018-10-10 13:12:08', 0),
(3533, 9, 6, '2018-10-10 13:12:08', 0),
(3534, 9, 7, '2018-10-10 13:12:09', 0),
(3535, 9, 8, '2018-10-10 13:12:10', 0),
(3536, 9, 10, '2018-10-10 13:12:10', 0),
(3537, 10, 6, '2018-10-10 13:12:11', 0),
(3538, 10, 7, '2018-10-10 13:12:11', 0),
(3539, 10, 8, '2018-10-10 13:12:12', 0),
(3540, 10, 9, '2018-10-10 13:12:12', 0),
(3541, 6, 7, '2018-10-11 13:12:02', 0),
(3542, 6, 8, '2018-10-11 13:12:03', 0),
(3543, 6, 9, '2018-10-11 13:12:03', 0),
(3544, 6, 10, '2018-10-11 13:12:04', 0),
(3545, 7, 6, '2018-10-11 13:12:04', 0),
(3546, 7, 8, '2018-10-11 13:12:05', 0),
(3547, 7, 9, '2018-10-11 13:12:05', 0),
(3548, 7, 10, '2018-10-11 13:12:06', 0),
(3549, 8, 6, '2018-10-11 13:12:06', 0),
(3550, 8, 7, '2018-10-11 13:12:07', 0),
(3551, 8, 9, '2018-10-11 13:12:07', 0),
(3552, 8, 10, '2018-10-11 13:12:08', 0),
(3553, 9, 6, '2018-10-11 13:12:09', 0),
(3554, 9, 7, '2018-10-11 13:12:09', 0),
(3555, 9, 8, '2018-10-11 13:12:10', 0),
(3556, 9, 10, '2018-10-11 13:12:10', 0),
(3557, 10, 6, '2018-10-11 13:12:11', 0),
(3558, 10, 7, '2018-10-11 13:12:11', 0),
(3559, 10, 8, '2018-10-11 13:12:12', 0),
(3560, 10, 9, '2018-10-11 13:12:12', 0),
(3561, 6, 7, '2018-10-12 13:12:01', 0),
(3562, 6, 8, '2018-10-12 13:12:02', 0),
(3563, 6, 9, '2018-10-12 13:12:02', 0),
(3564, 6, 10, '2018-10-12 13:12:03', 0),
(3565, 7, 6, '2018-10-12 13:12:04', 0),
(3566, 7, 8, '2018-10-12 13:12:04', 0),
(3567, 7, 9, '2018-10-12 13:12:05', 0),
(3568, 7, 10, '2018-10-12 13:12:05', 0),
(3569, 8, 6, '2018-10-12 13:12:06', 0),
(3570, 8, 7, '2018-10-12 13:12:06', 0),
(3571, 8, 9, '2018-10-12 13:12:07', 0),
(3572, 8, 10, '2018-10-12 13:12:08', 0),
(3573, 9, 6, '2018-10-12 13:12:08', 0),
(3574, 9, 7, '2018-10-12 13:12:09', 0),
(3575, 9, 8, '2018-10-12 13:12:09', 0),
(3576, 9, 10, '2018-10-12 13:12:10', 0),
(3577, 10, 6, '2018-10-12 13:12:10', 0),
(3578, 10, 7, '2018-10-12 13:12:11', 0),
(3579, 10, 8, '2018-10-12 13:12:11', 0),
(3580, 10, 9, '2018-10-12 13:12:12', 0),
(3581, 6, 7, '2018-10-13 13:12:02', 0),
(3582, 6, 8, '2018-10-13 13:12:03', 0),
(3583, 6, 9, '2018-10-13 13:12:03', 0),
(3584, 6, 10, '2018-10-13 13:12:04', 0),
(3585, 7, 6, '2018-10-13 13:12:05', 0),
(3586, 7, 8, '2018-10-13 13:12:05', 0),
(3587, 7, 9, '2018-10-13 13:12:06', 0),
(3588, 7, 10, '2018-10-13 13:12:06', 0),
(3589, 8, 6, '2018-10-13 13:12:07', 0),
(3590, 8, 7, '2018-10-13 13:12:07', 0),
(3591, 8, 9, '2018-10-13 13:12:08', 0),
(3592, 8, 10, '2018-10-13 13:12:09', 0),
(3593, 9, 6, '2018-10-13 13:12:09', 0),
(3594, 9, 7, '2018-10-13 13:12:10', 0),
(3595, 9, 8, '2018-10-13 13:12:10', 0),
(3596, 9, 10, '2018-10-13 13:12:11', 0),
(3597, 10, 6, '2018-10-13 13:12:12', 0),
(3598, 10, 7, '2018-10-13 13:12:12', 0),
(3599, 10, 8, '2018-10-13 13:12:13', 0),
(3600, 10, 9, '2018-10-13 13:12:13', 0),
(3601, 6, 7, '2018-10-14 13:12:02', 0),
(3602, 6, 8, '2018-10-14 13:12:03', 0),
(3603, 6, 9, '2018-10-14 13:12:03', 0),
(3604, 6, 10, '2018-10-14 13:12:04', 0),
(3605, 7, 6, '2018-10-14 13:12:04', 0),
(3606, 7, 8, '2018-10-14 13:12:05', 0),
(3607, 7, 9, '2018-10-14 13:12:05', 0),
(3608, 7, 10, '2018-10-14 13:12:06', 0),
(3609, 8, 6, '2018-10-14 13:12:07', 0),
(3610, 8, 7, '2018-10-14 13:12:07', 0),
(3611, 8, 9, '2018-10-14 13:12:08', 0),
(3612, 8, 10, '2018-10-14 13:12:08', 0),
(3613, 9, 6, '2018-10-14 13:12:09', 0),
(3614, 9, 7, '2018-10-14 13:12:09', 0),
(3615, 9, 8, '2018-10-14 13:12:10', 0),
(3616, 9, 10, '2018-10-14 13:12:11', 0),
(3617, 10, 6, '2018-10-14 13:12:11', 0),
(3618, 10, 7, '2018-10-14 13:12:12', 0),
(3619, 10, 8, '2018-10-14 13:12:12', 0),
(3620, 10, 9, '2018-10-14 13:12:13', 0),
(3621, 6, 7, '2018-10-15 13:12:02', 0),
(3622, 6, 8, '2018-10-15 13:12:02', 0),
(3623, 6, 9, '2018-10-15 13:12:03', 0),
(3624, 6, 10, '2018-10-15 13:12:03', 0),
(3625, 7, 6, '2018-10-15 13:12:04', 0),
(3626, 7, 8, '2018-10-15 13:12:04', 0),
(3627, 7, 9, '2018-10-15 13:12:05', 0),
(3628, 7, 10, '2018-10-15 13:12:06', 0),
(3629, 8, 6, '2018-10-15 13:12:06', 0),
(3630, 8, 7, '2018-10-15 13:12:07', 0),
(3631, 8, 9, '2018-10-15 13:12:07', 0),
(3632, 8, 10, '2018-10-15 13:12:08', 0),
(3633, 9, 6, '2018-10-15 13:12:08', 0),
(3634, 9, 7, '2018-10-15 13:12:09', 0),
(3635, 9, 8, '2018-10-15 13:12:09', 0),
(3636, 9, 10, '2018-10-15 13:12:10', 0),
(3637, 10, 6, '2018-10-15 13:12:11', 0),
(3638, 10, 7, '2018-10-15 13:12:11', 0),
(3639, 10, 8, '2018-10-15 13:12:12', 0),
(3640, 10, 9, '2018-10-15 13:12:12', 0),
(3641, 6, 7, '2018-10-16 13:12:01', 0),
(3642, 6, 8, '2018-10-16 13:12:02', 0),
(3643, 6, 9, '2018-10-16 13:12:03', 0),
(3644, 6, 10, '2018-10-16 13:12:03', 0),
(3645, 7, 6, '2018-10-16 13:12:04', 0),
(3646, 7, 8, '2018-10-16 13:12:04', 0),
(3647, 7, 9, '2018-10-16 13:12:05', 0),
(3648, 7, 10, '2018-10-16 13:12:06', 0),
(3649, 8, 6, '2018-10-16 13:12:06', 0),
(3650, 8, 7, '2018-10-16 13:12:07', 0),
(3651, 8, 9, '2018-10-16 13:12:07', 0),
(3652, 8, 10, '2018-10-16 13:12:08', 0),
(3653, 9, 6, '2018-10-16 13:12:09', 0),
(3654, 9, 7, '2018-10-16 13:12:09', 0),
(3655, 9, 8, '2018-10-16 13:12:10', 0),
(3656, 9, 10, '2018-10-16 13:12:10', 0),
(3657, 10, 6, '2018-10-16 13:12:11', 0),
(3658, 10, 7, '2018-10-16 13:12:11', 0),
(3659, 10, 8, '2018-10-16 13:12:12', 0),
(3660, 10, 9, '2018-10-16 13:12:13', 0),
(3661, 6, 7, '2018-10-17 13:12:02', 0),
(3662, 6, 8, '2018-10-17 13:12:03', 0),
(3663, 6, 9, '2018-10-17 13:12:03', 0),
(3664, 6, 10, '2018-10-17 13:12:04', 0),
(3665, 7, 6, '2018-10-17 13:12:04', 0),
(3666, 7, 8, '2018-10-17 13:12:05', 0),
(3667, 7, 9, '2018-10-17 13:12:05', 0),
(3668, 7, 10, '2018-10-17 13:12:06', 0),
(3669, 8, 6, '2018-10-17 13:12:06', 0),
(3670, 8, 7, '2018-10-17 13:12:07', 0),
(3671, 8, 9, '2018-10-17 13:12:08', 0),
(3672, 8, 10, '2018-10-17 13:12:08', 0),
(3673, 9, 6, '2018-10-17 13:12:09', 0),
(3674, 9, 7, '2018-10-17 13:12:09', 0),
(3675, 9, 8, '2018-10-17 13:12:10', 0),
(3676, 9, 10, '2018-10-17 13:12:10', 0),
(3677, 10, 6, '2018-10-17 13:12:11', 0),
(3678, 10, 7, '2018-10-17 13:12:11', 0),
(3679, 10, 8, '2018-10-17 13:12:12', 0),
(3680, 10, 9, '2018-10-17 13:12:13', 0),
(3681, 6, 7, '2018-10-18 13:12:02', 0),
(3682, 6, 8, '2018-10-18 13:12:03', 0),
(3683, 6, 9, '2018-10-18 13:12:03', 0),
(3684, 6, 10, '2018-10-18 13:12:04', 0),
(3685, 7, 6, '2018-10-18 13:12:04', 0),
(3686, 7, 8, '2018-10-18 13:12:05', 0),
(3687, 7, 9, '2018-10-18 13:12:05', 0),
(3688, 7, 10, '2018-10-18 13:12:06', 0),
(3689, 8, 6, '2018-10-18 13:12:06', 0),
(3690, 8, 7, '2018-10-18 13:12:07', 0),
(3691, 8, 9, '2018-10-18 13:12:07', 0),
(3692, 8, 10, '2018-10-18 13:12:08', 0),
(3693, 9, 6, '2018-10-18 13:12:09', 0),
(3694, 9, 7, '2018-10-18 13:12:09', 0),
(3695, 9, 8, '2018-10-18 13:12:10', 0),
(3696, 9, 10, '2018-10-18 13:12:10', 0),
(3697, 10, 6, '2018-10-18 13:12:11', 0),
(3698, 10, 7, '2018-10-18 13:12:12', 0),
(3699, 10, 8, '2018-10-18 13:12:12', 0),
(3700, 10, 9, '2018-10-18 13:12:13', 0),
(3701, 6, 7, '2018-10-19 13:12:01', 0),
(3702, 6, 8, '2018-10-19 13:12:02', 0),
(3703, 6, 9, '2018-10-19 13:12:02', 0),
(3704, 6, 10, '2018-10-19 13:12:03', 0),
(3705, 7, 6, '2018-10-19 13:12:04', 0),
(3706, 7, 8, '2018-10-19 13:12:04', 0),
(3707, 7, 9, '2018-10-19 13:12:05', 0),
(3708, 7, 10, '2018-10-19 13:12:05', 0),
(3709, 8, 6, '2018-10-19 13:12:06', 0),
(3710, 8, 7, '2018-10-19 13:12:06', 0),
(3711, 8, 9, '2018-10-19 13:12:07', 0),
(3712, 8, 10, '2018-10-19 13:12:08', 0),
(3713, 9, 6, '2018-10-19 13:12:08', 0),
(3714, 9, 7, '2018-10-19 13:12:09', 0),
(3715, 9, 8, '2018-10-19 13:12:09', 0),
(3716, 9, 10, '2018-10-19 13:12:10', 0),
(3717, 10, 6, '2018-10-19 13:12:11', 0),
(3718, 10, 7, '2018-10-19 13:12:11', 0),
(3719, 10, 8, '2018-10-19 13:12:12', 0),
(3720, 10, 9, '2018-10-19 13:12:13', 0),
(3721, 6, 7, '2018-10-20 13:12:02', 0),
(3722, 6, 8, '2018-10-20 13:12:02', 0),
(3723, 6, 9, '2018-10-20 13:12:03', 0),
(3724, 6, 10, '2018-10-20 13:12:03', 0),
(3725, 7, 6, '2018-10-20 13:12:04', 0),
(3726, 7, 8, '2018-10-20 13:12:04', 0),
(3727, 7, 9, '2018-10-20 13:12:05', 0),
(3728, 7, 10, '2018-10-20 13:12:05', 0),
(3729, 8, 6, '2018-10-20 13:12:06', 0),
(3730, 8, 7, '2018-10-20 13:12:06', 0),
(3731, 8, 9, '2018-10-20 13:12:07', 0),
(3732, 8, 10, '2018-10-20 13:12:07', 0),
(3733, 9, 6, '2018-10-20 13:12:08', 0),
(3734, 9, 7, '2018-10-20 13:12:08', 0),
(3735, 9, 8, '2018-10-20 13:12:09', 0),
(3736, 9, 10, '2018-10-20 13:12:09', 0),
(3737, 10, 6, '2018-10-20 13:12:10', 0),
(3738, 10, 7, '2018-10-20 13:12:10', 0),
(3739, 10, 8, '2018-10-20 13:12:11', 0),
(3740, 10, 9, '2018-10-20 13:12:11', 0),
(3741, 6, 7, '2018-10-21 13:12:02', 0),
(3742, 6, 8, '2018-10-21 13:12:03', 0),
(3743, 6, 9, '2018-10-21 13:12:03', 0),
(3744, 6, 10, '2018-10-21 13:12:04', 0),
(3745, 7, 6, '2018-10-21 13:12:04', 0),
(3746, 7, 8, '2018-10-21 13:12:05', 0),
(3747, 7, 9, '2018-10-21 13:12:05', 0),
(3748, 7, 10, '2018-10-21 13:12:06', 0),
(3749, 8, 6, '2018-10-21 13:12:06', 0),
(3750, 8, 7, '2018-10-21 13:12:07', 0),
(3751, 8, 9, '2018-10-21 13:12:07', 0),
(3752, 8, 10, '2018-10-21 13:12:08', 0),
(3753, 9, 6, '2018-10-21 13:12:09', 0),
(3754, 9, 7, '2018-10-21 13:12:09', 0),
(3755, 9, 8, '2018-10-21 13:12:10', 0),
(3756, 9, 10, '2018-10-21 13:12:10', 0),
(3757, 10, 6, '2018-10-21 13:12:11', 0),
(3758, 10, 7, '2018-10-21 13:12:11', 0),
(3759, 10, 8, '2018-10-21 13:12:12', 0),
(3760, 10, 9, '2018-10-21 13:12:12', 0),
(3761, 6, 7, '2018-10-22 13:12:01', 0),
(3762, 6, 8, '2018-10-22 13:12:02', 0),
(3763, 6, 9, '2018-10-22 13:12:02', 0),
(3764, 6, 10, '2018-10-22 13:12:03', 0),
(3765, 7, 6, '2018-10-22 13:12:03', 0),
(3766, 7, 8, '2018-10-22 13:12:04', 0),
(3767, 7, 9, '2018-10-22 13:12:04', 0),
(3768, 7, 10, '2018-10-22 13:12:05', 0),
(3769, 8, 6, '2018-10-22 13:12:06', 0),
(3770, 8, 7, '2018-10-22 13:12:06', 0),
(3771, 8, 9, '2018-10-22 13:12:07', 0),
(3772, 8, 10, '2018-10-22 13:12:07', 0),
(3773, 9, 6, '2018-10-22 13:12:08', 0),
(3774, 9, 7, '2018-10-22 13:12:08', 0),
(3775, 9, 8, '2018-10-22 13:12:09', 0),
(3776, 9, 10, '2018-10-22 13:12:09', 0),
(3777, 10, 6, '2018-10-22 13:12:10', 0),
(3778, 10, 7, '2018-10-22 13:12:10', 0),
(3779, 10, 8, '2018-10-22 13:12:11', 0),
(3780, 10, 9, '2018-10-22 13:12:11', 0),
(3781, 6, 7, '2018-10-23 13:12:02', 0),
(3782, 6, 8, '2018-10-23 13:12:02', 0),
(3783, 6, 9, '2018-10-23 13:12:03', 0),
(3784, 6, 10, '2018-10-23 13:12:03', 0),
(3785, 7, 6, '2018-10-23 13:12:04', 0),
(3786, 7, 8, '2018-10-23 13:12:04', 0),
(3787, 7, 9, '2018-10-23 13:12:05', 0),
(3788, 7, 10, '2018-10-23 13:12:05', 0),
(3789, 8, 6, '2018-10-23 13:12:06', 0),
(3790, 8, 7, '2018-10-23 13:12:07', 0),
(3791, 8, 9, '2018-10-23 13:12:07', 0),
(3792, 8, 10, '2018-10-23 13:12:08', 0),
(3793, 9, 6, '2018-10-23 13:12:08', 0),
(3794, 9, 7, '2018-10-23 13:12:09', 0),
(3795, 9, 8, '2018-10-23 13:12:09', 0),
(3796, 9, 10, '2018-10-23 13:12:10', 0),
(3797, 10, 6, '2018-10-23 13:12:10', 0),
(3798, 10, 7, '2018-10-23 13:12:11', 0),
(3799, 10, 8, '2018-10-23 13:12:11', 0),
(3800, 10, 9, '2018-10-23 13:12:12', 0),
(3801, 6, 7, '2018-10-24 13:12:02', 0),
(3802, 6, 8, '2018-10-24 13:12:02', 0),
(3803, 6, 9, '2018-10-24 13:12:03', 0),
(3804, 6, 10, '2018-10-24 13:12:03', 0),
(3805, 7, 6, '2018-10-24 13:12:04', 0),
(3806, 7, 8, '2018-10-24 13:12:04', 0),
(3807, 7, 9, '2018-10-24 13:12:05', 0),
(3808, 7, 10, '2018-10-24 13:12:05', 0),
(3809, 8, 6, '2018-10-24 13:12:06', 0),
(3810, 8, 7, '2018-10-24 13:12:06', 0),
(3811, 8, 9, '2018-10-24 13:12:07', 0),
(3812, 8, 10, '2018-10-24 13:12:07', 0),
(3813, 9, 6, '2018-10-24 13:12:08', 0),
(3814, 9, 7, '2018-10-24 13:12:08', 0),
(3815, 9, 8, '2018-10-24 13:12:09', 0),
(3816, 9, 10, '2018-10-24 13:12:10', 0),
(3817, 10, 6, '2018-10-24 13:12:10', 0),
(3818, 10, 7, '2018-10-24 13:12:11', 0),
(3819, 10, 8, '2018-10-24 13:12:11', 0),
(3820, 10, 9, '2018-10-24 13:12:12', 0),
(3821, 6, 7, '2018-10-25 13:12:02', 0),
(3822, 6, 8, '2018-10-25 13:12:02', 0),
(3823, 6, 9, '2018-10-25 13:12:03', 0),
(3824, 6, 10, '2018-10-25 13:12:03', 0),
(3825, 7, 6, '2018-10-25 13:12:04', 0),
(3826, 7, 8, '2018-10-25 13:12:04', 0),
(3827, 7, 9, '2018-10-25 13:12:05', 0),
(3828, 7, 10, '2018-10-25 13:12:06', 0),
(3829, 8, 6, '2018-10-25 13:12:06', 0),
(3830, 8, 7, '2018-10-25 13:12:07', 0),
(3831, 8, 9, '2018-10-25 13:12:07', 0),
(3832, 8, 10, '2018-10-25 13:12:08', 0),
(3833, 9, 6, '2018-10-25 13:12:08', 0),
(3834, 9, 7, '2018-10-25 13:12:09', 0),
(3835, 9, 8, '2018-10-25 13:12:10', 0),
(3836, 9, 10, '2018-10-25 13:12:10', 0),
(3837, 10, 6, '2018-10-25 13:12:11', 0),
(3838, 10, 7, '2018-10-25 13:12:11', 0),
(3839, 10, 8, '2018-10-25 13:12:12', 0),
(3840, 10, 9, '2018-10-25 13:12:12', 0),
(3841, 6, 7, '2018-10-26 13:12:01', 0),
(3842, 6, 8, '2018-10-26 13:12:02', 0),
(3843, 6, 9, '2018-10-26 13:12:03', 0),
(3844, 6, 10, '2018-10-26 13:12:03', 0),
(3845, 7, 6, '2018-10-26 13:12:04', 0),
(3846, 7, 8, '2018-10-26 13:12:04', 0),
(3847, 7, 9, '2018-10-26 13:12:05', 0),
(3848, 7, 10, '2018-10-26 13:12:05', 0),
(3849, 8, 6, '2018-10-26 13:12:06', 0),
(3850, 8, 7, '2018-10-26 13:12:06', 0),
(3851, 8, 9, '2018-10-26 13:12:07', 0),
(3852, 8, 10, '2018-10-26 13:12:08', 0),
(3853, 9, 6, '2018-10-26 13:12:08', 0),
(3854, 9, 7, '2018-10-26 13:12:09', 0),
(3855, 9, 8, '2018-10-26 13:12:09', 0),
(3856, 9, 10, '2018-10-26 13:12:10', 0),
(3857, 10, 6, '2018-10-26 13:12:10', 0),
(3858, 10, 7, '2018-10-26 13:12:11', 0),
(3859, 10, 8, '2018-10-26 13:12:11', 0),
(3860, 10, 9, '2018-10-26 13:12:12', 0),
(3861, 6, 7, '2018-10-27 13:12:02', 0),
(3862, 6, 8, '2018-10-27 13:12:03', 0),
(3863, 6, 9, '2018-10-27 13:12:03', 0),
(3864, 6, 10, '2018-10-27 13:12:04', 0),
(3865, 7, 6, '2018-10-27 13:12:05', 0),
(3866, 7, 8, '2018-10-27 13:12:05', 0),
(3867, 7, 9, '2018-10-27 13:12:06', 0),
(3868, 7, 10, '2018-10-27 13:12:06', 0),
(3869, 8, 6, '2018-10-27 13:12:07', 0),
(3870, 8, 7, '2018-10-27 13:12:07', 0),
(3871, 8, 9, '2018-10-27 13:12:08', 0),
(3872, 8, 10, '2018-10-27 13:12:08', 0),
(3873, 9, 6, '2018-10-27 13:12:09', 0),
(3874, 9, 7, '2018-10-27 13:12:10', 0),
(3875, 9, 8, '2018-10-27 13:12:10', 0),
(3876, 9, 10, '2018-10-27 13:12:11', 0),
(3877, 10, 6, '2018-10-27 13:12:11', 0),
(3878, 10, 7, '2018-10-27 13:12:12', 0),
(3879, 10, 8, '2018-10-27 13:12:12', 0),
(3880, 10, 9, '2018-10-27 13:12:13', 0),
(3881, 6, 7, '2018-10-28 14:12:02', 0),
(3882, 6, 8, '2018-10-28 14:12:03', 0),
(3883, 6, 9, '2018-10-28 14:12:03', 0),
(3884, 6, 10, '2018-10-28 14:12:04', 0),
(3885, 7, 6, '2018-10-28 14:12:04', 0),
(3886, 7, 8, '2018-10-28 14:12:05', 0),
(3887, 7, 9, '2018-10-28 14:12:06', 0),
(3888, 7, 10, '2018-10-28 14:12:06', 0),
(3889, 8, 6, '2018-10-28 14:12:07', 0),
(3890, 8, 7, '2018-10-28 14:12:07', 0),
(3891, 8, 9, '2018-10-28 14:12:08', 0),
(3892, 8, 10, '2018-10-28 14:12:08', 0),
(3893, 9, 6, '2018-10-28 14:12:09', 0),
(3894, 9, 7, '2018-10-28 14:12:09', 0),
(3895, 9, 8, '2018-10-28 14:12:10', 0),
(3896, 9, 10, '2018-10-28 14:12:10', 0),
(3897, 10, 6, '2018-10-28 14:12:11', 0),
(3898, 10, 7, '2018-10-28 14:12:11', 0),
(3899, 10, 8, '2018-10-28 14:12:12', 0),
(3900, 10, 9, '2018-10-28 14:12:12', 0),
(3901, 6, 7, '2018-10-29 14:12:01', 0),
(3902, 6, 8, '2018-10-29 14:12:02', 0),
(3903, 6, 9, '2018-10-29 14:12:02', 0),
(3904, 6, 10, '2018-10-29 14:12:03', 0),
(3905, 7, 6, '2018-10-29 14:12:03', 0),
(3906, 7, 8, '2018-10-29 14:12:04', 0),
(3907, 7, 9, '2018-10-29 14:12:04', 0),
(3908, 7, 10, '2018-10-29 14:12:05', 0),
(3909, 8, 6, '2018-10-29 14:12:05', 0),
(3910, 8, 7, '2018-10-29 14:12:06', 0),
(3911, 8, 9, '2018-10-29 14:12:06', 0),
(3912, 8, 10, '2018-10-29 14:12:07', 0),
(3913, 9, 6, '2018-10-29 14:12:08', 0),
(3914, 9, 7, '2018-10-29 14:12:08', 0),
(3915, 9, 8, '2018-10-29 14:12:09', 0),
(3916, 9, 10, '2018-10-29 14:12:09', 0),
(3917, 10, 6, '2018-10-29 14:12:10', 0),
(3918, 10, 7, '2018-10-29 14:12:10', 0),
(3919, 10, 8, '2018-10-29 14:12:11', 0),
(3920, 10, 9, '2018-10-29 14:12:11', 0),
(3921, 6, 7, '2018-10-30 14:12:02', 0),
(3922, 6, 8, '2018-10-30 14:12:03', 0),
(3923, 6, 9, '2018-10-30 14:12:03', 0),
(3924, 6, 10, '2018-10-30 14:12:04', 0),
(3925, 7, 6, '2018-10-30 14:12:04', 0),
(3926, 7, 8, '2018-10-30 14:12:05', 0),
(3927, 7, 9, '2018-10-30 14:12:05', 0),
(3928, 7, 10, '2018-10-30 14:12:06', 0),
(3929, 8, 6, '2018-10-30 14:12:06', 0),
(3930, 8, 7, '2018-10-30 14:12:07', 0),
(3931, 8, 9, '2018-10-30 14:12:07', 0),
(3932, 8, 10, '2018-10-30 14:12:08', 0),
(3933, 9, 6, '2018-10-30 14:12:08', 0),
(3934, 9, 7, '2018-10-30 14:12:09', 0),
(3935, 9, 8, '2018-10-30 14:12:09', 0),
(3936, 9, 10, '2018-10-30 14:12:10', 0),
(3937, 10, 6, '2018-10-30 14:12:10', 0),
(3938, 10, 7, '2018-10-30 14:12:11', 0),
(3939, 10, 8, '2018-10-30 14:12:11', 0),
(3940, 10, 9, '2018-10-30 14:12:12', 0),
(3941, 6, 7, '2018-10-31 14:12:02', 0),
(3942, 6, 8, '2018-10-31 14:12:03', 0),
(3943, 6, 9, '2018-10-31 14:12:03', 0),
(3944, 6, 10, '2018-10-31 14:12:04', 0),
(3945, 7, 6, '2018-10-31 14:12:04', 0),
(3946, 7, 8, '2018-10-31 14:12:05', 0),
(3947, 7, 9, '2018-10-31 14:12:05', 0),
(3948, 7, 10, '2018-10-31 14:12:06', 0),
(3949, 8, 6, '2018-10-31 14:12:06', 0),
(3950, 8, 7, '2018-10-31 14:12:07', 0),
(3951, 8, 9, '2018-10-31 14:12:08', 0),
(3952, 8, 10, '2018-10-31 14:12:08', 0),
(3953, 9, 6, '2018-10-31 14:12:09', 0),
(3954, 9, 7, '2018-10-31 14:12:09', 0),
(3955, 9, 8, '2018-10-31 14:12:10', 0),
(3956, 9, 10, '2018-10-31 14:12:10', 0),
(3957, 10, 6, '2018-10-31 14:12:11', 0),
(3958, 10, 7, '2018-10-31 14:12:11', 0),
(3959, 10, 8, '2018-10-31 14:12:12', 0),
(3960, 10, 9, '2018-10-31 14:12:12', 0),
(3961, 6, 7, '2018-11-01 14:12:02', 0),
(3962, 6, 8, '2018-11-01 14:12:02', 0),
(3963, 6, 9, '2018-11-01 14:12:03', 0),
(3964, 6, 10, '2018-11-01 14:12:03', 0),
(3965, 7, 6, '2018-11-01 14:12:04', 0),
(3966, 7, 8, '2018-11-01 14:12:04', 0),
(3967, 7, 9, '2018-11-01 14:12:05', 0),
(3968, 7, 10, '2018-11-01 14:12:05', 0),
(3969, 8, 6, '2018-11-01 14:12:06', 0),
(3970, 8, 7, '2018-11-01 14:12:06', 0),
(3971, 8, 9, '2018-11-01 14:12:07', 0),
(3972, 8, 10, '2018-11-01 14:12:07', 0),
(3973, 9, 6, '2018-11-01 14:12:08', 0),
(3974, 9, 7, '2018-11-01 14:12:08', 0),
(3975, 9, 8, '2018-11-01 14:12:09', 0),
(3976, 9, 10, '2018-11-01 14:12:09', 0),
(3977, 10, 6, '2018-11-01 14:12:10', 0),
(3978, 10, 7, '2018-11-01 14:12:10', 0),
(3979, 10, 8, '2018-11-01 14:12:11', 0),
(3980, 10, 9, '2018-11-01 14:12:11', 0),
(3981, 6, 7, '2018-11-02 14:12:02', 0),
(3982, 6, 8, '2018-11-02 14:12:03', 0),
(3983, 6, 9, '2018-11-02 14:12:03', 0),
(3984, 6, 10, '2018-11-02 14:12:09', 0),
(3985, 7, 6, '2018-11-02 14:12:09', 0),
(3986, 7, 8, '2018-11-02 14:12:10', 0),
(3987, 7, 9, '2018-11-02 14:12:10', 0),
(3988, 7, 10, '2018-11-02 14:12:11', 0),
(3989, 8, 6, '2018-11-02 14:12:11', 0),
(3990, 8, 7, '2018-11-02 14:12:12', 0),
(3991, 8, 9, '2018-11-02 14:12:12', 0),
(3992, 8, 10, '2018-11-02 14:12:13', 0),
(3993, 9, 6, '2018-11-02 14:12:14', 0),
(3994, 9, 7, '2018-11-02 14:12:14', 0),
(3995, 9, 8, '2018-11-02 14:12:15', 0),
(3996, 9, 10, '2018-11-02 14:12:15', 0),
(3997, 10, 6, '2018-11-02 14:12:16', 0),
(3998, 10, 7, '2018-11-02 14:12:16', 0),
(3999, 10, 8, '2018-11-02 14:12:17', 0),
(4000, 10, 9, '2018-11-02 14:12:17', 0),
(4001, 6, 7, '2018-11-03 14:12:02', 0),
(4002, 6, 8, '2018-11-03 14:12:03', 0),
(4003, 6, 9, '2018-11-03 14:12:03', 0),
(4004, 6, 10, '2018-11-03 14:12:04', 0),
(4005, 7, 6, '2018-11-03 14:12:04', 0),
(4006, 7, 8, '2018-11-03 14:12:05', 0),
(4007, 7, 9, '2018-11-03 14:12:05', 0),
(4008, 7, 10, '2018-11-03 14:12:06', 0),
(4009, 8, 6, '2018-11-03 14:12:06', 0),
(4010, 8, 7, '2018-11-03 14:12:07', 0),
(4011, 8, 9, '2018-11-03 14:12:07', 0),
(4012, 8, 10, '2018-11-03 14:12:08', 0),
(4013, 9, 6, '2018-11-03 14:12:08', 0),
(4014, 9, 7, '2018-11-03 14:12:09', 0),
(4015, 9, 8, '2018-11-03 14:12:09', 0),
(4016, 9, 10, '2018-11-03 14:12:10', 0),
(4017, 10, 6, '2018-11-03 14:12:10', 0),
(4018, 10, 7, '2018-11-03 14:12:11', 0),
(4019, 10, 8, '2018-11-03 14:12:12', 0),
(4020, 10, 9, '2018-11-03 14:12:12', 0),
(4021, 6, 7, '2018-11-04 14:12:02', 0),
(4022, 6, 8, '2018-11-04 14:12:02', 0),
(4023, 6, 9, '2018-11-04 14:12:03', 0),
(4024, 6, 10, '2018-11-04 14:12:03', 0),
(4025, 7, 6, '2018-11-04 14:12:04', 0),
(4026, 7, 8, '2018-11-04 14:12:04', 0),
(4027, 7, 9, '2018-11-04 14:12:05', 0),
(4028, 7, 10, '2018-11-04 14:12:05', 0),
(4029, 8, 6, '2018-11-04 14:12:06', 0),
(4030, 8, 7, '2018-11-04 14:12:06', 0),
(4031, 8, 9, '2018-11-04 14:12:07', 0),
(4032, 8, 10, '2018-11-04 14:12:07', 0),
(4033, 9, 6, '2018-11-04 14:12:08', 0),
(4034, 9, 7, '2018-11-04 14:12:08', 0),
(4035, 9, 8, '2018-11-04 14:12:09', 0),
(4036, 9, 10, '2018-11-04 14:12:09', 0),
(4037, 10, 6, '2018-11-04 14:12:10', 0),
(4038, 10, 7, '2018-11-04 14:12:11', 0),
(4039, 10, 8, '2018-11-04 14:12:11', 0),
(4040, 10, 9, '2018-11-04 14:12:12', 0),
(4041, 6, 7, '2018-11-05 14:12:02', 0),
(4042, 6, 8, '2018-11-05 14:12:02', 0),
(4043, 6, 9, '2018-11-05 14:12:03', 0),
(4044, 6, 10, '2018-11-05 14:12:03', 0),
(4045, 7, 6, '2018-11-05 14:12:04', 0),
(4046, 7, 8, '2018-11-05 14:12:04', 0),
(4047, 7, 9, '2018-11-05 14:12:05', 0),
(4048, 7, 10, '2018-11-05 14:12:05', 0),
(4049, 8, 6, '2018-11-05 14:12:06', 0),
(4050, 8, 7, '2018-11-05 14:12:06', 0),
(4051, 8, 9, '2018-11-05 14:12:07', 0),
(4052, 8, 10, '2018-11-05 14:12:07', 0),
(4053, 9, 6, '2018-11-05 14:12:08', 0),
(4054, 9, 7, '2018-11-05 14:12:08', 0),
(4055, 9, 8, '2018-11-05 14:12:09', 0),
(4056, 9, 10, '2018-11-05 14:12:09', 0),
(4057, 10, 6, '2018-11-05 14:12:10', 0),
(4058, 10, 7, '2018-11-05 14:12:10', 0),
(4059, 10, 8, '2018-11-05 14:12:11', 0),
(4060, 10, 9, '2018-11-05 14:12:11', 0),
(4061, 6, 7, '2018-11-06 14:12:02', 0),
(4062, 6, 8, '2018-11-06 14:12:02', 0),
(4063, 6, 9, '2018-11-06 14:12:03', 0),
(4064, 6, 10, '2018-11-06 14:12:03', 0),
(4065, 7, 6, '2018-11-06 14:12:04', 0),
(4066, 7, 8, '2018-11-06 14:12:04', 0),
(4067, 7, 9, '2018-11-06 14:12:05', 0),
(4068, 7, 10, '2018-11-06 14:12:05', 0),
(4069, 8, 6, '2018-11-06 14:12:06', 0),
(4070, 8, 7, '2018-11-06 14:12:07', 0),
(4071, 8, 9, '2018-11-06 14:12:07', 0),
(4072, 8, 10, '2018-11-06 14:12:08', 0),
(4073, 9, 6, '2018-11-06 14:12:08', 0),
(4074, 9, 7, '2018-11-06 14:12:09', 0),
(4075, 9, 8, '2018-11-06 14:12:09', 0),
(4076, 9, 10, '2018-11-06 14:12:10', 0),
(4077, 10, 6, '2018-11-06 14:12:10', 0),
(4078, 10, 7, '2018-11-06 14:12:11', 0),
(4079, 10, 8, '2018-11-06 14:12:11', 0),
(4080, 10, 9, '2018-11-06 14:12:12', 0),
(4081, 6, 7, '2018-11-07 14:12:02', 0),
(4082, 6, 8, '2018-11-07 14:12:02', 0),
(4083, 6, 9, '2018-11-07 14:12:03', 0),
(4084, 6, 10, '2018-11-07 14:12:03', 0),
(4085, 7, 6, '2018-11-07 14:12:04', 0),
(4086, 7, 8, '2018-11-07 14:12:04', 0),
(4087, 7, 9, '2018-11-07 14:12:05', 0),
(4088, 7, 10, '2018-11-07 14:12:05', 0),
(4089, 8, 6, '2018-11-07 14:12:06', 0),
(4090, 8, 7, '2018-11-07 14:12:06', 0),
(4091, 8, 9, '2018-11-07 14:12:07', 0),
(4092, 8, 10, '2018-11-07 14:12:07', 0),
(4093, 9, 6, '2018-11-07 14:12:08', 0),
(4094, 9, 7, '2018-11-07 14:12:08', 0),
(4095, 9, 8, '2018-11-07 14:12:09', 0),
(4096, 9, 10, '2018-11-07 14:12:09', 0),
(4097, 10, 6, '2018-11-07 14:12:10', 0),
(4098, 10, 7, '2018-11-07 14:12:10', 0),
(4099, 10, 8, '2018-11-07 14:12:11', 0),
(4100, 10, 9, '2018-11-07 14:12:11', 0),
(4101, 6, 7, '2018-11-08 14:12:02', 0),
(4102, 6, 8, '2018-11-08 14:12:03', 0),
(4103, 6, 9, '2018-11-08 14:12:03', 0),
(4104, 6, 10, '2018-11-08 14:12:04', 0),
(4105, 7, 6, '2018-11-08 14:12:04', 0),
(4106, 7, 8, '2018-11-08 14:12:05', 0),
(4107, 7, 9, '2018-11-08 14:12:05', 0),
(4108, 7, 10, '2018-11-08 14:12:06', 0),
(4109, 8, 6, '2018-11-08 14:12:06', 0),
(4110, 8, 7, '2018-11-08 14:12:07', 0),
(4111, 8, 9, '2018-11-08 14:12:07', 0),
(4112, 8, 10, '2018-11-08 14:12:08', 0),
(4113, 9, 6, '2018-11-08 14:12:08', 0),
(4114, 9, 7, '2018-11-08 14:12:09', 0),
(4115, 9, 8, '2018-11-08 14:12:09', 0),
(4116, 9, 10, '2018-11-08 14:12:10', 0),
(4117, 10, 6, '2018-11-08 14:12:10', 0),
(4118, 10, 7, '2018-11-08 14:12:11', 0),
(4119, 10, 8, '2018-11-08 14:12:12', 0),
(4120, 10, 9, '2018-11-08 14:12:12', 0),
(4121, 6, 7, '2018-11-09 14:12:02', 0),
(4122, 6, 8, '2018-11-09 14:12:03', 0),
(4123, 6, 9, '2018-11-09 14:12:03', 0),
(4124, 6, 10, '2018-11-09 14:12:04', 0),
(4125, 7, 6, '2018-11-09 14:12:04', 0),
(4126, 7, 8, '2018-11-09 14:12:10', 0),
(4127, 7, 9, '2018-11-09 14:12:10', 0),
(4128, 7, 10, '2018-11-09 14:12:11', 0),
(4129, 8, 6, '2018-11-09 14:12:11', 0),
(4130, 8, 7, '2018-11-09 14:12:12', 0),
(4131, 8, 9, '2018-11-09 14:12:12', 0),
(4132, 8, 10, '2018-11-09 14:12:13', 0),
(4133, 9, 6, '2018-11-09 14:12:13', 0),
(4134, 9, 7, '2018-11-09 14:12:14', 0),
(4135, 9, 8, '2018-11-09 14:12:14', 0),
(4136, 9, 10, '2018-11-09 14:12:15', 0),
(4137, 10, 6, '2018-11-09 14:12:20', 0),
(4138, 10, 7, '2018-11-09 14:12:21', 0),
(4139, 10, 8, '2018-11-09 14:12:21', 0),
(4140, 10, 9, '2018-11-09 14:12:22', 0),
(4141, 6, 7, '2018-11-10 14:12:02', 0),
(4142, 6, 8, '2018-11-10 14:12:02', 0),
(4143, 6, 9, '2018-11-10 14:12:03', 0),
(4144, 6, 10, '2018-11-10 14:12:03', 0),
(4145, 7, 6, '2018-11-10 14:12:04', 0),
(4146, 7, 8, '2018-11-10 14:12:04', 0),
(4147, 7, 9, '2018-11-10 14:12:05', 0),
(4148, 7, 10, '2018-11-10 14:12:05', 0),
(4149, 8, 6, '2018-11-10 14:12:06', 0),
(4150, 8, 7, '2018-11-10 14:12:06', 0),
(4151, 8, 9, '2018-11-10 14:12:07', 0),
(4152, 8, 10, '2018-11-10 14:12:07', 0),
(4153, 9, 6, '2018-11-10 14:12:08', 0),
(4154, 9, 7, '2018-11-10 14:12:08', 0),
(4155, 9, 8, '2018-11-10 14:12:09', 0),
(4156, 9, 10, '2018-11-10 14:12:09', 0),
(4157, 10, 6, '2018-11-10 14:12:10', 0),
(4158, 10, 7, '2018-11-10 14:12:10', 0),
(4159, 10, 8, '2018-11-10 14:12:11', 0),
(4160, 10, 9, '2018-11-10 14:12:11', 0),
(4161, 6, 7, '2018-11-11 14:12:01', 0),
(4162, 6, 8, '2018-11-11 14:12:02', 0),
(4163, 6, 9, '2018-11-11 14:12:02', 0),
(4164, 6, 10, '2018-11-11 14:12:03', 0),
(4165, 7, 6, '2018-11-11 14:12:04', 0),
(4166, 7, 8, '2018-11-11 14:12:04', 0),
(4167, 7, 9, '2018-11-11 14:12:05', 0),
(4168, 7, 10, '2018-11-11 14:12:05', 0),
(4169, 8, 6, '2018-11-11 14:12:06', 0),
(4170, 8, 7, '2018-11-11 14:12:06', 0),
(4171, 8, 9, '2018-11-11 14:12:07', 0),
(4172, 8, 10, '2018-11-11 14:12:07', 0),
(4173, 9, 6, '2018-11-11 14:12:08', 0),
(4174, 9, 7, '2018-11-11 14:12:09', 0),
(4175, 9, 8, '2018-11-11 14:12:09', 0),
(4176, 9, 10, '2018-11-11 14:12:10', 0),
(4177, 10, 6, '2018-11-11 14:12:10', 0),
(4178, 10, 7, '2018-11-11 14:12:11', 0),
(4179, 10, 8, '2018-11-11 14:12:11', 0),
(4180, 10, 9, '2018-11-11 14:12:12', 0),
(4181, 6, 7, '2018-11-12 14:12:02', 0),
(4182, 6, 8, '2018-11-12 14:12:02', 0),
(4183, 6, 9, '2018-11-12 14:12:03', 0),
(4184, 6, 10, '2018-11-12 14:12:04', 0),
(4185, 7, 6, '2018-11-12 14:12:04', 0),
(4186, 7, 8, '2018-11-12 14:12:05', 0),
(4187, 7, 9, '2018-11-12 14:12:05', 0),
(4188, 7, 10, '2018-11-12 14:12:06', 0),
(4189, 8, 6, '2018-11-12 14:12:06', 0),
(4190, 8, 7, '2018-11-12 14:12:07', 0),
(4191, 8, 9, '2018-11-12 14:12:07', 0),
(4192, 8, 10, '2018-11-12 14:12:08', 0),
(4193, 9, 6, '2018-11-12 14:12:08', 0),
(4194, 9, 7, '2018-11-12 14:12:09', 0),
(4195, 9, 8, '2018-11-12 14:12:09', 0),
(4196, 9, 10, '2018-11-12 14:12:10', 0),
(4197, 10, 6, '2018-11-12 14:12:10', 0),
(4198, 10, 7, '2018-11-12 14:12:11', 0),
(4199, 10, 8, '2018-11-12 14:12:11', 0),
(4200, 10, 9, '2018-11-12 14:12:12', 0),
(4201, 6, 7, '2018-11-13 14:12:02', 0),
(4202, 6, 8, '2018-11-13 14:12:02', 0),
(4203, 6, 9, '2018-11-13 14:12:03', 0),
(4204, 6, 10, '2018-11-13 14:12:03', 0),
(4205, 7, 6, '2018-11-13 14:12:04', 0),
(4206, 7, 8, '2018-11-13 14:12:04', 0),
(4207, 7, 9, '2018-11-13 14:12:05', 0),
(4208, 7, 10, '2018-11-13 14:12:06', 0),
(4209, 8, 6, '2018-11-13 14:12:06', 0),
(4210, 8, 7, '2018-11-13 14:12:07', 0),
(4211, 8, 9, '2018-11-13 14:12:07', 0),
(4212, 8, 10, '2018-11-13 14:12:08', 0),
(4213, 9, 6, '2018-11-13 14:12:08', 0),
(4214, 9, 7, '2018-11-13 14:12:09', 0),
(4215, 9, 8, '2018-11-13 14:12:09', 0),
(4216, 9, 10, '2018-11-13 14:12:10', 0),
(4217, 10, 6, '2018-11-13 14:12:10', 0),
(4218, 10, 7, '2018-11-13 14:12:11', 0),
(4219, 10, 8, '2018-11-13 14:12:11', 0),
(4220, 10, 9, '2018-11-13 14:12:12', 0),
(4221, 6, 7, '2018-11-14 14:12:01', 0),
(4222, 6, 8, '2018-11-14 14:12:02', 0),
(4223, 6, 9, '2018-11-14 14:12:02', 0),
(4224, 6, 10, '2018-11-14 14:12:03', 0),
(4225, 7, 6, '2018-11-14 14:12:04', 0),
(4226, 7, 8, '2018-11-14 14:12:04', 0),
(4227, 7, 9, '2018-11-14 14:12:05', 0),
(4228, 7, 10, '2018-11-14 14:12:05', 0),
(4229, 8, 6, '2018-11-14 14:12:06', 0),
(4230, 8, 7, '2018-11-14 14:12:06', 0),
(4231, 8, 9, '2018-11-14 14:12:07', 0),
(4232, 8, 10, '2018-11-14 14:12:07', 0),
(4233, 9, 6, '2018-11-14 14:12:08', 0),
(4234, 9, 7, '2018-11-14 14:12:08', 0),
(4235, 9, 8, '2018-11-14 14:12:09', 0),
(4236, 9, 10, '2018-11-14 14:12:09', 0),
(4237, 10, 6, '2018-11-14 14:12:10', 0),
(4238, 10, 7, '2018-11-14 14:12:10', 0),
(4239, 10, 8, '2018-11-14 14:12:11', 0),
(4240, 10, 9, '2018-11-14 14:12:11', 0),
(4241, 6, 7, '2018-11-15 14:12:02', 0),
(4242, 6, 8, '2018-11-15 14:12:02', 0),
(4243, 6, 9, '2018-11-15 14:12:03', 0),
(4244, 6, 10, '2018-11-15 14:12:03', 0),
(4245, 7, 6, '2018-11-15 14:12:04', 0),
(4246, 7, 8, '2018-11-15 14:12:05', 0),
(4247, 7, 9, '2018-11-15 14:12:05', 0),
(4248, 7, 10, '2018-11-15 14:12:06', 0),
(4249, 8, 6, '2018-11-15 14:12:06', 0),
(4250, 8, 7, '2018-11-15 14:12:07', 0),
(4251, 8, 9, '2018-11-15 14:12:07', 0),
(4252, 8, 10, '2018-11-15 14:12:08', 0),
(4253, 9, 6, '2018-11-15 14:12:08', 0),
(4254, 9, 7, '2018-11-15 14:12:09', 0),
(4255, 9, 8, '2018-11-15 14:12:09', 0),
(4256, 9, 10, '2018-11-15 14:12:10', 0),
(4257, 10, 6, '2018-11-15 14:12:10', 0),
(4258, 10, 7, '2018-11-15 14:12:11', 0),
(4259, 10, 8, '2018-11-15 14:12:11', 0),
(4260, 10, 9, '2018-11-15 14:12:12', 0),
(4261, 6, 7, '2018-11-16 14:12:02', 0),
(4262, 6, 8, '2018-11-16 14:12:02', 0),
(4263, 6, 9, '2018-11-16 14:12:03', 0),
(4264, 6, 10, '2018-11-16 14:12:03', 0),
(4265, 7, 6, '2018-11-16 14:12:04', 0),
(4266, 7, 8, '2018-11-16 14:12:04', 0),
(4267, 7, 9, '2018-11-16 14:12:05', 0),
(4268, 7, 10, '2018-11-16 14:12:05', 0),
(4269, 8, 6, '2018-11-16 14:12:06', 0),
(4270, 8, 7, '2018-11-16 14:12:06', 0),
(4271, 8, 9, '2018-11-16 14:12:07', 0),
(4272, 8, 10, '2018-11-16 14:12:07', 0),
(4273, 9, 6, '2018-11-16 14:12:08', 0),
(4274, 9, 7, '2018-11-16 14:12:08', 0),
(4275, 9, 8, '2018-11-16 14:12:09', 0),
(4276, 9, 10, '2018-11-16 14:12:09', 0),
(4277, 10, 6, '2018-11-16 14:12:10', 0),
(4278, 10, 7, '2018-11-16 14:12:10', 0),
(4279, 10, 8, '2018-11-16 14:12:11', 0),
(4280, 10, 9, '2018-11-16 14:12:12', 0),
(4281, 6, 7, '2018-11-17 14:12:02', 0),
(4282, 6, 8, '2018-11-17 14:12:03', 0),
(4283, 6, 9, '2018-11-17 14:12:03', 0),
(4284, 6, 10, '2018-11-17 14:12:04', 0),
(4285, 7, 6, '2018-11-17 14:12:04', 0),
(4286, 7, 8, '2018-11-17 14:12:05', 0),
(4287, 7, 9, '2018-11-17 14:12:05', 0),
(4288, 7, 10, '2018-11-17 14:12:06', 0),
(4289, 8, 6, '2018-11-17 14:12:06', 0),
(4290, 8, 7, '2018-11-17 14:12:07', 0),
(4291, 8, 9, '2018-11-17 14:12:07', 0),
(4292, 8, 10, '2018-11-17 14:12:08', 0),
(4293, 9, 6, '2018-11-17 14:12:09', 0),
(4294, 9, 7, '2018-11-17 14:12:09', 0),
(4295, 9, 8, '2018-11-17 14:12:10', 0),
(4296, 9, 10, '2018-11-17 14:12:10', 0),
(4297, 10, 6, '2018-11-17 14:12:11', 0),
(4298, 10, 7, '2018-11-17 14:12:11', 0),
(4299, 10, 8, '2018-11-17 14:12:12', 0),
(4300, 10, 9, '2018-11-17 14:12:12', 0),
(4301, 6, 7, '2018-11-18 14:12:02', 0),
(4302, 6, 8, '2018-11-18 14:12:03', 0),
(4303, 6, 9, '2018-11-18 14:12:04', 0),
(4304, 6, 10, '2018-11-18 14:12:04', 0),
(4305, 7, 6, '2018-11-18 14:12:05', 0),
(4306, 7, 8, '2018-11-18 14:12:06', 0),
(4307, 7, 9, '2018-11-18 14:12:06', 0),
(4308, 7, 10, '2018-11-18 14:12:07', 0),
(4309, 8, 6, '2018-11-18 14:12:07', 0),
(4310, 8, 7, '2018-11-18 14:12:08', 0),
(4311, 8, 9, '2018-11-18 14:12:08', 0),
(4312, 8, 10, '2018-11-18 14:12:09', 0),
(4313, 9, 6, '2018-11-18 14:12:09', 0),
(4314, 9, 7, '2018-11-18 14:12:10', 0),
(4315, 9, 8, '2018-11-18 14:12:10', 0),
(4316, 9, 10, '2018-11-18 14:12:11', 0),
(4317, 10, 6, '2018-11-18 14:12:11', 0),
(4318, 10, 7, '2018-11-18 14:12:12', 0),
(4319, 10, 8, '2018-11-18 14:12:12', 0),
(4320, 10, 9, '2018-11-18 14:12:13', 0),
(4321, 6, 7, '2018-11-19 14:12:01', 0),
(4322, 6, 8, '2018-11-19 14:12:02', 0),
(4323, 6, 9, '2018-11-19 14:12:02', 0),
(4324, 6, 10, '2018-11-19 14:12:03', 0),
(4325, 7, 6, '2018-11-19 14:12:03', 0),
(4326, 7, 8, '2018-11-19 14:12:04', 0),
(4327, 7, 9, '2018-11-19 14:12:04', 0),
(4328, 7, 10, '2018-11-19 14:12:05', 0),
(4329, 8, 6, '2018-11-19 14:12:06', 0),
(4330, 8, 7, '2018-11-19 14:12:06', 0),
(4331, 8, 9, '2018-11-19 14:12:07', 0),
(4332, 8, 10, '2018-11-19 14:12:07', 0),
(4333, 9, 6, '2018-11-19 14:12:08', 0),
(4334, 9, 7, '2018-11-19 14:12:08', 0),
(4335, 9, 8, '2018-11-19 14:12:09', 0),
(4336, 9, 10, '2018-11-19 14:12:09', 0),
(4337, 10, 6, '2018-11-19 14:12:10', 0),
(4338, 10, 7, '2018-11-19 14:12:10', 0),
(4339, 10, 8, '2018-11-19 14:12:11', 0),
(4340, 10, 9, '2018-11-19 14:12:11', 0),
(4341, 6, 7, '2018-11-20 14:12:01', 0),
(4342, 6, 8, '2018-11-20 14:12:02', 0),
(4343, 6, 9, '2018-11-20 14:12:02', 0),
(4344, 6, 10, '2018-11-20 14:12:03', 0),
(4345, 7, 6, '2018-11-20 14:12:03', 0),
(4346, 7, 8, '2018-11-20 14:12:04', 0),
(4347, 7, 9, '2018-11-20 14:12:04', 0),
(4348, 7, 10, '2018-11-20 14:12:05', 0),
(4349, 8, 6, '2018-11-20 14:12:05', 0),
(4350, 8, 7, '2018-11-20 14:12:06', 0),
(4351, 8, 9, '2018-11-20 14:12:06', 0),
(4352, 8, 10, '2018-11-20 14:12:07', 0),
(4353, 9, 6, '2018-11-20 14:12:08', 0),
(4354, 9, 7, '2018-11-20 14:12:08', 0),
(4355, 9, 8, '2018-11-20 14:12:09', 0),
(4356, 9, 10, '2018-11-20 14:12:09', 0),
(4357, 10, 6, '2018-11-20 14:12:10', 0),
(4358, 10, 7, '2018-11-20 14:12:10', 0),
(4359, 10, 8, '2018-11-20 14:12:11', 0),
(4360, 10, 9, '2018-11-20 14:12:11', 0),
(4361, 6, 7, '2018-11-21 14:12:02', 0),
(4362, 6, 8, '2018-11-21 14:12:02', 0),
(4363, 6, 9, '2018-11-21 14:12:03', 0),
(4364, 6, 10, '2018-11-21 14:12:03', 0),
(4365, 7, 6, '2018-11-21 14:12:04', 0),
(4366, 7, 8, '2018-11-21 14:12:04', 0),
(4367, 7, 9, '2018-11-21 14:12:05', 0),
(4368, 7, 10, '2018-11-21 14:12:05', 0),
(4369, 8, 6, '2018-11-21 14:12:06', 0),
(4370, 8, 7, '2018-11-21 14:12:06', 0),
(4371, 8, 9, '2018-11-21 14:12:07', 0),
(4372, 8, 10, '2018-11-21 14:12:07', 0),
(4373, 9, 6, '2018-11-21 14:12:08', 0),
(4374, 9, 7, '2018-11-21 14:12:08', 0),
(4375, 9, 8, '2018-11-21 14:12:09', 0),
(4376, 9, 10, '2018-11-21 14:12:09', 0),
(4377, 10, 6, '2018-11-21 14:12:10', 0),
(4378, 10, 7, '2018-11-21 14:12:10', 0),
(4379, 10, 8, '2018-11-21 14:12:11', 0),
(4380, 10, 9, '2018-11-21 14:12:12', 0),
(4381, 6, 7, '2018-11-22 14:12:02', 0),
(4382, 6, 8, '2018-11-22 14:12:02', 0),
(4383, 6, 9, '2018-11-22 14:12:03', 0),
(4384, 6, 10, '2018-11-22 14:12:03', 0),
(4385, 7, 6, '2018-11-22 14:12:04', 0),
(4386, 7, 8, '2018-11-22 14:12:04', 0),
(4387, 7, 9, '2018-11-22 14:12:05', 0),
(4388, 7, 10, '2018-11-22 14:12:05', 0),
(4389, 8, 6, '2018-11-22 14:12:06', 0),
(4390, 8, 7, '2018-11-22 14:12:06', 0),
(4391, 8, 9, '2018-11-22 14:12:07', 0),
(4392, 8, 10, '2018-11-22 14:12:07', 0),
(4393, 9, 6, '2018-11-22 14:12:08', 0),
(4394, 9, 7, '2018-11-22 14:12:08', 0),
(4395, 9, 8, '2018-11-22 14:12:09', 0),
(4396, 9, 10, '2018-11-22 14:12:09', 0),
(4397, 10, 6, '2018-11-22 14:12:10', 0),
(4398, 10, 7, '2018-11-22 14:12:10', 0),
(4399, 10, 8, '2018-11-22 14:12:11', 0),
(4400, 10, 9, '2018-11-22 14:12:11', 0),
(4401, 6, 7, '2018-11-23 14:12:01', 0),
(4402, 6, 8, '2018-11-23 14:12:02', 0),
(4403, 6, 9, '2018-11-23 14:12:02', 0),
(4404, 6, 10, '2018-11-23 14:12:03', 0),
(4405, 7, 6, '2018-11-23 14:12:03', 0),
(4406, 7, 8, '2018-11-23 14:12:04', 0),
(4407, 7, 9, '2018-11-23 14:12:04', 0),
(4408, 7, 10, '2018-11-23 14:12:05', 0),
(4409, 8, 6, '2018-11-23 14:12:05', 0),
(4410, 8, 7, '2018-11-23 14:12:06', 0),
(4411, 8, 9, '2018-11-23 14:12:06', 0),
(4412, 8, 10, '2018-11-23 14:12:07', 0),
(4413, 9, 6, '2018-11-23 14:12:07', 0),
(4414, 9, 7, '2018-11-23 14:12:08', 0),
(4415, 9, 8, '2018-11-23 14:12:08', 0),
(4416, 9, 10, '2018-11-23 14:12:09', 0),
(4417, 10, 6, '2018-11-23 14:12:09', 0),
(4418, 10, 7, '2018-11-23 14:12:10', 0),
(4419, 10, 8, '2018-11-23 14:12:10', 0),
(4420, 10, 9, '2018-11-23 14:12:11', 0),
(4421, 6, 7, '2018-11-24 14:12:02', 0),
(4422, 6, 8, '2018-11-24 14:12:03', 0),
(4423, 6, 9, '2018-11-24 14:12:03', 0),
(4424, 6, 10, '2018-11-24 14:12:04', 0),
(4425, 7, 6, '2018-11-24 14:12:04', 0),
(4426, 7, 8, '2018-11-24 14:12:04', 0),
(4427, 7, 9, '2018-11-24 14:12:05', 0),
(4428, 7, 10, '2018-11-24 14:12:05', 0),
(4429, 8, 6, '2018-11-24 14:12:06', 0),
(4430, 8, 7, '2018-11-24 14:12:07', 0),
(4431, 8, 9, '2018-11-24 14:12:07', 0),
(4432, 8, 10, '2018-11-24 14:12:08', 0),
(4433, 9, 6, '2018-11-24 14:12:08', 0),
(4434, 9, 7, '2018-11-24 14:12:09', 0),
(4435, 9, 8, '2018-11-24 14:12:09', 0),
(4436, 9, 10, '2018-11-24 14:12:10', 0),
(4437, 10, 6, '2018-11-24 14:12:10', 0),
(4438, 10, 7, '2018-11-24 14:12:11', 0),
(4439, 10, 8, '2018-11-24 14:12:11', 0),
(4440, 10, 9, '2018-11-24 14:12:12', 0),
(4441, 6, 7, '2018-11-25 14:12:02', 0),
(4442, 6, 8, '2018-11-25 14:12:02', 0),
(4443, 6, 9, '2018-11-25 14:12:03', 0),
(4444, 6, 10, '2018-11-25 14:12:03', 0),
(4445, 7, 6, '2018-11-25 14:12:04', 0),
(4446, 7, 8, '2018-11-25 14:12:04', 0),
(4447, 7, 9, '2018-11-25 14:12:05', 0),
(4448, 7, 10, '2018-11-25 14:12:05', 0),
(4449, 8, 6, '2018-11-25 14:12:06', 0);
INSERT INTO `waluty_notowania` (`id`, `id_waluta_pierwsza`, `id_waluta_druga`, `czas`, `cena`) VALUES
(4450, 8, 7, '2018-11-25 14:12:06', 0),
(4451, 8, 9, '2018-11-25 14:12:07', 0),
(4452, 8, 10, '2018-11-25 14:12:07', 0),
(4453, 9, 6, '2018-11-25 14:12:08', 0),
(4454, 9, 7, '2018-11-25 14:12:08', 0),
(4455, 9, 8, '2018-11-25 14:12:09', 0),
(4456, 9, 10, '2018-11-25 14:12:09', 0),
(4457, 10, 6, '2018-11-25 14:12:10', 0),
(4458, 10, 7, '2018-11-25 14:12:10', 0),
(4459, 10, 8, '2018-11-25 14:12:11', 0),
(4460, 10, 9, '2018-11-25 14:12:11', 0),
(4461, 6, 7, '2018-11-26 14:12:02', 0),
(4462, 6, 8, '2018-11-26 14:12:02', 0),
(4463, 6, 9, '2018-11-26 14:12:03', 0),
(4464, 6, 10, '2018-11-26 14:12:03', 0),
(4465, 7, 6, '2018-11-26 14:12:04', 0),
(4466, 7, 8, '2018-11-26 14:12:04', 0),
(4467, 7, 9, '2018-11-26 14:12:05', 0),
(4468, 7, 10, '2018-11-26 14:12:05', 0),
(4469, 8, 6, '2018-11-26 14:12:06', 0),
(4470, 8, 7, '2018-11-26 14:12:06', 0),
(4471, 8, 9, '2018-11-26 14:12:07', 0),
(4472, 8, 10, '2018-11-26 14:12:07', 0),
(4473, 9, 6, '2018-11-26 14:12:08', 0),
(4474, 9, 7, '2018-11-26 14:12:08', 0),
(4475, 9, 8, '2018-11-26 14:12:09', 0),
(4476, 9, 10, '2018-11-26 14:12:09', 0),
(4477, 10, 6, '2018-11-26 14:12:10', 0),
(4478, 10, 7, '2018-11-26 14:12:10', 0),
(4479, 10, 8, '2018-11-26 14:12:11', 0),
(4480, 10, 9, '2018-11-26 14:12:11', 0),
(4481, 6, 7, '2018-11-27 14:12:01', 0),
(4482, 6, 8, '2018-11-27 14:12:02', 0),
(4483, 6, 9, '2018-11-27 14:12:02', 0),
(4484, 6, 10, '2018-11-27 14:12:03', 0),
(4485, 7, 6, '2018-11-27 14:12:03', 0),
(4486, 7, 8, '2018-11-27 14:12:04', 0),
(4487, 7, 9, '2018-11-27 14:12:04', 0),
(4488, 7, 10, '2018-11-27 14:12:05', 0),
(4489, 8, 6, '2018-11-27 14:12:05', 0),
(4490, 8, 7, '2018-11-27 14:12:06', 0),
(4491, 8, 9, '2018-11-27 14:12:07', 0),
(4492, 8, 10, '2018-11-27 14:12:07', 0),
(4493, 9, 6, '2018-11-27 14:12:08', 0),
(4494, 9, 7, '2018-11-27 14:12:08', 0),
(4495, 9, 8, '2018-11-27 14:12:09', 0),
(4496, 9, 10, '2018-11-27 14:12:09', 0),
(4497, 10, 6, '2018-11-27 14:12:10', 0),
(4498, 10, 7, '2018-11-27 14:12:10', 0),
(4499, 10, 8, '2018-11-27 14:12:11', 0),
(4500, 10, 9, '2018-11-27 14:12:11', 0),
(4501, 6, 7, '2018-11-28 14:12:02', 0),
(4502, 6, 8, '2018-11-28 14:12:02', 0),
(4503, 6, 9, '2018-11-28 14:12:03', 0),
(4504, 6, 10, '2018-11-28 14:12:04', 0),
(4505, 7, 6, '2018-11-28 14:12:04', 0),
(4506, 7, 8, '2018-11-28 14:12:05', 0),
(4507, 7, 9, '2018-11-28 14:12:05', 0),
(4508, 7, 10, '2018-11-28 14:12:06', 0),
(4509, 8, 6, '2018-11-28 14:12:06', 0),
(4510, 8, 7, '2018-11-28 14:12:07', 0),
(4511, 8, 9, '2018-11-28 14:12:07', 0),
(4512, 8, 10, '2018-11-28 14:12:08', 0),
(4513, 9, 6, '2018-11-28 14:12:08', 0),
(4514, 9, 7, '2018-11-28 14:12:09', 0),
(4515, 9, 8, '2018-11-28 14:12:09', 0),
(4516, 9, 10, '2018-11-28 14:12:10', 0),
(4517, 10, 6, '2018-11-28 14:12:10', 0),
(4518, 10, 7, '2018-11-28 14:12:11', 0),
(4519, 10, 8, '2018-11-28 14:12:11', 0),
(4520, 10, 9, '2018-11-28 14:12:12', 0),
(4521, 6, 7, '2018-11-29 14:12:02', 0),
(4522, 6, 8, '2018-11-29 14:12:03', 0),
(4523, 6, 9, '2018-11-29 14:12:03', 0),
(4524, 6, 10, '2018-11-29 14:12:04', 0),
(4525, 7, 6, '2018-11-29 14:12:04', 0),
(4526, 7, 8, '2018-11-29 14:12:05', 0),
(4527, 7, 9, '2018-11-29 14:12:05', 0),
(4528, 7, 10, '2018-11-29 14:12:06', 0),
(4529, 8, 6, '2018-11-29 14:12:06', 0),
(4530, 8, 7, '2018-11-29 14:12:07', 0),
(4531, 8, 9, '2018-11-29 14:12:07', 0),
(4532, 8, 10, '2018-11-29 14:12:08', 0),
(4533, 9, 6, '2018-11-29 14:12:08', 0),
(4534, 9, 7, '2018-11-29 14:12:09', 0),
(4535, 9, 8, '2018-11-29 14:12:09', 0),
(4536, 9, 10, '2018-11-29 14:12:10', 0),
(4537, 10, 6, '2018-11-29 14:12:10', 0),
(4538, 10, 7, '2018-11-29 14:12:11', 0),
(4539, 10, 8, '2018-11-29 14:12:11', 0),
(4540, 10, 9, '2018-11-29 14:12:12', 0),
(4541, 6, 7, '2018-11-30 14:12:02', 0),
(4542, 6, 8, '2018-11-30 14:12:03', 0),
(4543, 6, 9, '2018-11-30 14:12:03', 0),
(4544, 6, 10, '2018-11-30 14:12:04', 0),
(4545, 7, 6, '2018-11-30 14:12:04', 0),
(4546, 7, 8, '2018-11-30 14:12:05', 0),
(4547, 7, 9, '2018-11-30 14:12:05', 0),
(4548, 7, 10, '2018-11-30 14:12:05', 0),
(4549, 8, 6, '2018-11-30 14:12:06', 0),
(4550, 8, 7, '2018-11-30 14:12:07', 0),
(4551, 8, 9, '2018-11-30 14:12:07', 0),
(4552, 8, 10, '2018-11-30 14:12:08', 0),
(4553, 9, 6, '2018-11-30 14:12:08', 0),
(4554, 9, 7, '2018-11-30 14:12:08', 0),
(4555, 9, 8, '2018-11-30 14:12:09', 0),
(4556, 9, 10, '2018-11-30 14:12:09', 0),
(4557, 10, 6, '2018-11-30 14:12:10', 0),
(4558, 10, 7, '2018-11-30 14:12:10', 0),
(4559, 10, 8, '2018-11-30 14:12:11', 0),
(4560, 10, 9, '2018-11-30 14:12:11', 0),
(4561, 6, 7, '2018-12-01 14:12:02', 0),
(4562, 6, 8, '2018-12-01 14:12:02', 0),
(4563, 6, 9, '2018-12-01 14:12:03', 0),
(4564, 6, 10, '2018-12-01 14:12:04', 0),
(4565, 7, 6, '2018-12-01 14:12:04', 0),
(4566, 7, 8, '2018-12-01 14:12:05', 0),
(4567, 7, 9, '2018-12-01 14:12:05', 0),
(4568, 7, 10, '2018-12-01 14:12:06', 0),
(4569, 8, 6, '2018-12-01 14:12:06', 0),
(4570, 8, 7, '2018-12-01 14:12:07', 0),
(4571, 8, 9, '2018-12-01 14:12:07', 0),
(4572, 8, 10, '2018-12-01 14:12:08', 0),
(4573, 9, 6, '2018-12-01 14:12:08', 0),
(4574, 9, 7, '2018-12-01 14:12:09', 0),
(4575, 9, 8, '2018-12-01 14:12:09', 0),
(4576, 9, 10, '2018-12-01 14:12:10', 0),
(4577, 10, 6, '2018-12-01 14:12:10', 0),
(4578, 10, 7, '2018-12-01 14:12:11', 0),
(4579, 10, 8, '2018-12-01 14:12:11', 0),
(4580, 10, 9, '2018-12-01 14:12:12', 0),
(4581, 6, 7, '2018-12-02 14:12:02', 0),
(4582, 6, 8, '2018-12-02 14:12:02', 0),
(4583, 6, 9, '2018-12-02 14:12:03', 0),
(4584, 6, 10, '2018-12-02 14:12:03', 0),
(4585, 7, 6, '2018-12-02 14:12:04', 0),
(4586, 7, 8, '2018-12-02 14:12:04', 0),
(4587, 7, 9, '2018-12-02 14:12:05', 0),
(4588, 7, 10, '2018-12-02 14:12:05', 0),
(4589, 8, 6, '2018-12-02 14:12:06', 0),
(4590, 8, 7, '2018-12-02 14:12:06', 0),
(4591, 8, 9, '2018-12-02 14:12:07', 0),
(4592, 8, 10, '2018-12-02 14:12:07', 0),
(4593, 9, 6, '2018-12-02 14:12:08', 0),
(4594, 9, 7, '2018-12-02 14:12:08', 0),
(4595, 9, 8, '2018-12-02 14:12:09', 0),
(4596, 9, 10, '2018-12-02 14:12:09', 0),
(4597, 10, 6, '2018-12-02 14:12:10', 0),
(4598, 10, 7, '2018-12-02 14:12:10', 0),
(4599, 10, 8, '2018-12-02 14:12:11', 0),
(4600, 10, 9, '2018-12-02 14:12:11', 0),
(4601, 6, 7, '2018-12-03 14:12:01', 0),
(4602, 6, 8, '2018-12-03 14:12:02', 0),
(4603, 6, 9, '2018-12-03 14:12:03', 0),
(4604, 6, 10, '2018-12-03 14:12:03', 0),
(4605, 7, 6, '2018-12-03 14:12:04', 0),
(4606, 7, 8, '2018-12-03 14:12:04', 0),
(4607, 7, 9, '2018-12-03 14:12:05', 0),
(4608, 7, 10, '2018-12-03 14:12:05', 0),
(4609, 8, 6, '2018-12-03 14:12:06', 0),
(4610, 8, 7, '2018-12-03 14:12:07', 0),
(4611, 8, 9, '2018-12-03 14:12:07', 0),
(4612, 8, 10, '2018-12-03 14:12:08', 0),
(4613, 9, 6, '2018-12-03 14:12:08', 0),
(4614, 9, 7, '2018-12-03 14:12:09', 0),
(4615, 9, 8, '2018-12-03 14:12:09', 0),
(4616, 9, 10, '2018-12-03 14:12:10', 0),
(4617, 10, 6, '2018-12-03 14:12:10', 0),
(4618, 10, 7, '2018-12-03 14:12:11', 0),
(4619, 10, 8, '2018-12-03 14:12:11', 0),
(4620, 10, 9, '2018-12-03 14:12:12', 0),
(4621, 6, 7, '2018-12-04 14:12:02', 0),
(4622, 6, 8, '2018-12-04 14:12:02', 0),
(4623, 6, 9, '2018-12-04 14:12:03', 0),
(4624, 6, 10, '2018-12-04 14:12:03', 0),
(4625, 7, 6, '2018-12-04 14:12:04', 0),
(4626, 7, 8, '2018-12-04 14:12:04', 0),
(4627, 7, 9, '2018-12-04 14:12:05', 0),
(4628, 7, 10, '2018-12-04 14:12:05', 0),
(4629, 8, 6, '2018-12-04 14:12:06', 0),
(4630, 8, 7, '2018-12-04 14:12:06', 0),
(4631, 8, 9, '2018-12-04 14:12:07', 0),
(4632, 8, 10, '2018-12-04 14:12:07', 0),
(4633, 9, 6, '2018-12-04 14:12:08', 0),
(4634, 9, 7, '2018-12-04 14:12:08', 0),
(4635, 9, 8, '2018-12-04 14:12:09', 0),
(4636, 9, 10, '2018-12-04 14:12:09', 0),
(4637, 10, 6, '2018-12-04 14:12:10', 0),
(4638, 10, 7, '2018-12-04 14:12:10', 0),
(4639, 10, 8, '2018-12-04 14:12:11', 0),
(4640, 10, 9, '2018-12-04 14:12:11', 0),
(4641, 6, 7, '2018-12-05 14:12:02', 0),
(4642, 6, 8, '2018-12-05 14:12:08', 0),
(4643, 6, 9, '2018-12-05 14:12:09', 0),
(4644, 6, 10, '2018-12-05 14:12:09', 0),
(4645, 7, 6, '2018-12-05 14:12:09', 0),
(4646, 7, 8, '2018-12-05 14:12:10', 0),
(4647, 7, 9, '2018-12-05 14:12:10', 0),
(4648, 7, 10, '2018-12-05 14:12:11', 0),
(4649, 8, 6, '2018-12-05 14:12:11', 0),
(4650, 8, 7, '2018-12-05 14:12:12', 0),
(4651, 8, 9, '2018-12-05 14:12:12', 0),
(4652, 8, 10, '2018-12-05 14:12:13', 0),
(4653, 9, 6, '2018-12-05 14:12:14', 0),
(4654, 9, 7, '2018-12-05 14:12:14', 0),
(4655, 9, 8, '2018-12-05 14:12:14', 0),
(4656, 9, 10, '2018-12-05 14:12:15', 0),
(4657, 10, 6, '2018-12-05 14:12:15', 0),
(4658, 10, 7, '2018-12-05 14:12:16', 0),
(4659, 10, 8, '2018-12-05 14:12:17', 0),
(4660, 10, 9, '2018-12-05 14:12:17', 0),
(4661, 6, 7, '2018-12-06 14:12:02', 0),
(4662, 6, 8, '2018-12-06 14:12:03', 0),
(4663, 6, 9, '2018-12-06 14:12:03', 0),
(4664, 6, 10, '2018-12-06 14:12:03', 0),
(4665, 7, 6, '2018-12-06 14:12:04', 0),
(4666, 7, 8, '2018-12-06 14:12:05', 0),
(4667, 7, 9, '2018-12-06 14:12:05', 0),
(4668, 7, 10, '2018-12-06 14:12:06', 0),
(4669, 8, 6, '2018-12-06 14:12:06', 0),
(4670, 8, 7, '2018-12-06 14:12:07', 0),
(4671, 8, 9, '2018-12-06 14:12:07', 0),
(4672, 8, 10, '2018-12-06 14:12:08', 0),
(4673, 9, 6, '2018-12-06 14:12:08', 0),
(4674, 9, 7, '2018-12-06 14:12:09', 0),
(4675, 9, 8, '2018-12-06 14:12:09', 0),
(4676, 9, 10, '2018-12-06 14:12:10', 0),
(4677, 10, 6, '2018-12-06 14:12:10', 0),
(4678, 10, 7, '2018-12-06 14:12:11', 0),
(4679, 10, 8, '2018-12-06 14:12:11', 0),
(4680, 10, 9, '2018-12-06 14:12:12', 0),
(4681, 6, 7, '2018-12-07 14:12:01', 0),
(4682, 6, 8, '2018-12-07 14:12:02', 0),
(4683, 6, 9, '2018-12-07 14:12:02', 0),
(4684, 6, 10, '2018-12-07 14:12:03', 0),
(4685, 7, 6, '2018-12-07 14:12:03', 0),
(4686, 7, 8, '2018-12-07 14:12:04', 0),
(4687, 7, 9, '2018-12-07 14:12:04', 0),
(4688, 7, 10, '2018-12-07 14:12:05', 0),
(4689, 8, 6, '2018-12-07 14:12:05', 0),
(4690, 8, 7, '2018-12-07 14:12:06', 0),
(4691, 8, 9, '2018-12-07 14:12:06', 0),
(4692, 8, 10, '2018-12-07 14:12:07', 0),
(4693, 9, 6, '2018-12-07 14:12:07', 0),
(4694, 9, 7, '2018-12-07 14:12:08', 0),
(4695, 9, 8, '2018-12-07 14:12:08', 0),
(4696, 9, 10, '2018-12-07 14:12:09', 0),
(4697, 10, 6, '2018-12-07 14:12:09', 0),
(4698, 10, 7, '2018-12-07 14:12:10', 0),
(4699, 10, 8, '2018-12-07 14:12:10', 0),
(4700, 10, 9, '2018-12-07 14:12:11', 0),
(4701, 6, 7, '2018-12-08 14:12:02', 0),
(4702, 6, 8, '2018-12-08 14:12:02', 0),
(4703, 6, 9, '2018-12-08 14:12:03', 0),
(4704, 6, 10, '2018-12-08 14:12:03', 0),
(4705, 7, 6, '2018-12-08 14:12:04', 0),
(4706, 7, 8, '2018-12-08 14:12:04', 0),
(4707, 7, 9, '2018-12-08 14:12:05', 0),
(4708, 7, 10, '2018-12-08 14:12:05', 0),
(4709, 8, 6, '2018-12-08 14:12:06', 0),
(4710, 8, 7, '2018-12-08 14:12:06', 0),
(4711, 8, 9, '2018-12-08 14:12:07', 0),
(4712, 8, 10, '2018-12-08 14:12:07', 0),
(4713, 9, 6, '2018-12-08 14:12:08', 0),
(4714, 9, 7, '2018-12-08 14:12:08', 0),
(4715, 9, 8, '2018-12-08 14:12:09', 0),
(4716, 9, 10, '2018-12-08 14:12:09', 0),
(4717, 10, 6, '2018-12-08 14:12:10', 0),
(4718, 10, 7, '2018-12-08 14:12:10', 0),
(4719, 10, 8, '2018-12-08 14:12:11', 0),
(4720, 10, 9, '2018-12-08 14:12:11', 0),
(4721, 6, 7, '2018-12-09 14:12:02', 0),
(4722, 6, 8, '2018-12-09 14:12:03', 0),
(4723, 6, 9, '2018-12-09 14:12:03', 0),
(4724, 6, 10, '2018-12-09 14:12:04', 0),
(4725, 7, 6, '2018-12-09 14:12:04', 0),
(4726, 7, 8, '2018-12-09 14:12:05', 0),
(4727, 7, 9, '2018-12-09 14:12:05', 0),
(4728, 7, 10, '2018-12-09 14:12:06', 0),
(4729, 8, 6, '2018-12-09 14:12:06', 0),
(4730, 8, 7, '2018-12-09 14:12:07', 0),
(4731, 8, 9, '2018-12-09 14:12:07', 0),
(4732, 8, 10, '2018-12-09 14:12:08', 0),
(4733, 9, 6, '2018-12-09 14:12:08', 0),
(4734, 9, 7, '2018-12-09 14:12:09', 0),
(4735, 9, 8, '2018-12-09 14:12:09', 0),
(4736, 9, 10, '2018-12-09 14:12:09', 0),
(4737, 10, 6, '2018-12-09 14:12:10', 0),
(4738, 10, 7, '2018-12-09 14:12:11', 0),
(4739, 10, 8, '2018-12-09 14:12:11', 0),
(4740, 10, 9, '2018-12-09 14:12:11', 0),
(4741, 6, 7, '2018-12-10 14:12:01', 0),
(4742, 6, 8, '2018-12-10 14:12:02', 0),
(4743, 6, 9, '2018-12-10 14:12:03', 0),
(4744, 6, 10, '2018-12-10 14:12:03', 0),
(4745, 7, 6, '2018-12-10 14:12:04', 0),
(4746, 7, 8, '2018-12-10 14:12:04', 0),
(4747, 7, 9, '2018-12-10 14:12:05', 0),
(4748, 7, 10, '2018-12-10 14:12:05', 0),
(4749, 8, 6, '2018-12-10 14:12:06', 0),
(4750, 8, 7, '2018-12-10 14:12:06', 0),
(4751, 8, 9, '2018-12-10 14:12:07', 0),
(4752, 8, 10, '2018-12-10 14:12:07', 0),
(4753, 9, 6, '2018-12-10 14:12:08', 0),
(4754, 9, 7, '2018-12-10 14:12:08', 0),
(4755, 9, 8, '2018-12-10 14:12:09', 0),
(4756, 9, 10, '2018-12-10 14:12:09', 0),
(4757, 10, 6, '2018-12-10 14:12:10', 0),
(4758, 10, 7, '2018-12-10 14:12:10', 0),
(4759, 10, 8, '2018-12-10 14:12:11', 0),
(4760, 10, 9, '2018-12-10 14:12:11', 0),
(4761, 6, 7, '2018-12-11 14:12:02', 0),
(4762, 6, 8, '2018-12-11 14:12:02', 0),
(4763, 6, 9, '2018-12-11 14:12:03', 0),
(4764, 6, 10, '2018-12-11 14:12:03', 0),
(4765, 7, 6, '2018-12-11 14:12:04', 0),
(4766, 7, 8, '2018-12-11 14:12:04', 0),
(4767, 7, 9, '2018-12-11 14:12:05', 0),
(4768, 7, 10, '2018-12-11 14:12:05', 0),
(4769, 8, 6, '2018-12-11 14:12:05', 0),
(4770, 8, 7, '2018-12-11 14:12:06', 0),
(4771, 8, 9, '2018-12-11 14:12:07', 0),
(4772, 8, 10, '2018-12-11 14:12:07', 0),
(4773, 9, 6, '2018-12-11 14:12:08', 0),
(4774, 9, 7, '2018-12-11 14:12:08', 0),
(4775, 9, 8, '2018-12-11 14:12:09', 0),
(4776, 9, 10, '2018-12-11 14:12:09', 0),
(4777, 10, 6, '2018-12-11 14:12:10', 0),
(4778, 10, 7, '2018-12-11 14:12:10', 0),
(4779, 10, 8, '2018-12-11 14:12:11', 0),
(4780, 10, 9, '2018-12-11 14:12:11', 0),
(4781, 6, 7, '2018-12-12 14:12:02', 0),
(4782, 6, 8, '2018-12-12 14:12:02', 0),
(4783, 6, 9, '2018-12-12 14:12:03', 0),
(4784, 6, 10, '2018-12-12 14:12:03', 0),
(4785, 7, 6, '2018-12-12 14:12:04', 0),
(4786, 7, 8, '2018-12-12 14:12:04', 0),
(4787, 7, 9, '2018-12-12 14:12:05', 0),
(4788, 7, 10, '2018-12-12 14:12:05', 0),
(4789, 8, 6, '2018-12-12 14:12:06', 0),
(4790, 8, 7, '2018-12-12 14:12:06', 0),
(4791, 8, 9, '2018-12-12 14:12:07', 0),
(4792, 8, 10, '2018-12-12 14:12:07', 0),
(4793, 9, 6, '2018-12-12 14:12:08', 0),
(4794, 9, 7, '2018-12-12 14:12:08', 0),
(4795, 9, 8, '2018-12-12 14:12:09', 0),
(4796, 9, 10, '2018-12-12 14:12:09', 0),
(4797, 10, 6, '2018-12-12 14:12:10', 0),
(4798, 10, 7, '2018-12-12 14:12:10', 0),
(4799, 10, 8, '2018-12-12 14:12:11', 0),
(4800, 10, 9, '2018-12-12 14:12:11', 0),
(4801, 6, 7, '2018-12-13 14:12:01', 0),
(4802, 6, 8, '2018-12-13 14:12:02', 0),
(4803, 6, 9, '2018-12-13 14:12:02', 0),
(4804, 6, 10, '2018-12-13 14:12:03', 0),
(4805, 7, 6, '2018-12-13 14:12:04', 0),
(4806, 7, 8, '2018-12-13 14:12:04', 0),
(4807, 7, 9, '2018-12-13 14:12:04', 0),
(4808, 7, 10, '2018-12-13 14:12:05', 0),
(4809, 8, 6, '2018-12-13 14:12:05', 0),
(4810, 8, 7, '2018-12-13 14:12:06', 0),
(4811, 8, 9, '2018-12-13 14:12:06', 0),
(4812, 8, 10, '2018-12-13 14:12:07', 0),
(4813, 9, 6, '2018-12-13 14:12:07', 0),
(4814, 9, 7, '2018-12-13 14:12:08', 0),
(4815, 9, 8, '2018-12-13 14:12:08', 0),
(4816, 9, 10, '2018-12-13 14:12:09', 0),
(4817, 10, 6, '2018-12-13 14:12:09', 0),
(4818, 10, 7, '2018-12-13 14:12:10', 0),
(4819, 10, 8, '2018-12-13 14:12:10', 0),
(4820, 10, 9, '2018-12-13 14:12:11', 0),
(4821, 6, 7, '2018-12-14 14:12:02', 0),
(4822, 6, 8, '2018-12-14 14:12:02', 0),
(4823, 6, 9, '2018-12-14 14:12:03', 0),
(4824, 6, 10, '2018-12-14 14:12:03', 0),
(4825, 7, 6, '2018-12-14 14:12:04', 0),
(4826, 7, 8, '2018-12-14 14:12:04', 0),
(4827, 7, 9, '2018-12-14 14:12:05', 0),
(4828, 7, 10, '2018-12-14 14:12:05', 0),
(4829, 8, 6, '2018-12-14 14:12:06', 0),
(4830, 8, 7, '2018-12-14 14:12:06', 0),
(4831, 8, 9, '2018-12-14 14:12:07', 0),
(4832, 8, 10, '2018-12-14 14:12:08', 0),
(4833, 9, 6, '2018-12-14 14:12:08', 0),
(4834, 9, 7, '2018-12-14 14:12:09', 0),
(4835, 9, 8, '2018-12-14 14:12:09', 0),
(4836, 9, 10, '2018-12-14 14:12:10', 0),
(4837, 10, 6, '2018-12-14 14:12:10', 0),
(4838, 10, 7, '2018-12-14 14:12:11', 0),
(4839, 10, 8, '2018-12-14 14:12:11', 0),
(4840, 10, 9, '2018-12-14 14:12:12', 0),
(4841, 6, 7, '2018-12-15 14:12:02', 0),
(4842, 6, 8, '2018-12-15 14:12:03', 0),
(4843, 6, 9, '2018-12-15 14:12:03', 0),
(4844, 6, 10, '2018-12-15 14:12:04', 0),
(4845, 7, 6, '2018-12-15 14:12:04', 0),
(4846, 7, 8, '2018-12-15 14:12:05', 0),
(4847, 7, 9, '2018-12-15 14:12:06', 0),
(4848, 7, 10, '2018-12-15 14:12:06', 0),
(4849, 8, 6, '2018-12-15 14:12:07', 0),
(4850, 8, 7, '2018-12-15 14:12:07', 0),
(4851, 8, 9, '2018-12-15 14:12:08', 0),
(4852, 8, 10, '2018-12-15 14:12:08', 0),
(4853, 9, 6, '2018-12-15 14:12:09', 0),
(4854, 9, 7, '2018-12-15 14:12:09', 0),
(4855, 9, 8, '2018-12-15 14:12:10', 0),
(4856, 9, 10, '2018-12-15 14:12:10', 0),
(4857, 10, 6, '2018-12-15 14:12:11', 0),
(4858, 10, 7, '2018-12-15 14:12:11', 0),
(4859, 10, 8, '2018-12-15 14:12:12', 0),
(4860, 10, 9, '2018-12-15 14:12:12', 0),
(4861, 6, 7, '2018-12-16 14:12:02', 0),
(4862, 6, 8, '2018-12-16 14:12:03', 0),
(4863, 6, 9, '2018-12-16 14:12:03', 0),
(4864, 6, 10, '2018-12-16 14:12:04', 0),
(4865, 7, 6, '2018-12-16 14:12:04', 0),
(4866, 7, 8, '2018-12-16 14:12:05', 0),
(4867, 7, 9, '2018-12-16 14:12:05', 0),
(4868, 7, 10, '2018-12-16 14:12:06', 0),
(4869, 8, 6, '2018-12-16 14:12:06', 0),
(4870, 8, 7, '2018-12-16 14:12:07', 0),
(4871, 8, 9, '2018-12-16 14:12:07', 0),
(4872, 8, 10, '2018-12-16 14:12:08', 0),
(4873, 9, 6, '2018-12-16 14:12:08', 0),
(4874, 9, 7, '2018-12-16 14:12:09', 0),
(4875, 9, 8, '2018-12-16 14:12:09', 0),
(4876, 9, 10, '2018-12-16 14:12:10', 0),
(4877, 10, 6, '2018-12-16 14:12:10', 0),
(4878, 10, 7, '2018-12-16 14:12:11', 0),
(4879, 10, 8, '2018-12-16 14:12:12', 0),
(4880, 10, 9, '2018-12-16 14:12:12', 0),
(4881, 6, 7, '2018-12-17 14:12:02', 0),
(4882, 6, 8, '2018-12-17 14:12:02', 0),
(4883, 6, 9, '2018-12-17 14:12:03', 0),
(4884, 6, 10, '2018-12-17 14:12:03', 0),
(4885, 7, 6, '2018-12-17 14:12:04', 0),
(4886, 7, 8, '2018-12-17 14:12:04', 0),
(4887, 7, 9, '2018-12-17 14:12:05', 0),
(4888, 7, 10, '2018-12-17 14:12:06', 0),
(4889, 8, 6, '2018-12-17 14:12:06', 0),
(4890, 8, 7, '2018-12-17 14:12:07', 0),
(4891, 8, 9, '2018-12-17 14:12:07', 0),
(4892, 8, 10, '2018-12-17 14:12:08', 0),
(4893, 9, 6, '2018-12-17 14:12:08', 0),
(4894, 9, 7, '2018-12-17 14:12:09', 0),
(4895, 9, 8, '2018-12-17 14:12:09', 0),
(4896, 9, 10, '2018-12-17 14:12:10', 0),
(4897, 10, 6, '2018-12-17 14:12:10', 0),
(4898, 10, 7, '2018-12-17 14:12:11', 0),
(4899, 10, 8, '2018-12-17 14:12:11', 0),
(4900, 10, 9, '2018-12-17 14:12:12', 0),
(4901, 6, 7, '2018-12-18 14:12:02', 0),
(4902, 6, 8, '2018-12-18 14:12:02', 0),
(4903, 6, 9, '2018-12-18 14:12:03', 0),
(4904, 6, 10, '2018-12-18 14:12:03', 0),
(4905, 7, 6, '2018-12-18 14:12:04', 0),
(4906, 7, 8, '2018-12-18 14:12:05', 0),
(4907, 7, 9, '2018-12-18 14:12:05', 0),
(4908, 7, 10, '2018-12-18 14:12:06', 0),
(4909, 8, 6, '2018-12-18 14:12:06', 0),
(4910, 8, 7, '2018-12-18 14:12:07', 0),
(4911, 8, 9, '2018-12-18 14:12:07', 0),
(4912, 8, 10, '2018-12-18 14:12:08', 0),
(4913, 9, 6, '2018-12-18 14:12:08', 0),
(4914, 9, 7, '2018-12-18 14:12:09', 0),
(4915, 9, 8, '2018-12-18 14:12:09', 0),
(4916, 9, 10, '2018-12-18 14:12:10', 0),
(4917, 10, 6, '2018-12-18 14:12:10', 0),
(4918, 10, 7, '2018-12-18 14:12:11', 0),
(4919, 10, 8, '2018-12-18 14:12:11', 0),
(4920, 10, 9, '2018-12-18 14:12:12', 0),
(4921, 6, 7, '2018-12-19 14:12:02', 0),
(4922, 6, 8, '2018-12-19 14:12:03', 0),
(4923, 6, 9, '2018-12-19 14:12:03', 0),
(4924, 6, 10, '2018-12-19 14:12:04', 0),
(4925, 7, 6, '2018-12-19 14:12:04', 0),
(4926, 7, 8, '2018-12-19 14:12:05', 0),
(4927, 7, 9, '2018-12-19 14:12:05', 0),
(4928, 7, 10, '2018-12-19 14:12:06', 0),
(4929, 8, 6, '2018-12-19 14:12:07', 0),
(4930, 8, 7, '2018-12-19 14:12:07', 0),
(4931, 8, 9, '2018-12-19 14:12:08', 0),
(4932, 8, 10, '2018-12-19 14:12:08', 0),
(4933, 9, 6, '2018-12-19 14:12:09', 0),
(4934, 9, 7, '2018-12-19 14:12:09', 0),
(4935, 9, 8, '2018-12-19 14:12:10', 0),
(4936, 9, 10, '2018-12-19 14:12:10', 0),
(4937, 10, 6, '2018-12-19 14:12:11', 0),
(4938, 10, 7, '2018-12-19 14:12:11', 0),
(4939, 10, 8, '2018-12-19 14:12:12', 0),
(4940, 10, 9, '2018-12-19 14:12:12', 0),
(4941, 6, 7, '2018-12-20 14:12:02', 0),
(4942, 6, 8, '2018-12-20 14:12:02', 0),
(4943, 6, 9, '2018-12-20 14:12:03', 0),
(4944, 6, 10, '2018-12-20 14:12:03', 0),
(4945, 7, 6, '2018-12-20 14:12:04', 0),
(4946, 7, 8, '2018-12-20 14:12:04', 0),
(4947, 7, 9, '2018-12-20 14:12:05', 0),
(4948, 7, 10, '2018-12-20 14:12:06', 0),
(4949, 8, 6, '2018-12-20 14:12:06', 0),
(4950, 8, 7, '2018-12-20 14:12:07', 0),
(4951, 8, 9, '2018-12-20 14:12:07', 0),
(4952, 8, 10, '2018-12-20 14:12:08', 0),
(4953, 9, 6, '2018-12-20 14:12:08', 0),
(4954, 9, 7, '2018-12-20 14:12:09', 0),
(4955, 9, 8, '2018-12-20 14:12:10', 0),
(4956, 9, 10, '2018-12-20 14:12:10', 0),
(4957, 10, 6, '2018-12-20 14:12:11', 0),
(4958, 10, 7, '2018-12-20 14:12:12', 0),
(4959, 10, 8, '2018-12-20 14:12:13', 0),
(4960, 10, 9, '2018-12-20 14:12:13', 0),
(4961, 6, 7, '2018-12-21 14:12:02', 0),
(4962, 6, 8, '2018-12-21 14:12:03', 0),
(4963, 6, 9, '2018-12-21 14:12:03', 0),
(4964, 6, 10, '2018-12-21 14:12:04', 0),
(4965, 7, 6, '2018-12-21 14:12:04', 0),
(4966, 7, 8, '2018-12-21 14:12:05', 0),
(4967, 7, 9, '2018-12-21 14:12:05', 0),
(4968, 7, 10, '2018-12-21 14:12:06', 0),
(4969, 8, 6, '2018-12-21 14:12:07', 0),
(4970, 8, 7, '2018-12-21 14:12:07', 0),
(4971, 8, 9, '2018-12-21 14:12:08', 0),
(4972, 8, 10, '2018-12-21 14:12:08', 0),
(4973, 9, 6, '2018-12-21 14:12:09', 0),
(4974, 9, 7, '2018-12-21 14:12:09', 0),
(4975, 9, 8, '2018-12-21 14:12:10', 0),
(4976, 9, 10, '2018-12-21 14:12:10', 0),
(4977, 10, 6, '2018-12-21 14:12:11', 0),
(4978, 10, 7, '2018-12-21 14:12:11', 0),
(4979, 10, 8, '2018-12-21 14:12:12', 0),
(4980, 10, 9, '2018-12-21 14:12:12', 0),
(4981, 6, 7, '2018-12-22 14:12:02', 0),
(4982, 6, 8, '2018-12-22 14:12:02', 0),
(4983, 6, 9, '2018-12-22 14:12:03', 0),
(4984, 6, 10, '2018-12-22 14:12:03', 0),
(4985, 7, 6, '2018-12-22 14:12:04', 0),
(4986, 7, 8, '2018-12-22 14:12:05', 0),
(4987, 7, 9, '2018-12-22 14:12:05', 0),
(4988, 7, 10, '2018-12-22 14:12:06', 0),
(4989, 8, 6, '2018-12-22 14:12:06', 0),
(4990, 8, 7, '2018-12-22 14:12:07', 0),
(4991, 8, 9, '2018-12-22 14:12:07', 0),
(4992, 8, 10, '2018-12-22 14:12:08', 0),
(4993, 9, 6, '2018-12-22 14:12:08', 0),
(4994, 9, 7, '2018-12-22 14:12:14', 0),
(4995, 9, 8, '2018-12-22 14:12:15', 0),
(4996, 9, 10, '2018-12-22 14:12:15', 0),
(4997, 10, 6, '2018-12-22 14:12:16', 0),
(4998, 10, 7, '2018-12-22 14:12:16', 0),
(4999, 10, 8, '2018-12-22 14:12:17', 0),
(5000, 10, 9, '2018-12-22 14:12:17', 0),
(5001, 6, 7, '2018-12-23 14:12:02', 0),
(5002, 6, 8, '2018-12-23 14:12:02', 0),
(5003, 6, 9, '2018-12-23 14:12:03', 0),
(5004, 6, 10, '2018-12-23 14:12:03', 0),
(5005, 7, 6, '2018-12-23 14:12:04', 0),
(5006, 7, 8, '2018-12-23 14:12:04', 0),
(5007, 7, 9, '2018-12-23 14:12:05', 0),
(5008, 7, 10, '2018-12-23 14:12:05', 0),
(5009, 8, 6, '2018-12-23 14:12:06', 0),
(5010, 8, 7, '2018-12-23 14:12:06', 0),
(5011, 8, 9, '2018-12-23 14:12:07', 0),
(5012, 8, 10, '2018-12-23 14:12:08', 0),
(5013, 9, 6, '2018-12-23 14:12:08', 0),
(5014, 9, 7, '2018-12-23 14:12:09', 0),
(5015, 9, 8, '2018-12-23 14:12:09', 0),
(5016, 9, 10, '2018-12-23 14:12:10', 0),
(5017, 10, 6, '2018-12-23 14:12:10', 0),
(5018, 10, 7, '2018-12-23 14:12:11', 0),
(5019, 10, 8, '2018-12-23 14:12:11', 0),
(5020, 10, 9, '2018-12-23 14:12:12', 0),
(5021, 6, 7, '2018-12-24 14:12:02', 0),
(5022, 6, 8, '2018-12-24 14:12:03', 0),
(5023, 6, 9, '2018-12-24 14:12:03', 0),
(5024, 6, 10, '2018-12-24 14:12:04', 0),
(5025, 7, 6, '2018-12-24 14:12:04', 0),
(5026, 7, 8, '2018-12-24 14:12:05', 0),
(5027, 7, 9, '2018-12-24 14:12:05', 0),
(5028, 7, 10, '2018-12-24 14:12:06', 0),
(5029, 8, 6, '2018-12-24 14:12:06', 0),
(5030, 8, 7, '2018-12-24 14:12:07', 0),
(5031, 8, 9, '2018-12-24 14:12:08', 0),
(5032, 8, 10, '2018-12-24 14:12:08', 0),
(5033, 9, 6, '2018-12-24 14:12:09', 0),
(5034, 9, 7, '2018-12-24 14:12:09', 0),
(5035, 9, 8, '2018-12-24 14:12:10', 0),
(5036, 9, 10, '2018-12-24 14:12:10', 0),
(5037, 10, 6, '2018-12-24 14:12:11', 0),
(5038, 10, 7, '2018-12-24 14:12:12', 0),
(5039, 10, 8, '2018-12-24 14:12:12', 0),
(5040, 10, 9, '2018-12-24 14:12:13', 0),
(5041, 6, 7, '2018-12-25 14:12:02', 0),
(5042, 6, 8, '2018-12-25 14:12:02', 0),
(5043, 6, 9, '2018-12-25 14:12:03', 0),
(5044, 6, 10, '2018-12-25 14:12:03', 0),
(5045, 7, 6, '2018-12-25 14:12:04', 0),
(5046, 7, 8, '2018-12-25 14:12:04', 0),
(5047, 7, 9, '2018-12-25 14:12:05', 0),
(5048, 7, 10, '2018-12-25 14:12:06', 0),
(5049, 8, 6, '2018-12-25 14:12:06', 0),
(5050, 8, 7, '2018-12-25 14:12:07', 0),
(5051, 8, 9, '2018-12-25 14:12:07', 0),
(5052, 8, 10, '2018-12-25 14:12:08', 0),
(5053, 9, 6, '2018-12-25 14:12:08', 0),
(5054, 9, 7, '2018-12-25 14:12:09', 0),
(5055, 9, 8, '2018-12-25 14:12:09', 0),
(5056, 9, 10, '2018-12-25 14:12:10', 0),
(5057, 10, 6, '2018-12-25 14:12:10', 0),
(5058, 10, 7, '2018-12-25 14:12:11', 0),
(5059, 10, 8, '2018-12-25 14:12:11', 0),
(5060, 10, 9, '2018-12-25 14:12:12', 0),
(5061, 6, 7, '2018-12-26 14:12:02', 0),
(5062, 6, 8, '2018-12-26 14:12:02', 0),
(5063, 6, 9, '2018-12-26 14:12:03', 0),
(5064, 6, 10, '2018-12-26 14:12:03', 0),
(5065, 7, 6, '2018-12-26 14:12:04', 0),
(5066, 7, 8, '2018-12-26 14:12:05', 0),
(5067, 7, 9, '2018-12-26 14:12:05', 0),
(5068, 7, 10, '2018-12-26 14:12:06', 0),
(5069, 8, 6, '2018-12-26 14:12:06', 0),
(5070, 8, 7, '2018-12-26 14:12:07', 0),
(5071, 8, 9, '2018-12-26 14:12:07', 0),
(5072, 8, 10, '2018-12-26 14:12:08', 0),
(5073, 9, 6, '2018-12-26 14:12:08', 0),
(5074, 9, 7, '2018-12-26 14:12:09', 0),
(5075, 9, 8, '2018-12-26 14:12:09', 0),
(5076, 9, 10, '2018-12-26 14:12:10', 0),
(5077, 10, 6, '2018-12-26 14:12:11', 0),
(5078, 10, 7, '2018-12-26 14:12:11', 0),
(5079, 10, 8, '2018-12-26 14:12:12', 0),
(5080, 10, 9, '2018-12-26 14:12:12', 0),
(5081, 6, 7, '2018-12-27 14:12:02', 0),
(5082, 6, 8, '2018-12-27 14:12:02', 0),
(5083, 6, 9, '2018-12-27 14:12:03', 0),
(5084, 6, 10, '2018-12-27 14:12:03', 0),
(5085, 7, 6, '2018-12-27 14:12:04', 0),
(5086, 7, 8, '2018-12-27 14:12:04', 0),
(5087, 7, 9, '2018-12-27 14:12:05', 0),
(5088, 7, 10, '2018-12-27 14:12:06', 0),
(5089, 8, 6, '2018-12-27 14:12:06', 0),
(5090, 8, 7, '2018-12-27 14:12:07', 0),
(5091, 8, 9, '2018-12-27 14:12:07', 0),
(5092, 8, 10, '2018-12-27 14:12:08', 0),
(5093, 9, 6, '2018-12-27 14:12:08', 0),
(5094, 9, 7, '2018-12-27 14:12:09', 0),
(5095, 9, 8, '2018-12-27 14:12:09', 0),
(5096, 9, 10, '2018-12-27 14:12:10', 0),
(5097, 10, 6, '2018-12-27 14:12:10', 0),
(5098, 10, 7, '2018-12-27 14:12:11', 0),
(5099, 10, 8, '2018-12-27 14:12:11', 0),
(5100, 10, 9, '2018-12-27 14:12:12', 0),
(5101, 6, 7, '2018-12-28 14:12:01', 0),
(5102, 6, 8, '2018-12-28 14:12:02', 0),
(5103, 6, 9, '2018-12-28 14:12:03', 0),
(5104, 6, 10, '2018-12-28 14:12:03', 0),
(5105, 7, 6, '2018-12-28 14:12:04', 0),
(5106, 7, 8, '2018-12-28 14:12:04', 0),
(5107, 7, 9, '2018-12-28 14:12:05', 0),
(5108, 7, 10, '2018-12-28 14:12:05', 0),
(5109, 8, 6, '2018-12-28 14:12:06', 0),
(5110, 8, 7, '2018-12-28 14:12:06', 0),
(5111, 8, 9, '2018-12-28 14:12:07', 0),
(5112, 8, 10, '2018-12-28 14:12:07', 0),
(5113, 9, 6, '2018-12-28 14:12:08', 0),
(5114, 9, 7, '2018-12-28 14:12:08', 0),
(5115, 9, 8, '2018-12-28 14:12:09', 0),
(5116, 9, 10, '2018-12-28 14:12:10', 0),
(5117, 10, 6, '2018-12-28 14:12:10', 0),
(5118, 10, 7, '2018-12-28 14:12:11', 0),
(5119, 10, 8, '2018-12-28 14:12:11', 0),
(5120, 10, 9, '2018-12-28 14:12:12', 0),
(5121, 6, 7, '2018-12-29 14:12:02', 0),
(5122, 6, 8, '2018-12-29 14:12:03', 0),
(5123, 6, 9, '2018-12-29 14:12:03', 0),
(5124, 6, 10, '2018-12-29 14:12:04', 0),
(5125, 7, 6, '2018-12-29 14:12:04', 0),
(5126, 7, 8, '2018-12-29 14:12:05', 0),
(5127, 7, 9, '2018-12-29 14:12:05', 0),
(5128, 7, 10, '2018-12-29 14:12:06', 0),
(5129, 8, 6, '2018-12-29 14:12:06', 0),
(5130, 8, 7, '2018-12-29 14:12:07', 0),
(5131, 8, 9, '2018-12-29 14:12:07', 0),
(5132, 8, 10, '2018-12-29 14:12:08', 0),
(5133, 9, 6, '2018-12-29 14:12:08', 0),
(5134, 9, 7, '2018-12-29 14:12:09', 0),
(5135, 9, 8, '2018-12-29 14:12:10', 0),
(5136, 9, 10, '2018-12-29 14:12:10', 0),
(5137, 10, 6, '2018-12-29 14:12:11', 0),
(5138, 10, 7, '2018-12-29 14:12:11', 0),
(5139, 10, 8, '2018-12-29 14:12:12', 0),
(5140, 10, 9, '2018-12-29 14:12:12', 0),
(5141, 6, 7, '2018-12-30 14:12:02', 0),
(5142, 6, 8, '2018-12-30 14:12:03', 0),
(5143, 6, 9, '2018-12-30 14:12:03', 0),
(5144, 6, 10, '2018-12-30 14:12:04', 0),
(5145, 7, 6, '2018-12-30 14:12:04', 0),
(5146, 7, 8, '2018-12-30 14:12:05', 0),
(5147, 7, 9, '2018-12-30 14:12:05', 0),
(5148, 7, 10, '2018-12-30 14:12:06', 0),
(5149, 8, 6, '2018-12-30 14:12:06', 0),
(5150, 8, 7, '2018-12-30 14:12:07', 0),
(5151, 8, 9, '2018-12-30 14:12:08', 0),
(5152, 8, 10, '2018-12-30 14:12:08', 0),
(5153, 9, 6, '2018-12-30 14:12:09', 0),
(5154, 9, 7, '2018-12-30 14:12:09', 0),
(5155, 9, 8, '2018-12-30 14:12:10', 0),
(5156, 9, 10, '2018-12-30 14:12:10', 0),
(5157, 10, 6, '2018-12-30 14:12:11', 0),
(5158, 10, 7, '2018-12-30 14:12:11', 0),
(5159, 10, 8, '2018-12-30 14:12:12', 0),
(5160, 10, 9, '2018-12-30 14:12:12', 0),
(5161, 6, 7, '2018-12-31 14:12:03', 0),
(5162, 6, 8, '2018-12-31 14:12:04', 0),
(5163, 6, 9, '2018-12-31 14:12:04', 0),
(5164, 6, 10, '2018-12-31 14:12:05', 0),
(5165, 7, 6, '2018-12-31 14:12:05', 0),
(5166, 7, 8, '2018-12-31 14:12:06', 0),
(5167, 7, 9, '2018-12-31 14:12:06', 0),
(5168, 7, 10, '2018-12-31 14:12:07', 0),
(5169, 8, 6, '2018-12-31 14:12:07', 0),
(5170, 8, 7, '2018-12-31 14:12:08', 0),
(5171, 8, 9, '2018-12-31 14:12:08', 0),
(5172, 8, 10, '2018-12-31 14:12:09', 0),
(5173, 9, 6, '2018-12-31 14:12:09', 0),
(5174, 9, 7, '2018-12-31 14:12:10', 0),
(5175, 9, 8, '2018-12-31 14:12:10', 0),
(5176, 9, 10, '2018-12-31 14:12:11', 0),
(5177, 10, 6, '2018-12-31 14:12:12', 0),
(5178, 10, 7, '2018-12-31 14:12:12', 0),
(5179, 10, 8, '2018-12-31 14:12:13', 0),
(5180, 10, 9, '2018-12-31 14:12:13', 0),
(5181, 6, 7, '2019-01-01 14:12:01', 0),
(5182, 6, 8, '2019-01-01 14:12:02', 0),
(5183, 6, 9, '2019-01-01 14:12:03', 0),
(5184, 6, 10, '2019-01-01 14:12:03', 0),
(5185, 7, 6, '2019-01-01 14:12:04', 0),
(5186, 7, 8, '2019-01-01 14:12:04', 0),
(5187, 7, 9, '2019-01-01 14:12:05', 0),
(5188, 7, 10, '2019-01-01 14:12:05', 0),
(5189, 8, 6, '2019-01-01 14:12:06', 0),
(5190, 8, 7, '2019-01-01 14:12:06', 0),
(5191, 8, 9, '2019-01-01 14:12:07', 0),
(5192, 8, 10, '2019-01-01 14:12:07', 0),
(5193, 9, 6, '2019-01-01 14:12:08', 0),
(5194, 9, 7, '2019-01-01 14:12:08', 0),
(5195, 9, 8, '2019-01-01 14:12:09', 0),
(5196, 9, 10, '2019-01-01 14:12:10', 0),
(5197, 10, 6, '2019-01-01 14:12:10', 0),
(5198, 10, 7, '2019-01-01 14:12:11', 0),
(5199, 10, 8, '2019-01-01 14:12:11', 0),
(5200, 10, 9, '2019-01-01 14:12:12', 0),
(5201, 6, 7, '2019-01-02 14:12:02', 0),
(5202, 6, 8, '2019-01-02 14:12:03', 0),
(5203, 6, 9, '2019-01-02 14:12:03', 0),
(5204, 6, 10, '2019-01-02 14:12:04', 0),
(5205, 7, 6, '2019-01-02 14:12:04', 0),
(5206, 7, 8, '2019-01-02 14:12:05', 0),
(5207, 7, 9, '2019-01-02 14:12:05', 0),
(5208, 7, 10, '2019-01-02 14:12:06', 0),
(5209, 8, 6, '2019-01-02 14:12:06', 0),
(5210, 8, 7, '2019-01-02 14:12:07', 0),
(5211, 8, 9, '2019-01-02 14:12:07', 0),
(5212, 8, 10, '2019-01-02 14:12:08', 0),
(5213, 9, 6, '2019-01-02 14:12:09', 0),
(5214, 9, 7, '2019-01-02 14:12:09', 0),
(5215, 9, 8, '2019-01-02 14:12:10', 0),
(5216, 9, 10, '2019-01-02 14:12:10', 0),
(5217, 10, 6, '2019-01-02 14:12:11', 0),
(5218, 10, 7, '2019-01-02 14:12:11', 0),
(5219, 10, 8, '2019-01-02 14:12:12', 0),
(5220, 10, 9, '2019-01-02 14:12:12', 0),
(5221, 6, 7, '2019-01-03 14:12:01', 0),
(5222, 6, 8, '2019-01-03 14:12:02', 0),
(5223, 6, 9, '2019-01-03 14:12:03', 0),
(5224, 6, 10, '2019-01-03 14:12:03', 0),
(5225, 7, 6, '2019-01-03 14:12:04', 0),
(5226, 7, 8, '2019-01-03 14:12:04', 0),
(5227, 7, 9, '2019-01-03 14:12:05', 0),
(5228, 7, 10, '2019-01-03 14:12:05', 0),
(5229, 8, 6, '2019-01-03 14:12:06', 0),
(5230, 8, 7, '2019-01-03 14:12:06', 0),
(5231, 8, 9, '2019-01-03 14:12:07', 0),
(5232, 8, 10, '2019-01-03 14:12:07', 0),
(5233, 9, 6, '2019-01-03 14:12:08', 0),
(5234, 9, 7, '2019-01-03 14:12:09', 0),
(5235, 9, 8, '2019-01-03 14:12:09', 0),
(5236, 9, 10, '2019-01-03 14:12:10', 0),
(5237, 10, 6, '2019-01-03 14:12:10', 0),
(5238, 10, 7, '2019-01-03 14:12:11', 0),
(5239, 10, 8, '2019-01-03 14:12:11', 0),
(5240, 10, 9, '2019-01-03 14:12:12', 0),
(5241, 6, 7, '2019-01-04 14:12:02', 0),
(5242, 6, 8, '2019-01-04 14:12:02', 0),
(5243, 6, 9, '2019-01-04 14:12:03', 0),
(5244, 6, 10, '2019-01-04 14:12:03', 0),
(5245, 7, 6, '2019-01-04 14:12:04', 0),
(5246, 7, 8, '2019-01-04 14:12:04', 0),
(5247, 7, 9, '2019-01-04 14:12:05', 0),
(5248, 7, 10, '2019-01-04 14:12:05', 0),
(5249, 8, 6, '2019-01-04 14:12:06', 0),
(5250, 8, 7, '2019-01-04 14:12:06', 0),
(5251, 8, 9, '2019-01-04 14:12:07', 0),
(5252, 8, 10, '2019-01-04 14:12:08', 0),
(5253, 9, 6, '2019-01-04 14:12:08', 0),
(5254, 9, 7, '2019-01-04 14:12:09', 0),
(5255, 9, 8, '2019-01-04 14:12:09', 0),
(5256, 9, 10, '2019-01-04 14:12:10', 0),
(5257, 10, 6, '2019-01-04 14:12:10', 0),
(5258, 10, 7, '2019-01-04 14:12:11', 0),
(5259, 10, 8, '2019-01-04 14:12:11', 0),
(5260, 10, 9, '2019-01-04 14:12:12', 0),
(5261, 6, 7, '2019-01-05 14:12:02', 0),
(5262, 6, 8, '2019-01-05 14:12:02', 0),
(5263, 6, 9, '2019-01-05 14:12:03', 0),
(5264, 6, 10, '2019-01-05 14:12:03', 0),
(5265, 7, 6, '2019-01-05 14:12:04', 0),
(5266, 7, 8, '2019-01-05 14:12:05', 0),
(5267, 7, 9, '2019-01-05 14:12:05', 0),
(5268, 7, 10, '2019-01-05 14:12:06', 0),
(5269, 8, 6, '2019-01-05 14:12:06', 0),
(5270, 8, 7, '2019-01-05 14:12:07', 0),
(5271, 8, 9, '2019-01-05 14:12:07', 0),
(5272, 8, 10, '2019-01-05 14:12:08', 0),
(5273, 9, 6, '2019-01-05 14:12:08', 0),
(5274, 9, 7, '2019-01-05 14:12:09', 0),
(5275, 9, 8, '2019-01-05 14:12:09', 0),
(5276, 9, 10, '2019-01-05 14:12:10', 0),
(5277, 10, 6, '2019-01-05 14:12:10', 0),
(5278, 10, 7, '2019-01-05 14:12:11', 0),
(5279, 10, 8, '2019-01-05 14:12:11', 0),
(5280, 10, 9, '2019-01-05 14:12:12', 0),
(5281, 6, 7, '2019-01-06 14:12:03', 0),
(5282, 6, 8, '2019-01-06 14:12:03', 0),
(5283, 6, 9, '2019-01-06 14:12:04', 0),
(5284, 6, 10, '2019-01-06 14:12:04', 0),
(5285, 7, 6, '2019-01-06 14:12:05', 0),
(5286, 7, 8, '2019-01-06 14:12:06', 0),
(5287, 7, 9, '2019-01-06 14:12:06', 0),
(5288, 7, 10, '2019-01-06 14:12:07', 0),
(5289, 8, 6, '2019-01-06 14:12:07', 0),
(5290, 8, 7, '2019-01-06 14:12:08', 0),
(5291, 8, 9, '2019-01-06 14:12:08', 0),
(5292, 8, 10, '2019-01-06 14:12:09', 0),
(5293, 9, 6, '2019-01-06 14:12:09', 0),
(5294, 9, 7, '2019-01-06 14:12:10', 0),
(5295, 9, 8, '2019-01-06 14:12:10', 0),
(5296, 9, 10, '2019-01-06 14:12:11', 0),
(5297, 10, 6, '2019-01-06 14:12:11', 0),
(5298, 10, 7, '2019-01-06 14:12:12', 0),
(5299, 10, 8, '2019-01-06 14:12:12', 0),
(5300, 10, 9, '2019-01-06 14:12:13', 0),
(5301, 6, 7, '2019-01-07 14:12:01', 0),
(5302, 6, 8, '2019-01-07 14:12:02', 0),
(5303, 6, 9, '2019-01-07 14:12:03', 0),
(5304, 6, 10, '2019-01-07 14:12:03', 0),
(5305, 7, 6, '2019-01-07 14:12:04', 0),
(5306, 7, 8, '2019-01-07 14:12:04', 0),
(5307, 7, 9, '2019-01-07 14:12:05', 0),
(5308, 7, 10, '2019-01-07 14:12:05', 0),
(5309, 8, 6, '2019-01-07 14:12:06', 0),
(5310, 8, 7, '2019-01-07 14:12:06', 0),
(5311, 8, 9, '2019-01-07 14:12:07', 0),
(5312, 8, 10, '2019-01-07 14:12:07', 0),
(5313, 9, 6, '2019-01-07 14:12:08', 0),
(5314, 9, 7, '2019-01-07 14:12:08', 0),
(5315, 9, 8, '2019-01-07 14:12:09', 0),
(5316, 9, 10, '2019-01-07 14:12:09', 0),
(5317, 10, 6, '2019-01-07 14:12:10', 0),
(5318, 10, 7, '2019-01-07 14:12:10', 0),
(5319, 10, 8, '2019-01-07 14:12:11', 0),
(5320, 10, 9, '2019-01-07 14:12:12', 0),
(5321, 6, 7, '2019-01-08 14:12:02', 0),
(5322, 6, 8, '2019-01-08 14:12:02', 0),
(5323, 6, 9, '2019-01-08 14:12:03', 0),
(5324, 6, 10, '2019-01-08 14:12:03', 0),
(5325, 7, 6, '2019-01-08 14:12:04', 0),
(5326, 7, 8, '2019-01-08 14:12:04', 0),
(5327, 7, 9, '2019-01-08 14:12:05', 0),
(5328, 7, 10, '2019-01-08 14:12:05', 0),
(5329, 8, 6, '2019-01-08 14:12:06', 0),
(5330, 8, 7, '2019-01-08 14:12:07', 0),
(5331, 8, 9, '2019-01-08 14:12:07', 0),
(5332, 8, 10, '2019-01-08 14:12:08', 0),
(5333, 9, 6, '2019-01-08 14:12:08', 0),
(5334, 9, 7, '2019-01-08 14:12:09', 0),
(5335, 9, 8, '2019-01-08 14:12:09', 0),
(5336, 9, 10, '2019-01-08 14:12:10', 0),
(5337, 10, 6, '2019-01-08 14:12:10', 0),
(5338, 10, 7, '2019-01-08 14:12:11', 0),
(5339, 10, 8, '2019-01-08 14:12:11', 0),
(5340, 10, 9, '2019-01-08 14:12:12', 0),
(5341, 6, 7, '2019-01-09 14:12:03', 0),
(5342, 6, 8, '2019-01-09 14:12:03', 0),
(5343, 6, 9, '2019-01-09 14:12:04', 0),
(5344, 6, 10, '2019-01-09 14:12:05', 0),
(5345, 7, 6, '2019-01-09 14:12:05', 0),
(5346, 7, 8, '2019-01-09 14:12:06', 0),
(5347, 7, 9, '2019-01-09 14:12:06', 0),
(5348, 7, 10, '2019-01-09 14:12:07', 0),
(5349, 8, 6, '2019-01-09 14:12:07', 0),
(5350, 8, 7, '2019-01-09 14:12:08', 0),
(5351, 8, 9, '2019-01-09 14:12:08', 0),
(5352, 8, 10, '2019-01-09 14:12:09', 0),
(5353, 9, 6, '2019-01-09 14:12:09', 0),
(5354, 9, 7, '2019-01-09 14:12:10', 0),
(5355, 9, 8, '2019-01-09 14:12:10', 0),
(5356, 9, 10, '2019-01-09 14:12:11', 0),
(5357, 10, 6, '2019-01-09 14:12:11', 0),
(5358, 10, 7, '2019-01-09 14:12:12', 0),
(5359, 10, 8, '2019-01-09 14:12:12', 0),
(5360, 10, 9, '2019-01-09 14:12:13', 0),
(5361, 6, 7, '2019-01-10 14:12:01', 0),
(5362, 6, 8, '2019-01-10 14:12:02', 0),
(5363, 6, 9, '2019-01-10 14:12:02', 0),
(5364, 6, 10, '2019-01-10 14:12:03', 0),
(5365, 7, 6, '2019-01-10 14:12:03', 0),
(5366, 7, 8, '2019-01-10 14:12:04', 0),
(5367, 7, 9, '2019-01-10 14:12:04', 0),
(5368, 7, 10, '2019-01-10 14:12:05', 0),
(5369, 8, 6, '2019-01-10 14:12:05', 0),
(5370, 8, 7, '2019-01-10 14:12:06', 0),
(5371, 8, 9, '2019-01-10 14:12:06', 0),
(5372, 8, 10, '2019-01-10 14:12:07', 0),
(5373, 9, 6, '2019-01-10 14:12:08', 0),
(5374, 9, 7, '2019-01-10 14:12:08', 0),
(5375, 9, 8, '2019-01-10 14:12:09', 0),
(5376, 9, 10, '2019-01-10 14:12:09', 0),
(5377, 10, 6, '2019-01-10 14:12:10', 0),
(5378, 10, 7, '2019-01-10 14:12:10', 0),
(5379, 10, 8, '2019-01-10 14:12:11', 0),
(5380, 10, 9, '2019-01-10 14:12:11', 0),
(5381, 6, 7, '2019-01-11 14:12:01', 0),
(5382, 6, 8, '2019-01-11 14:12:02', 0),
(5383, 6, 9, '2019-01-11 14:12:02', 0),
(5384, 6, 10, '2019-01-11 14:12:03', 0),
(5385, 7, 6, '2019-01-11 14:12:04', 0),
(5386, 7, 8, '2019-01-11 14:12:04', 0),
(5387, 7, 9, '2019-01-11 14:12:05', 0),
(5388, 7, 10, '2019-01-11 14:12:05', 0),
(5389, 8, 6, '2019-01-11 14:12:06', 0),
(5390, 8, 7, '2019-01-11 14:12:06', 0),
(5391, 8, 9, '2019-01-11 14:12:07', 0),
(5392, 8, 10, '2019-01-11 14:12:07', 0),
(5393, 9, 6, '2019-01-11 14:12:08', 0),
(5394, 9, 7, '2019-01-11 14:12:08', 0),
(5395, 9, 8, '2019-01-11 14:12:09', 0),
(5396, 9, 10, '2019-01-11 14:12:09', 0),
(5397, 10, 6, '2019-01-11 14:12:10', 0),
(5398, 10, 7, '2019-01-11 14:12:10', 0),
(5399, 10, 8, '2019-01-11 14:12:11', 0),
(5400, 10, 9, '2019-01-11 14:12:11', 0),
(5401, 6, 7, '2019-01-12 14:12:02', 0),
(5402, 6, 8, '2019-01-12 14:12:02', 0),
(5403, 6, 9, '2019-01-12 14:12:03', 0),
(5404, 6, 10, '2019-01-12 14:12:03', 0),
(5405, 7, 6, '2019-01-12 14:12:04', 0),
(5406, 7, 8, '2019-01-12 14:12:05', 0),
(5407, 7, 9, '2019-01-12 14:12:05', 0),
(5408, 7, 10, '2019-01-12 14:12:06', 0),
(5409, 8, 6, '2019-01-12 14:12:06', 0),
(5410, 8, 7, '2019-01-12 14:12:07', 0),
(5411, 8, 9, '2019-01-12 14:12:07', 0),
(5412, 8, 10, '2019-01-12 14:12:08', 0),
(5413, 9, 6, '2019-01-12 14:12:08', 0),
(5414, 9, 7, '2019-01-12 14:12:09', 0),
(5415, 9, 8, '2019-01-12 14:12:09', 0),
(5416, 9, 10, '2019-01-12 14:12:10', 0),
(5417, 10, 6, '2019-01-12 14:12:10', 0),
(5418, 10, 7, '2019-01-12 14:12:11', 0),
(5419, 10, 8, '2019-01-12 14:12:11', 0),
(5420, 10, 9, '2019-01-12 14:12:12', 0),
(5421, 6, 7, '2019-01-13 14:12:02', 0),
(5422, 6, 8, '2019-01-13 14:12:02', 0),
(5423, 6, 9, '2019-01-13 14:12:03', 0),
(5424, 6, 10, '2019-01-13 14:12:03', 0),
(5425, 7, 6, '2019-01-13 14:12:04', 0),
(5426, 7, 8, '2019-01-13 14:12:04', 0),
(5427, 7, 9, '2019-01-13 14:12:05', 0),
(5428, 7, 10, '2019-01-13 14:12:05', 0),
(5429, 8, 6, '2019-01-13 14:12:06', 0),
(5430, 8, 7, '2019-01-13 14:12:06', 0),
(5431, 8, 9, '2019-01-13 14:12:07', 0),
(5432, 8, 10, '2019-01-13 14:12:07', 0),
(5433, 9, 6, '2019-01-13 14:12:08', 0),
(5434, 9, 7, '2019-01-13 14:12:08', 0),
(5435, 9, 8, '2019-01-13 14:12:09', 0),
(5436, 9, 10, '2019-01-13 14:12:10', 0),
(5437, 10, 6, '2019-01-13 14:12:10', 0),
(5438, 10, 7, '2019-01-13 14:12:11', 0),
(5439, 10, 8, '2019-01-13 14:12:11', 0),
(5440, 10, 9, '2019-01-13 14:12:12', 0),
(5441, 6, 7, '2019-01-14 14:12:02', 0),
(5442, 6, 8, '2019-01-14 14:12:02', 0),
(5443, 6, 9, '2019-01-14 14:12:03', 0),
(5444, 6, 10, '2019-01-14 14:12:04', 0),
(5445, 7, 6, '2019-01-14 14:12:04', 0),
(5446, 7, 8, '2019-01-14 14:12:05', 0),
(5447, 7, 9, '2019-01-14 14:12:05', 0),
(5448, 7, 10, '2019-01-14 14:12:06', 0),
(5449, 8, 6, '2019-01-14 14:12:06', 0),
(5450, 8, 7, '2019-01-14 14:12:07', 0),
(5451, 8, 9, '2019-01-14 14:12:08', 0),
(5452, 8, 10, '2019-01-14 14:12:08', 0),
(5453, 9, 6, '2019-01-14 14:12:09', 0),
(5454, 9, 7, '2019-01-14 14:12:09', 0),
(5455, 9, 8, '2019-01-14 14:12:10', 0),
(5456, 9, 10, '2019-01-14 14:12:10', 0),
(5457, 10, 6, '2019-01-14 14:12:11', 0),
(5458, 10, 7, '2019-01-14 14:12:11', 0),
(5459, 10, 8, '2019-01-14 14:12:12', 0),
(5460, 10, 9, '2019-01-14 14:12:13', 0),
(5461, 6, 7, '2019-01-15 14:12:02', 0),
(5462, 6, 8, '2019-01-15 14:12:02', 0),
(5463, 6, 9, '2019-01-15 14:12:03', 0),
(5464, 6, 10, '2019-01-15 14:12:04', 0),
(5465, 7, 6, '2019-01-15 14:12:04', 0),
(5466, 7, 8, '2019-01-15 14:12:05', 0),
(5467, 7, 9, '2019-01-15 14:12:05', 0),
(5468, 7, 10, '2019-01-15 14:12:06', 0),
(5469, 8, 6, '2019-01-15 14:12:06', 0),
(5470, 8, 7, '2019-01-15 14:12:07', 0),
(5471, 8, 9, '2019-01-15 14:12:07', 0),
(5472, 8, 10, '2019-01-15 14:12:08', 0),
(5473, 9, 6, '2019-01-15 14:12:08', 0),
(5474, 9, 7, '2019-01-15 14:12:09', 0),
(5475, 9, 8, '2019-01-15 14:12:09', 0),
(5476, 9, 10, '2019-01-15 14:12:10', 0),
(5477, 10, 6, '2019-01-15 14:12:10', 0),
(5478, 10, 7, '2019-01-15 14:12:11', 0),
(5479, 10, 8, '2019-01-15 14:12:11', 0),
(5480, 10, 9, '2019-01-15 14:12:12', 0),
(5481, 6, 7, '2019-01-16 14:12:01', 0),
(5482, 6, 8, '2019-01-16 14:12:02', 0),
(5483, 6, 9, '2019-01-16 14:12:02', 0),
(5484, 6, 10, '2019-01-16 14:12:03', 0),
(5485, 7, 6, '2019-01-16 14:12:03', 0),
(5486, 7, 8, '2019-01-16 14:12:04', 0),
(5487, 7, 9, '2019-01-16 14:12:04', 0),
(5488, 7, 10, '2019-01-16 14:12:05', 0),
(5489, 8, 6, '2019-01-16 14:12:06', 0),
(5490, 8, 7, '2019-01-16 14:12:06', 0),
(5491, 8, 9, '2019-01-16 14:12:07', 0),
(5492, 8, 10, '2019-01-16 14:12:07', 0),
(5493, 9, 6, '2019-01-16 14:12:08', 0),
(5494, 9, 7, '2019-01-16 14:12:08', 0),
(5495, 9, 8, '2019-01-16 14:12:09', 0),
(5496, 9, 10, '2019-01-16 14:12:09', 0),
(5497, 10, 6, '2019-01-16 14:12:10', 0),
(5498, 10, 7, '2019-01-16 14:12:10', 0),
(5499, 10, 8, '2019-01-16 14:12:11', 0),
(5500, 10, 9, '2019-01-16 14:12:11', 0),
(5501, 6, 7, '2019-01-17 14:12:02', 0),
(5502, 6, 8, '2019-01-17 14:12:02', 0),
(5503, 6, 9, '2019-01-17 14:12:03', 0),
(5504, 6, 10, '2019-01-17 14:12:03', 0),
(5505, 7, 6, '2019-01-17 14:12:04', 0),
(5506, 7, 8, '2019-01-17 14:12:04', 0),
(5507, 7, 9, '2019-01-17 14:12:05', 0),
(5508, 7, 10, '2019-01-17 14:12:05', 0),
(5509, 8, 6, '2019-01-17 14:12:06', 0),
(5510, 8, 7, '2019-01-17 14:12:06', 0),
(5511, 8, 9, '2019-01-17 14:12:07', 0),
(5512, 8, 10, '2019-01-17 14:12:08', 0),
(5513, 9, 6, '2019-01-17 14:12:08', 0),
(5514, 9, 7, '2019-01-17 14:12:09', 0),
(5515, 9, 8, '2019-01-17 14:12:09', 0),
(5516, 9, 10, '2019-01-17 14:12:10', 0),
(5517, 10, 6, '2019-01-17 14:12:10', 0),
(5518, 10, 7, '2019-01-17 14:12:11', 0),
(5519, 10, 8, '2019-01-17 14:12:11', 0),
(5520, 10, 9, '2019-01-17 14:12:12', 0),
(5521, 6, 7, '2019-01-18 14:12:02', 0),
(5522, 6, 8, '2019-01-18 14:12:03', 0),
(5523, 6, 9, '2019-01-18 14:12:03', 0),
(5524, 6, 10, '2019-01-18 14:12:04', 0),
(5525, 7, 6, '2019-01-18 14:12:04', 0),
(5526, 7, 8, '2019-01-18 14:12:05', 0),
(5527, 7, 9, '2019-01-18 14:12:05', 0),
(5528, 7, 10, '2019-01-18 14:12:06', 0),
(5529, 8, 6, '2019-01-18 14:12:06', 0),
(5530, 8, 7, '2019-01-18 14:12:07', 0),
(5531, 8, 9, '2019-01-18 14:12:08', 0),
(5532, 8, 10, '2019-01-18 14:12:08', 0),
(5533, 9, 6, '2019-01-18 14:12:09', 0),
(5534, 9, 7, '2019-01-18 14:12:09', 0),
(5535, 9, 8, '2019-01-18 14:12:10', 0),
(5536, 9, 10, '2019-01-18 14:12:10', 0),
(5537, 10, 6, '2019-01-18 14:12:11', 0),
(5538, 10, 7, '2019-01-18 14:12:11', 0),
(5539, 10, 8, '2019-01-18 14:12:12', 0),
(5540, 10, 9, '2019-01-18 14:12:12', 0),
(5541, 6, 7, '2019-01-19 14:12:02', 0),
(5542, 6, 8, '2019-01-19 14:12:03', 0),
(5543, 6, 9, '2019-01-19 14:12:03', 0),
(5544, 6, 10, '2019-01-19 14:12:04', 0),
(5545, 7, 6, '2019-01-19 14:12:04', 0),
(5546, 7, 8, '2019-01-19 14:12:05', 0),
(5547, 7, 9, '2019-01-19 14:12:05', 0),
(5548, 7, 10, '2019-01-19 14:12:06', 0),
(5549, 8, 6, '2019-01-19 14:12:06', 0),
(5550, 8, 7, '2019-01-19 14:12:07', 0),
(5551, 8, 9, '2019-01-19 14:12:07', 0),
(5552, 8, 10, '2019-01-19 14:12:08', 0),
(5553, 9, 6, '2019-01-19 14:12:08', 0),
(5554, 9, 7, '2019-01-19 14:12:09', 0),
(5555, 9, 8, '2019-01-19 14:12:09', 0),
(5556, 9, 10, '2019-01-19 14:12:10', 0),
(5557, 10, 6, '2019-01-19 14:12:11', 0),
(5558, 10, 7, '2019-01-19 14:12:11', 0),
(5559, 10, 8, '2019-01-19 14:12:12', 0),
(5560, 10, 9, '2019-01-19 14:12:12', 0),
(5561, 6, 7, '2019-01-20 14:12:02', 0),
(5562, 6, 8, '2019-01-20 14:12:02', 0),
(5563, 6, 9, '2019-01-20 14:12:03', 0),
(5564, 6, 10, '2019-01-20 14:12:03', 0),
(5565, 7, 6, '2019-01-20 14:12:04', 0),
(5566, 7, 8, '2019-01-20 14:12:04', 0),
(5567, 7, 9, '2019-01-20 14:12:05', 0),
(5568, 7, 10, '2019-01-20 14:12:05', 0),
(5569, 8, 6, '2019-01-20 14:12:06', 0),
(5570, 8, 7, '2019-01-20 14:12:07', 0),
(5571, 8, 9, '2019-01-20 14:12:07', 0),
(5572, 8, 10, '2019-01-20 14:12:08', 0),
(5573, 9, 6, '2019-01-20 14:12:08', 0),
(5574, 9, 7, '2019-01-20 14:12:09', 0),
(5575, 9, 8, '2019-01-20 14:12:09', 0),
(5576, 9, 10, '2019-01-20 14:12:10', 0),
(5577, 10, 6, '2019-01-20 14:12:10', 0),
(5578, 10, 7, '2019-01-20 14:12:11', 0),
(5579, 10, 8, '2019-01-20 14:12:11', 0),
(5580, 10, 9, '2019-01-20 14:12:12', 0),
(5581, 6, 7, '2019-01-21 14:12:01', 0),
(5582, 6, 8, '2019-01-21 14:12:02', 0),
(5583, 6, 9, '2019-01-21 14:12:03', 0),
(5584, 6, 10, '2019-01-21 14:12:03', 0),
(5585, 7, 6, '2019-01-21 14:12:04', 0),
(5586, 7, 8, '2019-01-21 14:12:04', 0),
(5587, 7, 9, '2019-01-21 14:12:05', 0),
(5588, 7, 10, '2019-01-21 14:12:05', 0),
(5589, 8, 6, '2019-01-21 14:12:06', 0),
(5590, 8, 7, '2019-01-21 14:12:06', 0),
(5591, 8, 9, '2019-01-21 14:12:07', 0),
(5592, 8, 10, '2019-01-21 14:12:07', 0),
(5593, 9, 6, '2019-01-21 14:12:08', 0),
(5594, 9, 7, '2019-01-21 14:12:08', 0),
(5595, 9, 8, '2019-01-21 14:12:09', 0),
(5596, 9, 10, '2019-01-21 14:12:09', 0),
(5597, 10, 6, '2019-01-21 14:12:10', 0),
(5598, 10, 7, '2019-01-21 14:12:10', 0),
(5599, 10, 8, '2019-01-21 14:12:11', 0),
(5600, 10, 9, '2019-01-21 14:12:12', 0),
(5601, 6, 7, '2019-01-22 14:12:02', 0),
(5602, 6, 8, '2019-01-22 14:12:03', 0),
(5603, 6, 9, '2019-01-22 14:12:03', 0),
(5604, 6, 10, '2019-01-22 14:12:04', 0),
(5605, 7, 6, '2019-01-22 14:12:04', 0),
(5606, 7, 8, '2019-01-22 14:12:05', 0),
(5607, 7, 9, '2019-01-22 14:12:06', 0),
(5608, 7, 10, '2019-01-22 14:12:06', 0),
(5609, 8, 6, '2019-01-22 14:12:07', 0),
(5610, 8, 7, '2019-01-22 14:12:07', 0),
(5611, 8, 9, '2019-01-22 14:12:08', 0),
(5612, 8, 10, '2019-01-22 14:12:09', 0),
(5613, 9, 6, '2019-01-22 14:12:09', 0),
(5614, 9, 7, '2019-01-22 14:12:10', 0),
(5615, 9, 8, '2019-01-22 14:12:10', 0),
(5616, 9, 10, '2019-01-22 14:12:11', 0),
(5617, 10, 6, '2019-01-22 14:12:12', 0),
(5618, 10, 7, '2019-01-22 14:12:12', 0),
(5619, 10, 8, '2019-01-22 14:12:13', 0),
(5620, 10, 9, '2019-01-22 14:12:13', 0),
(5621, 6, 7, '2019-01-23 14:12:02', 0),
(5622, 6, 8, '2019-01-23 14:12:03', 0),
(5623, 6, 9, '2019-01-23 14:12:03', 0),
(5624, 6, 10, '2019-01-23 14:12:04', 0),
(5625, 7, 6, '2019-01-23 14:12:04', 0),
(5626, 7, 8, '2019-01-23 14:12:05', 0),
(5627, 7, 9, '2019-01-23 14:12:05', 0),
(5628, 7, 10, '2019-01-23 14:12:06', 0),
(5629, 8, 6, '2019-01-23 14:12:06', 0),
(5630, 8, 7, '2019-01-23 14:12:07', 0),
(5631, 8, 9, '2019-01-23 14:12:07', 0),
(5632, 8, 10, '2019-01-23 14:12:08', 0),
(5633, 9, 6, '2019-01-23 14:12:09', 0),
(5634, 9, 7, '2019-01-23 14:12:09', 0),
(5635, 9, 8, '2019-01-23 14:12:10', 0),
(5636, 9, 10, '2019-01-23 14:12:19', 0),
(5637, 10, 6, '2019-01-23 14:12:19', 0),
(5638, 10, 7, '2019-01-23 14:12:20', 0),
(5639, 10, 8, '2019-01-23 14:12:20', 0),
(5640, 10, 9, '2019-01-23 14:12:21', 0),
(5641, 6, 7, '2019-01-24 14:12:02', 0),
(5642, 6, 8, '2019-01-24 14:12:03', 0),
(5643, 6, 9, '2019-01-24 14:12:03', 0),
(5644, 6, 10, '2019-01-24 14:12:04', 0),
(5645, 7, 6, '2019-01-24 14:12:04', 0),
(5646, 7, 8, '2019-01-24 14:12:05', 0),
(5647, 7, 9, '2019-01-24 14:12:05', 0),
(5648, 7, 10, '2019-01-24 14:12:06', 0),
(5649, 8, 6, '2019-01-24 14:12:06', 0),
(5650, 8, 7, '2019-01-24 14:12:07', 0),
(5651, 8, 9, '2019-01-24 14:12:08', 0),
(5652, 8, 10, '2019-01-24 14:12:08', 0),
(5653, 9, 6, '2019-01-24 14:12:09', 0),
(5654, 9, 7, '2019-01-24 14:12:09', 0),
(5655, 9, 8, '2019-01-24 14:12:10', 0),
(5656, 9, 10, '2019-01-24 14:12:10', 0),
(5657, 10, 6, '2019-01-24 14:12:11', 0),
(5658, 10, 7, '2019-01-24 14:12:12', 0),
(5659, 10, 8, '2019-01-24 14:12:12', 0),
(5660, 10, 9, '2019-01-24 14:12:13', 0),
(5661, 6, 7, '2019-01-25 14:12:02', 0),
(5662, 6, 8, '2019-01-25 14:12:03', 0),
(5663, 6, 9, '2019-01-25 14:12:03', 0),
(5664, 6, 10, '2019-01-25 14:12:04', 0),
(5665, 7, 6, '2019-01-25 14:12:05', 0),
(5666, 7, 8, '2019-01-25 14:12:05', 0),
(5667, 7, 9, '2019-01-25 14:12:06', 0),
(5668, 7, 10, '2019-01-25 14:12:06', 0),
(5669, 8, 6, '2019-01-25 14:12:07', 0),
(5670, 8, 7, '2019-01-25 14:12:07', 0),
(5671, 8, 9, '2019-01-25 14:12:08', 0),
(5672, 8, 10, '2019-01-25 14:12:08', 0),
(5673, 9, 6, '2019-01-25 14:12:09', 0),
(5674, 9, 7, '2019-01-25 14:12:09', 0),
(5675, 9, 8, '2019-01-25 14:12:10', 0),
(5676, 9, 10, '2019-01-25 14:12:11', 0),
(5677, 10, 6, '2019-01-25 14:12:11', 0),
(5678, 10, 7, '2019-01-25 14:12:12', 0),
(5679, 10, 8, '2019-01-25 14:12:12', 0),
(5680, 10, 9, '2019-01-25 14:12:13', 0),
(5681, 6, 7, '2019-01-26 14:12:02', 0),
(5682, 6, 8, '2019-01-26 14:12:03', 0),
(5683, 6, 9, '2019-01-26 14:12:03', 0),
(5684, 6, 10, '2019-01-26 14:12:04', 0),
(5685, 7, 6, '2019-01-26 14:12:05', 0),
(5686, 7, 8, '2019-01-26 14:12:05', 0),
(5687, 7, 9, '2019-01-26 14:12:06', 0),
(5688, 7, 10, '2019-01-26 14:12:06', 0),
(5689, 8, 6, '2019-01-26 14:12:07', 0),
(5690, 8, 7, '2019-01-26 14:12:07', 0),
(5691, 8, 9, '2019-01-26 14:12:08', 0),
(5692, 8, 10, '2019-01-26 14:12:08', 0),
(5693, 9, 6, '2019-01-26 14:12:09', 0),
(5694, 9, 7, '2019-01-26 14:12:10', 0),
(5695, 9, 8, '2019-01-26 14:12:10', 0),
(5696, 9, 10, '2019-01-26 14:12:11', 0),
(5697, 10, 6, '2019-01-26 14:12:11', 0),
(5698, 10, 7, '2019-01-26 14:12:12', 0),
(5699, 10, 8, '2019-01-26 14:12:13', 0),
(5700, 10, 9, '2019-01-26 14:12:13', 0),
(5701, 6, 7, '2019-01-27 14:12:02', 0),
(5702, 6, 8, '2019-01-27 14:12:02', 0),
(5703, 6, 9, '2019-01-27 14:12:03', 0),
(5704, 6, 10, '2019-01-27 14:12:04', 0),
(5705, 7, 6, '2019-01-27 14:12:04', 0),
(5706, 7, 8, '2019-01-27 14:12:05', 0),
(5707, 7, 9, '2019-01-27 14:12:05', 0),
(5708, 7, 10, '2019-01-27 14:12:06', 0),
(5709, 8, 6, '2019-01-27 14:12:07', 0),
(5710, 8, 7, '2019-01-27 14:12:07', 0),
(5711, 8, 9, '2019-01-27 14:12:08', 0),
(5712, 8, 10, '2019-01-27 14:12:08', 0),
(5713, 9, 6, '2019-01-27 14:12:09', 0),
(5714, 9, 7, '2019-01-27 14:12:09', 0),
(5715, 9, 8, '2019-01-27 14:12:10', 0),
(5716, 9, 10, '2019-01-27 14:12:11', 0),
(5717, 10, 6, '2019-01-27 14:12:11', 0),
(5718, 10, 7, '2019-01-27 14:12:12', 0),
(5719, 10, 8, '2019-01-27 14:12:12', 0),
(5720, 10, 9, '2019-01-27 14:12:13', 0),
(5721, 6, 7, '2019-01-28 14:12:02', 0),
(5722, 6, 8, '2019-01-28 14:12:03', 0),
(5723, 6, 9, '2019-01-28 14:12:03', 0),
(5724, 6, 10, '2019-01-28 14:12:04', 0),
(5725, 7, 6, '2019-01-28 14:12:05', 0),
(5726, 7, 8, '2019-01-28 14:12:05', 0),
(5727, 7, 9, '2019-01-28 14:12:06', 0),
(5728, 7, 10, '2019-01-28 14:12:06', 0),
(5729, 8, 6, '2019-01-28 14:12:07', 0),
(5730, 8, 7, '2019-01-28 14:12:08', 0),
(5731, 8, 9, '2019-01-28 14:12:08', 0),
(5732, 8, 10, '2019-01-28 14:12:09', 0),
(5733, 9, 6, '2019-01-28 14:12:09', 0),
(5734, 9, 7, '2019-01-28 14:12:10', 0),
(5735, 9, 8, '2019-01-28 14:12:10', 0),
(5736, 9, 10, '2019-01-28 14:12:11', 0),
(5737, 10, 6, '2019-01-28 14:12:12', 0),
(5738, 10, 7, '2019-01-28 14:12:12', 0),
(5739, 10, 8, '2019-01-28 14:12:13', 0),
(5740, 10, 9, '2019-01-28 14:12:13', 0),
(5741, 6, 7, '2019-01-29 14:12:02', 0),
(5742, 6, 8, '2019-01-29 14:12:03', 0),
(5743, 6, 9, '2019-01-29 14:12:03', 0),
(5744, 6, 10, '2019-01-29 14:12:04', 0),
(5745, 7, 6, '2019-01-29 14:12:04', 0),
(5746, 7, 8, '2019-01-29 14:12:05', 0),
(5747, 7, 9, '2019-01-29 14:12:06', 0),
(5748, 7, 10, '2019-01-29 14:12:06', 0);
INSERT INTO `waluty_notowania` (`id`, `id_waluta_pierwsza`, `id_waluta_druga`, `czas`, `cena`) VALUES
(5749, 8, 6, '2019-01-29 14:12:07', 0),
(5750, 8, 7, '2019-01-29 14:12:07', 0),
(5751, 8, 9, '2019-01-29 14:12:08', 0),
(5752, 8, 10, '2019-01-29 14:12:09', 0),
(5753, 9, 6, '2019-01-29 14:12:09', 0),
(5754, 9, 7, '2019-01-29 14:12:10', 0),
(5755, 9, 8, '2019-01-29 14:12:10', 0),
(5756, 9, 10, '2019-01-29 14:12:11', 0),
(5757, 10, 6, '2019-01-29 14:12:11', 0),
(5758, 10, 7, '2019-01-29 14:12:12', 0),
(5759, 10, 8, '2019-01-29 14:12:12', 0),
(5760, 10, 9, '2019-01-29 14:12:13', 0),
(5761, 6, 7, '2019-01-30 14:12:02', 0),
(5762, 6, 8, '2019-01-30 14:12:02', 0),
(5763, 6, 9, '2019-01-30 14:12:03', 0),
(5764, 6, 10, '2019-01-30 14:12:03', 0),
(5765, 7, 6, '2019-01-30 14:12:04', 0),
(5766, 7, 8, '2019-01-30 14:12:05', 0),
(5767, 7, 9, '2019-01-30 14:12:05', 0),
(5768, 7, 10, '2019-01-30 14:12:06', 0),
(5769, 8, 6, '2019-01-30 14:12:06', 0),
(5770, 8, 7, '2019-01-30 14:12:07', 0),
(5771, 8, 9, '2019-01-30 14:12:08', 0),
(5772, 8, 10, '2019-01-30 14:12:08', 0),
(5773, 9, 6, '2019-01-30 14:12:09', 0),
(5774, 9, 7, '2019-01-30 14:12:09', 0),
(5775, 9, 8, '2019-01-30 14:12:10', 0),
(5776, 9, 10, '2019-01-30 14:12:10', 0),
(5777, 10, 6, '2019-01-30 14:12:11', 0),
(5778, 10, 7, '2019-01-30 14:12:12', 0),
(5779, 10, 8, '2019-01-30 14:12:12', 0),
(5780, 10, 9, '2019-01-30 14:12:13', 0);

--
-- Indeksy dla zrzutw tabel
--

--
-- Indeksy dla tabeli `historia_logowan`
--
ALTER TABLE `historia_logowan`
  ADD PRIMARY KEY (`id`),
  ADD KEY `id_uzytkownika` (`id_uzytkownika`);

--
-- Indeksy dla tabeli `historia_transakcji`
--
ALTER TABLE `historia_transakcji`
  ADD PRIMARY KEY (`id`),
  ADD KEY `id_uzytkownika` (`id_uzytkownika`),
  ADD KEY `transakcja` (`typ_transakcji`,`id_transakcji`(191)),
  ADD KEY `id_transakcji` (`id_transakcji`(191));

--
-- Indeksy dla tabeli `historia_transakcji_akcje`
--
ALTER TABLE `historia_transakcji_akcje`
  ADD KEY `id` (`id`),
  ADD KEY `historia_transakcji_akcje_fk1` (`id_uzytkownika`),
  ADD KEY `historia_transakcji_akcje_fk2` (`id_spolki`);

--
-- Indeksy dla tabeli `historia_transakcji_waluty`
--
ALTER TABLE `historia_transakcji_waluty`
  ADD KEY `id` (`id`),
  ADD KEY `historia_transakcji_waluty_fk1` (`id_uzytkownika`),
  ADD KEY `historia_transakcji_waluty_fk2` (`id_waluty`);

--
-- Indeksy dla tabeli `indeks_gieldowy`
--
ALTER TABLE `indeks_gieldowy`
  ADD PRIMARY KEY (`id`);

--
-- Indeksy dla tabeli `notowania_gieldowe`
--
ALTER TABLE `notowania_gieldowe`
  ADD PRIMARY KEY (`id`),
  ADD KEY `id_spolki` (`id_spolki`);

--
-- Indeksy dla tabeli `notowania_gieldowe_historia`
--
ALTER TABLE `notowania_gieldowe_historia`
  ADD PRIMARY KEY (`id`),
  ADD KEY `id_spolki` (`id_spolki`);

--
-- Indeksy dla tabeli `panstwa`
--
ALTER TABLE `panstwa`
  ADD PRIMARY KEY (`id`);

--
-- Indeksy dla tabeli `spolki_gieldowe`
--
ALTER TABLE `spolki_gieldowe`
  ADD PRIMARY KEY (`id`),
  ADD KEY `id_indeks_gieldowy` (`id_indeks_gieldowy`);

--
-- Indeksy dla tabeli `strona_funkcje`
--
ALTER TABLE `strona_funkcje`
  ADD PRIMARY KEY (`id`),
  ADD UNIQUE KEY `nazwa` (`nazwa`);

--
-- Indeksy dla tabeli `strona_role`
--
ALTER TABLE `strona_role`
  ADD PRIMARY KEY (`id`),
  ADD KEY `typ_uzytkownika` (`typ_uzytkownika`);

--
-- Indeksy dla tabeli `uzytkownicy`
--
ALTER TABLE `uzytkownicy`
  ADD PRIMARY KEY (`id`),
  ADD UNIQUE KEY `email` (`email`),
  ADD UNIQUE KEY `nazwa_uzytkownika` (`nazwa_uzytkownika`);

--
-- Indeksy dla tabeli `uzytkownicy_adres`
--
ALTER TABLE `uzytkownicy_adres`
  ADD PRIMARY KEY (`id`),
  ADD KEY `idx_uzytkownicy_adres_uzytkownicy_id` (`uzytkownicy_id`),
  ADD KEY `idx_uzytkownicy_adres_panstwo_zamieszkania` (`panstwo_zamieszkania`);

--
-- Indeksy dla tabeli `uzytkownicy_akcje`
--
ALTER TABLE `uzytkownicy_akcje`
  ADD PRIMARY KEY (`id`),
  ADD KEY `id_spolki` (`id_spolki`),
  ADD KEY `id_uzytkownika` (`id_uzytkownika`);

--
-- Indeksy dla tabeli `uzytkownicy_funkcje`
--
ALTER TABLE `uzytkownicy_funkcje`
  ADD PRIMARY KEY (`id`),
  ADD KEY `id_uzytkownika` (`id_uzytkownika`),
  ADD KEY `id_funkcji` (`id_funkcji`);

--
-- Indeksy dla tabeli `uzytkownicy_portfel`
--
ALTER TABLE `uzytkownicy_portfel`
  ADD PRIMARY KEY (`id`),
  ADD KEY `id_uzytkownika` (`id_uzytkownika`),
  ADD KEY `id_waluty` (`id_waluty`);

--
-- Indeksy dla tabeli `uzytkownicy_role`
--
ALTER TABLE `uzytkownicy_role`
  ADD PRIMARY KEY (`id`),
  ADD KEY `id_uzytkownika` (`id_uzytkownika`),
  ADD KEY `id_roli` (`id_roli`);

--
-- Indeksy dla tabeli `waluty`
--
ALTER TABLE `waluty`
  ADD PRIMARY KEY (`id`),
  ADD KEY `id_panstwo_wydajace` (`id_panstwo_wydajace`);

--
-- Indeksy dla tabeli `waluty_notowania`
--
ALTER TABLE `waluty_notowania`
  ADD PRIMARY KEY (`id`),
  ADD KEY `id_waluta_pierwsza` (`id_waluta_pierwsza`),
  ADD KEY `id_waluta_druga` (`id_waluta_druga`);

--
-- AUTO_INCREMENT for dumped tables
--

--
-- AUTO_INCREMENT dla tabeli `historia_logowan`
--
ALTER TABLE `historia_logowan`
  MODIFY `id` int(11) NOT NULL AUTO_INCREMENT, AUTO_INCREMENT=21;

--
-- AUTO_INCREMENT dla tabeli `historia_transakcji`
--
ALTER TABLE `historia_transakcji`
  MODIFY `id` int(11) NOT NULL AUTO_INCREMENT, AUTO_INCREMENT=11;

--
-- AUTO_INCREMENT dla tabeli `historia_transakcji_akcje`
--
ALTER TABLE `historia_transakcji_akcje`
  MODIFY `id` int(11) NOT NULL AUTO_INCREMENT, AUTO_INCREMENT=310;

--
-- AUTO_INCREMENT dla tabeli `historia_transakcji_waluty`
--
ALTER TABLE `historia_transakcji_waluty`
  MODIFY `id` int(11) NOT NULL AUTO_INCREMENT, AUTO_INCREMENT=890;

--
-- AUTO_INCREMENT dla tabeli `indeks_gieldowy`
--
ALTER TABLE `indeks_gieldowy`
  MODIFY `id` int(11) NOT NULL AUTO_INCREMENT, AUTO_INCREMENT=5;

--
-- AUTO_INCREMENT dla tabeli `notowania_gieldowe`
--
ALTER TABLE `notowania_gieldowe`
  MODIFY `id` int(11) NOT NULL AUTO_INCREMENT, AUTO_INCREMENT=13;

--
-- AUTO_INCREMENT dla tabeli `notowania_gieldowe_historia`
--
ALTER TABLE `notowania_gieldowe_historia`
  MODIFY `id` int(11) NOT NULL AUTO_INCREMENT, AUTO_INCREMENT=310;

--
-- AUTO_INCREMENT dla tabeli `spolki_gieldowe`
--
ALTER TABLE `spolki_gieldowe`
  MODIFY `id` int(11) NOT NULL AUTO_INCREMENT, AUTO_INCREMENT=11;

--
-- AUTO_INCREMENT dla tabeli `strona_funkcje`
--
ALTER TABLE `strona_funkcje`
  MODIFY `id` int(11) NOT NULL AUTO_INCREMENT, AUTO_INCREMENT=44;

--
-- AUTO_INCREMENT dla tabeli `strona_role`
--
ALTER TABLE `strona_role`
  MODIFY `id` int(11) NOT NULL AUTO_INCREMENT, AUTO_INCREMENT=17;

--
-- AUTO_INCREMENT dla tabeli `uzytkownicy`
--
ALTER TABLE `uzytkownicy`
  MODIFY `id` int(11) NOT NULL AUTO_INCREMENT, AUTO_INCREMENT=11643;

--
-- AUTO_INCREMENT dla tabeli `uzytkownicy_adres`
--
ALTER TABLE `uzytkownicy_adres`
  MODIFY `id` int(11) NOT NULL AUTO_INCREMENT, AUTO_INCREMENT=11638;

--
-- AUTO_INCREMENT dla tabeli `uzytkownicy_akcje`
--
ALTER TABLE `uzytkownicy_akcje`
  MODIFY `id` int(11) NOT NULL AUTO_INCREMENT, AUTO_INCREMENT=179;

--
-- AUTO_INCREMENT dla tabeli `uzytkownicy_funkcje`
--
ALTER TABLE `uzytkownicy_funkcje`
  MODIFY `id` int(11) NOT NULL AUTO_INCREMENT, AUTO_INCREMENT=7;

--
-- AUTO_INCREMENT dla tabeli `uzytkownicy_portfel`
--
ALTER TABLE `uzytkownicy_portfel`
  MODIFY `id` int(11) NOT NULL AUTO_INCREMENT, AUTO_INCREMENT=239;

--
-- AUTO_INCREMENT dla tabeli `uzytkownicy_role`
--
ALTER TABLE `uzytkownicy_role`
  MODIFY `id` int(11) NOT NULL AUTO_INCREMENT, AUTO_INCREMENT=11691;

--
-- AUTO_INCREMENT dla tabeli `waluty`
--
ALTER TABLE `waluty`
  MODIFY `id` int(11) NOT NULL AUTO_INCREMENT, AUTO_INCREMENT=11;

--
-- AUTO_INCREMENT dla tabeli `waluty_notowania`
--
ALTER TABLE `waluty_notowania`
  MODIFY `id` int(11) NOT NULL AUTO_INCREMENT, AUTO_INCREMENT=5781;

--
-- Ograniczenia dla zrzutw tabel
--

--
-- Ograniczenia dla tabeli `historia_logowan`
--
ALTER TABLE `historia_logowan`
  ADD CONSTRAINT `historia_logowan_ibfk_1` FOREIGN KEY (`id_uzytkownika`) REFERENCES `uzytkownicy` (`id`);

--
-- Ograniczenia dla tabeli `historia_transakcji`
--
ALTER TABLE `historia_transakcji`
  ADD CONSTRAINT `historia_transakcji_ibfk_1` FOREIGN KEY (`id_uzytkownika`) REFERENCES `uzytkownicy` (`id`);

--
-- Ograniczenia dla tabeli `historia_transakcji_akcje`
--
ALTER TABLE `historia_transakcji_akcje`
  ADD CONSTRAINT `historia_transakcji_akcje_fk1` FOREIGN KEY (`id_uzytkownika`) REFERENCES `uzytkownicy` (`id`),
  ADD CONSTRAINT `historia_transakcji_akcje_fk2` FOREIGN KEY (`id_spolki`) REFERENCES `spolki_gieldowe` (`id`);

--
-- Ograniczenia dla tabeli `historia_transakcji_waluty`
--
ALTER TABLE `historia_transakcji_waluty`
  ADD CONSTRAINT `historia_transakcji_waluty_fk1` FOREIGN KEY (`id_uzytkownika`) REFERENCES `uzytkownicy` (`id`),
  ADD CONSTRAINT `historia_transakcji_waluty_fk2` FOREIGN KEY (`id_waluty`) REFERENCES `waluty` (`id`);

--
-- Ograniczenia dla tabeli `notowania_gieldowe`
--
ALTER TABLE `notowania_gieldowe`
  ADD CONSTRAINT `notowania_gieldowe_ibfk_1` FOREIGN KEY (`id_spolki`) REFERENCES `spolki_gieldowe` (`id`);

--
-- Ograniczenia dla tabeli `notowania_gieldowe_historia`
--
ALTER TABLE `notowania_gieldowe_historia`
  ADD CONSTRAINT `notowania_gieldowe_historia_ibfk_1` FOREIGN KEY (`id_spolki`) REFERENCES `spolki_gieldowe` (`id`);

--
-- Ograniczenia dla tabeli `spolki_gieldowe`
--
ALTER TABLE `spolki_gieldowe`
  ADD CONSTRAINT `spolki_gieldowe_ibfk_1` FOREIGN KEY (`id_indeks_gieldowy`) REFERENCES `indeks_gieldowy` (`id`);

--
-- Ograniczenia dla tabeli `uzytkownicy_adres`
--
ALTER TABLE `uzytkownicy_adres`
  ADD CONSTRAINT `uzytkownicy_adres_ibfk_1` FOREIGN KEY (`uzytkownicy_id`) REFERENCES `uzytkownicy` (`id`),
  ADD CONSTRAINT `uzytkownicy_adres_ibfk_2` FOREIGN KEY (`panstwo_zamieszkania`) REFERENCES `panstwa` (`id`);

--
-- Ograniczenia dla tabeli `uzytkownicy_akcje`
--
ALTER TABLE `uzytkownicy_akcje`
  ADD CONSTRAINT `uzytkownicy_akcje_ibfk_1` FOREIGN KEY (`id_spolki`) REFERENCES `spolki_gieldowe` (`id`),
  ADD CONSTRAINT `uzytkownicy_akcje_ibfk_2` FOREIGN KEY (`id_uzytkownika`) REFERENCES `uzytkownicy` (`id`);

--
-- Ograniczenia dla tabeli `uzytkownicy_funkcje`
--
ALTER TABLE `uzytkownicy_funkcje`
  ADD CONSTRAINT `uzytkownicy_funkcje_ibfk_1` FOREIGN KEY (`id_uzytkownika`) REFERENCES `uzytkownicy` (`id`),
  ADD CONSTRAINT `uzytkownicy_funkcje_ibfk_2` FOREIGN KEY (`id_funkcji`) REFERENCES `strona_funkcje` (`id`);

--
-- Ograniczenia dla tabeli `uzytkownicy_portfel`
--
ALTER TABLE `uzytkownicy_portfel`
  ADD CONSTRAINT `uzytkownicy_portfel_ibfk_1` FOREIGN KEY (`id_uzytkownika`) REFERENCES `uzytkownicy` (`id`),
  ADD CONSTRAINT `uzytkownicy_portfel_ibfk_2` FOREIGN KEY (`id_waluty`) REFERENCES `waluty` (`id`);

--
-- Ograniczenia dla tabeli `uzytkownicy_role`
--
ALTER TABLE `uzytkownicy_role`
  ADD CONSTRAINT `uzytkownicy_role_fk1` FOREIGN KEY (`id_roli`) REFERENCES `strona_role` (`id`),
  ADD CONSTRAINT `uzytkownicy_role_fk2` FOREIGN KEY (`id_uzytkownika`) REFERENCES `uzytkownicy` (`id`);

--
-- Ograniczenia dla tabeli `waluty`
--
ALTER TABLE `waluty`
  ADD CONSTRAINT `waluty_ibfk_1` FOREIGN KEY (`id_panstwo_wydajace`) REFERENCES `panstwa` (`id`);

--
-- Ograniczenia dla tabeli `waluty_notowania`
--
ALTER TABLE `waluty_notowania`
  ADD CONSTRAINT `waluty_notowania_ibfk_1` FOREIGN KEY (`id_waluta_pierwsza`) REFERENCES `waluty` (`id`),
  ADD CONSTRAINT `waluty_notowania_ibfk_2` FOREIGN KEY (`id_waluta_druga`) REFERENCES `waluty` (`id`);
COMMIT;

/*!40101 SET CHARACTER_SET_CLIENT=@OLD_CHARACTER_SET_CLIENT */;
/*!40101 SET CHARACTER_SET_RESULTS=@OLD_CHARACTER_SET_RESULTS */;
/*!40101 SET COLLATION_CONNECTION=@OLD_COLLATION_CONNECTION */;
